user_id,experiment_group
MZCoQh8uM5swkkx0,control
JNxcv0bxRDLb7uGl,control
5v8RyWA6PB7po99U,variant
9YR2Z4cKYguiMrdy,control
7nX5iz0btBU7gR8h,control
UInqJXNdb9f1Pd1C,variant
rzRHj9JnEVohnw74,variant
9NupSrU0xzy777SO,control
CoSaygixaRhxkYqh,variant
IIG6ePM5OBgihlHG,control
V2w9xKIRNvAIaIKU,variant
ncaez2nMAioozP7m,control
YFMWZ8FdDKwMSoQC,control
JmFg6YvBbPS940fB,control
BRRtD9k52ByM9Ga4,control
A94ZmOcMfhAi9KGY,variant
PRxo61FFxOZW9W5Z,variant
l9MbcWKW3q6WbbB1,variant
wKFGas9b0RzFfF2d,variant
2k36qLxeZHfvkVpG,control
i76fpCct76Jszcst,variant
FgZOGNMrNakB4yXw,variant
EDPIg7pzV4Z7WbaV,variant
9leKF62iOIsVpctx,variant
13GxZkWhJLNt9IV9,control
yIyCrTrb1Ip8OJGd,control
GnuVt3hgcqGVl6Yv,variant
2vTDLLSY1hAAHuDG,control
BUGe78VsdIWqRBDC,control
T0fI7OKxCWT0EI7G,variant
Z8uFwGcryPE15cNT,control
xXFUvwbAPbzqNGiQ,control
1VMCP2zIXyxm75g4,control
JStahTpnlYwoBHbF,variant
wvYy598v55vWZPfo,variant
1Q7KGh07RReMdfSF,control
ZDUI2NZpmX7PDsq3,control
sB52zKz09wil0a55,control
aUHF91VyNS0ap8Me,variant
vC2clzpYKv4CnBeU,control
WDT9ZelpzzVuMJG9,variant
DKw5j1eJHZEj5s5F,variant
a3eSdpxp2bWBFAtx,control
lXI7GG8YQKlcaGNj,variant
QRCmlETb8YXIwqzh,control
Czjz9HYOgd50XSkC,variant
3Jyu84JjKixIWIVJ,variant
rWMFxw9FKlW2mwyI,variant
ODqW9tVyvm6sWJl8,variant
OsligBnEZs5Up0eI,control
lyZ6uJ0wp4MS0P5M,control
nE5eIwCQkrUlij5R,variant
q8LgTmNPiXA5beCK,control
LshVSavZqgySdJf7,control
Es8R1MAjzsM9cSmX,variant
B95tBh8OMacmB947,variant
Wy3GL0f5RSFS8Uup,variant
1uk7KJIst4rUOWno,variant
Ea011cpw4kljFphL,variant
lxB0h5BJzh57XBBK,variant
OJA1qiG0tmBVCmTI,variant
8frYeUybj3DX6Se2,control
3G1arFUWkuzyv6AW,control
mGHOIauV2fBqeEeL,variant
c0wK0KjjsquniTaY,variant
Smd9aWNFHBEhMz5H,variant
11c6Xla1ReDD64qV,control
UwoKunbkYML7HLXH,control
rDoAYHZ4LGxo7D2P,variant
YqeCdj3qjq7txeHf,variant
0bm9QQVkYU4w2pEk,variant
1phdNd3ycFcACFX8,control
5YsuerBP8vufaeOl,control
zTHWnzSAiz4U4vU3,control
DQV8qzJahWI8ZoU3,control
vnzBwnxbSzn63Ygc,control
UwTQU7Sr5LIYoy2K,variant
BjM4qMvz9Ryqmtyd,control
jcOSrUJUvHUhNWRs,variant
POKfZzH636SfK4G0,variant
vuff2VdDk99DEx2i,control
2cYENKJxEfbtBkdo,variant
f1WD3LY94bokhzYS,variant
Refz1dstGtWlUazn,control
LK9kJmQcGfX3jewj,variant
RbmNbtaKiqikoxL2,control
IDEWe97RXn03kiHl,variant
IIaNv7ChkOKn7DIu,control
Kes6nz9dySPyrNhM,variant
NnFY8LGwoGyqGU2b,variant
n0NNYMYffcgYhPZo,variant
UCGZDMAJCL4G8KA2,control
G9dvbje6jG1LmEUJ,control
SxZ3oCheCUdlSbAE,control
YYJJzQAetk9jNLfh,variant
wUzTQlzmN9ryGUN7,control
QlRJVde3KhPWBE5i,control
1YCnNOvkwaTKuzTJ,control
1w4a12YNouUi0ijZ,control
40zOIZyzkLbgrAHA,variant
qQ6R6Y1xygZf0xGW,control
CQvzBXuWgqtOWt1v,variant
B8NWgaFmDwY63s9F,control
DCWSCDpNsranYUXb,control
1BWXDLYdahC2McFj,control
jsTH7Gw2BFXgCha4,variant
2cxw68h14UKcYGBU,control
hHIFxnF3TQpdZK1u,control
nE2VrgjgGwusV8sJ,control
C7rbaUetkPbcw2lt,variant
eKLDiH0RIZ5vRxqj,control
D36TwFqXYqniNbSy,variant
Mi1vQTdz5CSHwKkf,control
ruPJOLHqKyL5lw0P,variant
vuA4EfANHlS40gjS,variant
qzuB95Tb71QaY0JY,variant
zCukNkJW6MNI1H2U,control
x1ve3G5JUtsIZQq9,control
6SQHizb0iiNqay8Q,variant
NPyMIcXKRRYDLHls,variant
KR66W8qj42WUl9px,variant
shEuqwK1pfhyrylo,control
6zOSzUFjpgqwzuv5,control
gno0giYVhX6wCrED,variant
ZMIr6PMqnExIR7SH,control
cKQNz2wRMo3WdCvy,variant
mrGpSPR9b2IPHD62,variant
mmrFFI6MTZC9WC90,control
R4p3RU4jDyMteaDW,variant
cSn3DXdr9KyVa0To,variant
ioW4xdl65K8KQ7fM,control
3Txk9mHygZd6htC1,control
0YSTjQH4zOW5c3fe,control
e1UwWiIt5W86PIXr,control
9qxcFILm38UyidnK,variant
HkO3c6BCicyHlPio,variant
Nyek6Hx7oLh6eVzr,control
fK7VmBemqXNSF9CY,variant
5c3NHNAmSGfxspNB,variant
G66VOmQSy0PJAL7g,control
eQS54YEwPjFQ0DME,variant
rJbnmClMbFmTAWOq,variant
NEH7xSIVfsDgjOFH,variant
B7oDKCvdtFJXdAql,variant
vqj1avz36rXnUClJ,variant
6IZ8lgCkGfUoFYk5,control
wzHTHCdqImOMo2CC,control
kZFbUntvkAcq9R3B,control
CuUpK6tfs4ec6a57,control
LoH8IWyxlroRpAh7,control
TyqC0hoATXZgcCR0,variant
x75ctToyDngq9RtJ,variant
iLV47v100bxhkmqh,control
urDrTUELFkSyG7LO,variant
hkvYxOql4TFop1vB,control
tGjNFX7GbGGOmDGm,control
ZzvMbLMzT5XoHP2R,variant
WNk8c6fifiMEFOXl,control
hhXB9t9U6gktpdf5,control
vzcO7Pnkr1lwlmyS,variant
Y5s2TJShC202FYRr,variant
frsvKF3O6cBjYI8C,variant
1oGglWDuE58xtKdB,variant
R9t7xXWYFOJ50HJb,variant
oHJfMPYY518lcSrN,control
uoGIzhJVDwPRnnb2,control
KeLSO9178Un3Mytb,control
Mfq6y4BbIKeaNl3J,control
SwUEkjc1npjCjlDO,variant
aethQla41tB4QKUK,variant
lKWW3R3BUofR68tX,control
nbiKtzCa2IfK06eG,variant
WYnlPt0Xx6Q9HyXC,control
4ME3UQXwRLtw9SZp,variant
XP72hXua2hCFLeUv,control
UHa22zQjDXrqzhUN,control
WlAhyTdGasEpn0Ve,variant
Oz9BbXfiGOyVmi0m,variant
EOkdH8LTdLsfHrmO,control
wsSkax91gyuoal5g,variant
ous7CyGWFWIRLzkI,variant
hTnjbTicuzhVbfB0,control
CzyleHVKoRJoQVwf,variant
TXR6QSuwQ2pU07oy,control
JkYodumvsHn8dV0Z,control
TACUBIhpPJDrbWmd,variant
zyDkgERjMmEg3WP8,control
P3Jtd1g1aR3SPU6m,variant
2v1uvBiziojx548P,control
hxpWzAKdXxsJ7Mjy,control
rsJjG2XeUWIRHG2u,variant
qvVKoIBgFkjinm84,control
9ybIgurcP18MOWkM,variant
x7TsdzLPFMSTJNKG,variant
JcihG6fOMdmW7b7e,control
RAFuhLhXc1R85cvf,variant
bwRbLqIHwDZhvR5J,control
emCEU42pP9D42plq,variant
plhtcpDSwBYN1etN,variant
3Ra4DutfvrhMFG0p,control
lLZH8nJGwXSbOubA,variant
4iakcZ9wzdr2fIvQ,variant
ov7KZPlUWPLrSIDx,variant
PDnfcpgZniouIbAb,control
Irntrjyby81GJEna,variant
Tp1T8ZcIOfym0Hhu,variant
HdyodS7lFFBmEntr,variant
C7fFCQ9b7wsEYesH,variant
jyb9kX8E3oiwsiIu,variant
iB9TYgpp7GddMNqK,variant
M7ZCZJ7LMXKZ98Ig,variant
ABvngK8ve92b9Au1,variant
Loujw53MeamuzXSu,control
0rKSFJqIW7kuZ20z,control
9dHZV7rNIOCZCLPu,control
PmWOq3iOab7VCGjX,control
57NuBk2Hh6vhWoq7,control
wxSseFRawKhmh4wQ,variant
aSYxIxqetuN5ETJk,variant
ZosgYBYQ5eeD1Fhj,control
LUFVBqEhNyiboXcW,control
J9dnOOy529XjuJlA,control
Nb1m0FEpFF7Hkjoq,control
Nr2iyN6n75yXvZDt,variant
uRFYTW3uI5FD2MWl,variant
OUrum9u9hTNTgwRF,variant
kvvQyvBCmrbCuoZA,control
XEoYwxRmvQK8G3c1,control
swCDMRUyKUhP5pha,variant
RecadNIFPHQyjuTM,variant
AAbOVmiZJvPz51lq,variant
nn4H04tkpYE2f3sK,control
5dU8dtjx1IzKLu1N,control
MujLTd74Stq2gdCn,control
cxKp52Zd39xHDrsE,variant
77sWTsvxSlD5L0EJ,variant
sVSJD2W2GrZW6B6U,control
k471SGqfdtVUAofU,variant
n7kMizpe4Z8jXcmQ,control
WD91Sfq6SY0sPITz,variant
YeCKtWujeJfzd9MM,control
XIax4JfO1T7R74Et,variant
xyJuDxRPDvBgI2Bn,variant
3jpp1EPymfRiSJ3Q,variant
tr5Q4udXGAgforF3,control
ktxoVguPzR3n4K5u,variant
recwzKxWsYyul48O,control
GX0dP4gv2Gqx88HB,variant
5QOMvWqHfTfHajue,control
bvV4bjHpVY8MvlxU,control
NL76jIYWFgutzdTZ,variant
vo3NuovZBnA8ON5B,control
zWby39chRGPZIfMZ,variant
wy6XQseYk3ljhx7B,control
OJKuh2iUoVTNrP7t,variant
flbgpcScAXQNLGBa,variant
2hKF7VQKdDfT1sFi,variant
lkT2paS20uDmHdBL,control
5E62AeycGdytHz99,variant
eI8BCiZLXfs7R4kb,control
URRiuxHvclBDzVuB,control
3z9GuIZHOYUr5k4w,control
VvqeRkDoAIGt8pHb,variant
IN3BUMfit7ah2wcd,control
5yULouI400TZnJlq,variant
MiI7morYGf6Aw6AH,variant
3TLnJ0h9IsDn6tWy,control
NxnzLwvV4sTYcPsi,variant
BtSgni67247sUZn3,control
L08JNqDiG3Zynk0I,control
O6nDOd6dBhbO8TvO,variant
32pC9WVDlIkTXuue,variant
VtKcRG08i8idIqHx,control
FahSwUNl1lTUoOsz,variant
ZCvNuYLt4CYd2gBB,control
dvlScvRbxHA2Oahw,control
Lfvyrq8lfzAhs7Pa,variant
4CSWINnIVSt3Wm8L,variant
WTW9hQt7GzMu0W9P,control
Q19OixKWOqxuY6M2,variant
OMmkTskmTSaNRslh,control
h80Sl8VGSzMB5ehy,variant
ATwDSUwWUtrrbdDG,control
JrKsUBNtWGl5YoOM,control
bCOjbYkmjnrY1i4M,variant
BctfA0bCLcpDNbqO,variant
9lIQa2SozKu9WEyw,control
x4LBu1QrJIS2i0L5,variant
D7RHFccBRoOwNkVF,control
5641J7GxMH3BKgdK,control
3aaUtsCj7rBIQUEA,variant
9kWWLehHVZ3lLaEd,control
WSXeD3x6ckSdzAT1,variant
QAPYXf68o0DPK58K,control
P7KIwfdr7iWCm6U9,control
ZqSFVvdeKOWmHSv0,control
6wYcPHFSY5WuTRuR,variant
kMdYaBx8ImUHkJY8,variant
qI7rNv4x5sKMuhBe,variant
qKJ1sA0Hk1SUl1u1,control
kMBeq3tOT5lfqYsz,variant
VRRZFf25JLkG9xwo,control
Ak4YXqY0nArBYUUd,control
gSIVihZSqqWGFhsL,control
c6emUT8E2pXFvCvQ,variant
c1jP9uplbOxI3D4D,control
UIsXhzWNgDgcaJyK,variant
aoKmNhe7iaJIbNwi,variant
HTndDELkIhcn7mSF,control
HS8s6LpbNq2HP7pL,control
7bbzm3UE7HMchwn3,control
92A1CM0MaqOD0mus,variant
0s4yvEq2wF9jjJh1,variant
ZtFXnXBTZ0xovDdm,variant
6whrl2EnHr3HkOlW,variant
o4EW5CzrFvLqwxXh,variant
OfeR4CBk4aQsiAHR,variant
dJroYmsWfV3lYKq5,control
wzCG7Ay32jUwuuQm,variant
KGxRkqdUyDiutssl,variant
KPqK1VMBOIUVrnIR,variant
O7gOmrKmJEbpiiLk,variant
13vGJSwSSHixhgJr,control
cBfRRuBN11aJu7QI,control
m4W11j0RU0jTmKLx,control
bvqJnjIycULql1Zx,control
CQyJ57zLat2BpUqN,variant
B5lA10P6UDOHKfgF,variant
F0yG25gZ49lppQ0J,control
mgJUYiFkhGwy3hSv,variant
6dNcCOCHHBmo7wRz,variant
dzNi2e3FtXkoFBvO,variant
q6zRgP4zyj6Sskm0,control
hNdUEBkQaWUZLx17,control
4UEOTXzWXetZOk31,control
GXLAHoF85uTefL9v,control
9rnjTmEDcDfChRSQ,control
RGqVkmXkEBRfOpdI,variant
7V36z94lkKyrsw2L,variant
1rzfdRYC68HqQQ0p,control
bH2hmPhDFJUDaQMq,variant
6txXvCvRiKjJKBBP,control
QuxP7Nb2hVAvKA4C,variant
cRmSjJi132AHYaFy,control
CgWctt0DIIWMAznq,variant
rSZCt0ArdaXa5zSt,variant
Zwj6kOOe5aqvH3SO,variant
Cdek3YuIlzYsS7gU,variant
2gzNeundwPtoXZSC,control
hOVsVMTBT4Ad5oIK,control
acUxAN8JHCxxPdcH,variant
4Ww03ZwSeE909O48,control
471fK4jNgMLu8tcY,variant
vUdBlLYJUOemw5XD,variant
9KyVAYn49V6U1JMp,variant
3vu1uhWp62EPjF6H,variant
9iqkFjv4qdVZUy6u,variant
KLWayYJqOxbNoFM6,variant
faUw5M894qH6OCim,variant
fftZ0cqWlVUS2aqc,control
zoJFFdrWsQZINn5G,variant
nH82dx6Csf4GWNs0,control
aeApfNmV9Islp6Qj,variant
ytEdRwb3vY4Khgn3,variant
2cXp2sYrZph7GWl9,variant
0keAlqfGe4Bne136,control
G9XVOsve6bDUMdGm,control
t1gownws1C3tCxrj,control
O4hz9Cjqbf5eB9Oe,variant
rztOWAWlg6cjHyIp,variant
b7xjLvzQ2MACULtA,variant
O1tRstIUbD0Hvcfo,variant
AjiGFVfO6J67bCda,control
szyj0o6vYVu63vJH,control
DySBaWSdgWiJsajJ,control
iSTPFFfVLqjXA1XI,control
Z6uyBUodC6iAzs3B,control
qQ4OPXtSNMW0wUFZ,control
UG4TeQVHNk8Xc95G,variant
kprDV2jrLsJ6m3Tc,control
jLa23AThYTPqi8fQ,control
yMW7BG1Kir36ub85,variant
Q67L5NJX7QKoBrHv,variant
k54mdvg8Q1xdBoa2,variant
cnLX4aLLuVCeWjBu,control
XgcSUtsIdeadl7A3,control
Pwyu85ZxyS2TF2Fe,control
JTPWP5MpGWu8ifYS,control
IMvO1ePwqlwpcD4v,variant
iCUKwmFTZUVwSq2N,variant
ubKfRrDv1GDq9QFP,control
Yn5jU7YJHiPBknM2,variant
U1s1o9BxhQ8iUG9G,variant
scjNUPaCXHYm1aHC,variant
VUmVW08CMxzqgmez,variant
Wcg5WM0aW9qQy68c,control
oC0QFz7py1Bi33aC,control
4vpOYRY1OgnCssbO,control
Sock0TD4NrYVbFhv,variant
flU4NJoBZ4WSrbmS,variant
1otC6PCcsc1nN629,variant
d67Zk5EQFADQb9Wi,control
BE7H83oVyJhi55KV,variant
S9MF5ZqIKsRC6gBi,control
BfC5qpwEcuzJPK0v,variant
9PlP8mk1phN64NS6,control
bDDljRkopqzbXlYz,variant
wr9FW9L4UcLcD8aD,control
SFBu5TmAJgvjM0oo,control
dFw2fxt5KtlGBhaK,variant
vf8uFIoe73TXVfy3,variant
T63NCgNmLrbhkG18,control
LVAtlQ8EAF8jcSAI,variant
Eop8mWIZk6uY1kD7,control
V0IvLEnxXWFJF2oQ,variant
5Icpeu8jsyd8CsQb,variant
j8QytVswxkTH2Be6,control
eYulXd1WPtLynkFk,control
8rA21r3wkuRewO6y,control
O1jvsagdaoNlvvXU,control
qCTnXtXVG26QolN1,variant
tDLcB3zDmmbKWLbJ,control
1zkhRNQvthCNzDqt,control
Z2pT9QgpS6U3VA0w,control
xiIYtKPqUE24hoE0,variant
DTt7M02lWqPDCsTk,variant
HXgR5H6tXLxjFZoK,variant
tcK94NhNR3wNkThC,variant
D37jMBWJ8mFJKzvd,control
ErLx3wvbE2kBTF9e,control
LjNTxIRV79wqa2EE,variant
P42P03HivmyVrYlN,control
qoPoo2MmqFiNtzAu,variant
rmpilRLs7g4IVrp2,control
Md6yF9NmSqWKfsm4,variant
7znE1d7MhymF6LL3,control
B0DcBcS1HpvF8Lh2,variant
h94fnFIjc6lW6ECe,variant
9ZyOE9u5tMvdmSPX,control
WtZmq1JGaomqx5hX,variant
ASwThh6zU6mMKWBy,control
8p2b1rqDMmFXCTDr,control
mQuDuV2qNsZoiZjR,control
E0wZDG4Zi1UaRIkH,control
piFolGSn44hhA9la,variant
QNP9YkMQEqGF5Cuu,variant
Nw3fvXLKSY1hOWIY,variant
kxWuYbNsMB6qfs3L,variant
BbL2KYZdvzWQJ5mZ,variant
5FqOJ27Ts57ITN36,variant
BaPrVNGlhxpXdLRA,control
iUp3lEx2nSyHc5x9,variant
1PiztNjscxec5ApW,control
oIlO0RzUHwEXtlwd,variant
wV2Va1ybDc5uytWZ,control
vu98GZL8o55TZoTy,control
ux45efWQVRUwdAru,control
BIvNwcNXjyZWh2k8,variant
e5S02K36SLCei6Vb,control
aN7YDkBRlMzm6h88,variant
1B5DiME5u3UH2EZy,variant
la2vNKUaa4P1Puoq,control
vLISph9Uqq1zmqLq,variant
VnSfITnUh8o18AmW,control
E03I7fev5WwyHzUe,variant
ztff6Xrdq4nnmgR2,variant
osQURIqIstJIF5VR,control
Nx88qgQXaIFJmf5n,control
KVoU9dN6pBp9dSzB,control
FSbEc1hxoQEiMSbh,control
g3RYMP84pIDjLrXe,variant
0CM7HQ9SweDf358T,variant
RdCwfFProN5FiKjt,control
fV36cPkQqFddqOse,control
Fv3fIvatvV2km6Pc,control
i7lwnGrW6Oiwjs8U,variant
eUZwDyBHS3VUyjnP,control
4T5D2OynIZVHjIkk,control
uuvSg2q9bl4Pr16k,variant
pWYrI06zpf4RQUUV,control
Pl7mdM1bz6AAohgU,control
2TN7lm9Qq8q3Juhe,control
zpJB1CUlKDwpnjgS,variant
Z78KCcoJUTZsmPuK,control
A2ZCtyfJbvFpre1J,control
DSswHmQ91CJvZZUJ,variant
iMYsLfZUo4tiFdXr,control
etw9kKv5dCRHmPiP,variant
EgdsPDEI4u8EsE0F,control
b6Zjbb7xqFppTM0E,control
Qxak2udgzUXlEqGk,control
BFaUB0PgbPxdRszk,variant
NXQkSclcPAW1bWpb,variant
71DtLByF8j7PNGm3,variant
O1PUK1pSv4tXQAOp,variant
HFzyblNilzijF4HV,variant
tM7baY7Jx1AbE4nb,control
ColKBt8MxujTnKrx,variant
nH5lv3fJSJvnp8J3,control
yFGSJtrLcwFS6p6e,control
duNYnMEnflpqSwn8,variant
gTFoRqO1URHeSAZw,control
N6noQG0EIqBsT19w,control
FNm6tIeiCfyEvbSe,variant
7Ayh2atRwFkMU1xk,variant
C1zpItTca50UaqbC,control
tfhCVYGc7IeARltS,control
tiMdY1sLASQmm74v,variant
BZU0SvQshZhPzVYz,variant
wQmBit3sVMYloE2n,variant
kzPAkLHQsfTZLWPB,control
aINh6Z1U3gkM8dyl,control
zLTlQY0KT0xp4my8,variant
114Z1dkFWgT5kB1O,variant
wSwXBQU4zy1CsGJn,control
nIDBqcpTDZCSoT3y,control
YLP6U01Z5LwyPgvq,variant
rWOjj4gV8XLAZGaR,control
07HdqdQ1zdagDXi8,variant
Ih8xsJXZ6QAFn4rB,control
7CpIU66EdKqMVTzV,variant
MOdDDvkbRlDJrz0g,variant
8a5zwzSffRhxvsKr,control
E9KD4PGjKl1DAMi1,variant
ul2CGQ90obZM0R1r,control
cgQrRLK5GR6E5kd6,control
rdWHCxvbRfPy24u2,control
6pEnMBFBY2Wi5SvF,variant
eweP0F6j6M5ogC6U,variant
csjBCoIflULmCsch,control
h25tUdYucShwpmcV,control
i7nm04gogLHOvxWK,control
RajQpTh3WyXlyq7z,variant
TVnOJ4wQfUeQyr9m,variant
QnBr674BY3AFUiNF,variant
tBGdT4HVczhfpxVM,variant
DSmeyt1rUrbj2SXU,variant
lUmXU42ksIM0zTn1,control
SRxOaYQ2vw31srl2,variant
BB76GsB6Z89WKzIH,control
INpLm9w71vpBVI7S,control
ThR22vuzNuyOafwY,variant
wQQwFDmQrwoGu4Mw,variant
ASRrxYUNYPgXVtAf,control
Ai0S4EuzNVSmWwtK,control
10BqBOby5XOfk48L,control
fSknbNc20IGxsrWZ,control
8xSI9aJySW79QHyp,variant
HCswsyp1YiaPsGHp,variant
RN2rHy8Sfu5fFOVQ,variant
MEPjD4Zr7xZ8iEod,variant
NiSizdqpoI4Ze2et,control
orUbCmdPSj8EOhcV,control
TiD0kIK8PmJ3mlKj,variant
73iZgb137wMNMuwC,variant
nzYe2EyEXtR2qSby,control
m5MBP2fc5Irk1tes,control
v67s9U9pxOdoyR2I,control
2nWsLJgDsWypU1NY,variant
hrBpZsPqSmgAjHJy,control
fxrwfC9y2qTxkzY9,variant
HBckL8nYzVu13MD6,control
hYtVFv6giSaCh31d,control
I6c1SNgAaApLgRwO,variant
6kP0GXJKO6qIVeVF,control
cZU9IZnV88EEq7xZ,control
wrX1nXoofAoXJ2ho,variant
c9UmOHxNF8FDZWma,control
H9oRn4CHr1gC2E8y,control
LnhA1bqKny3DCtu8,control
0vIKpX5WQqp52bdu,control
MHDfqMyeetpYOKNi,control
eP4biQJvvvH2CL6T,control
GrgaGaxdd8rAQ6FG,control
BPO2J7f9pHwXPx3W,variant
m3r1mWKQM8Pqorw1,variant
YD5H5dcg3rPgNfv5,variant
adTWZXQCuzni6UlP,variant
Y3YftxALha1WWxUg,control
sv427I9DCvkt9CYO,control
PHaEDVr25qLnwyoT,variant
3vc32s4RHIX8aZuC,control
fKaYaAu0pR681Nzp,variant
BaJjQq46wgR0gRoH,variant
TSdnnpgFsbjX8qKl,control
fvFOta1U05fsrfSG,variant
wwzmgoRAzGoJS2A4,control
e8b25GpwL2pnCzIo,variant
cwCHGOOwgc5FErQg,control
Oa8nZFfMjgzHDJu9,control
7qGjYUPYl3pOFo9A,variant
BqT6X5bJXgmoyw7v,variant
zGkjyKVQ0LOSxNT3,control
GqxK4bF479xidqq0,variant
XVDN5kuur2CxjSqr,control
PVtKSrqinWCEdr6t,control
33UQRimoAoBK2szZ,variant
zyzzTBWrF0cbGPsq,control
RGlW3cQW2zIhZJ01,control
gTTJpx819aWyj1pp,variant
5hCMBfptpgOnQzzn,control
gGz4StcZd8zkbnRD,control
WlzRGmnx9HRzuBVJ,control
NbPiwomwq9V7btt6,control
Tc2lNbJnpsHR8Tfm,control
JvrlZ61D0YNgFVsf,variant
tA0QKVg6ekoc5ew0,variant
KiocCfqzuhu4kLhP,variant
x8I2n2njlLR2THOj,variant
5qqc9EYalMdPmHPu,control
v4dresblqjHfh8Yk,control
4libh5k70JjutVhJ,variant
CPl8nV1XuvuRXDMt,control
xwgiazLL18RvRj29,variant
5fqYXLxYj3hu3fu4,control
9MxG6r3B4ZFlVPAj,control
T4ZPFPzykwH4ZN9w,control
CEgNGubrUGKHtIYX,control
81rT9xh8DR0jwZWk,variant
b5zJGUmNydPsrKDs,control
5w61palxH04hr4Ve,variant
zD1msCczN655lbkR,control
BrmKvlbKgzzxlpwN,variant
97iFoKmekjZmO0TX,control
oP3gNBFIoVJufadk,variant
Rz8KwCuVSSWAMNmw,variant
6pD8dNpE0PyRlzKV,control
GBile1Z1B3IeHTHm,variant
MPSV5nkPLd0Gg3Oh,control
KYjQ4oLoeCs1Yjl1,variant
dErpNJywlHJKci80,control
rQI942HOndCOSXoB,variant
PplZeHPaMFzqV6Ax,control
ITP1MzW9LwvdW6id,variant
gwbWxN29EUEUNVYQ,variant
H2xW7zp4UmoAdpDR,variant
DJcvWvX4X27Wl2u3,control
dERE5w10towBpKuo,control
qXKmsDSrn9JJtZsS,variant
Rg4R0d6Hbe2jFPOm,variant
Me5jjLA7YuhaBWMn,variant
uDuWiqe549EZ8NLQ,variant
sJXGmn3G9CQWJ5Rj,control
Ef4ag5AuBp3TwZtL,variant
1yBe3urUf4CsGaSc,variant
PuIONcySLS2tZRSH,control
u32VwfY0mWwiq8bs,control
s3g1PP6tiqAUb9Js,variant
qeMr016gqMJNSdLy,control
eDldxCidYxnerP4s,variant
lrqDxkIwqaoF7ioB,variant
x78IvAsSltauWSaj,control
U66F9M7vrVTFABr6,variant
MWCrRh1E9HgJr7L6,variant
i6iThYIrenBDdMty,control
BlbQnvEwVt8L2dox,variant
yag4ElPeRXPL7lMr,variant
bjoDR5qdg9OEY762,variant
M2HfXLS5Y9HRonfX,variant
KXFccvvjYc8lCVqg,variant
m3bdjMxqZfseFjiA,variant
msuxLdx6Icd4KNV1,variant
IE3RyNmdTnmAfqJN,control
WIqOb4mZbZBQ6zvU,control
Q2cI75lxetMMmO40,control
Slm3jG4N1pSIc3ez,variant
k9g03jPZHchEkSgS,control
bfOFt4HXpylgMqSk,variant
f8wATfLbvtyo7WCh,control
KWZGvXUeMrL10KDY,variant
EjoP6VRrwGp1LIHB,variant
bDmOp6e2B0MStx8A,variant
D5SAzgPU06LewBH0,variant
oFzVEsiC185YMd9c,variant
3CZkGL5kAGuMELTb,variant
AJkUr6aIIEBMayQL,variant
tcYbr9R8jeibH7L8,control
EjXlJ1uWUfVWcjeT,control
z8uSzLRzhe9o6pap,control
KcZUEm3p2Qub1ALz,variant
596LTykhhG0gLuhY,variant
1u3th5TEX4CVioDz,variant
jC1pJtS1KvgwONCp,control
LBVLEn0G4i4AxmzC,control
YWQBBhwCePgPJOA5,variant
Tbyi0AawjPZy18cf,control
85f0b55rwblvKtMx,control
Vtaaq6a0ZSDOUcT2,control
kxvRSzmaxjIxBJpN,variant
p6qY1opo4HkaozYd,variant
QeImjkrHMOPXwg6M,control
clgWzGKVobOgFdtX,control
0JFBma73IVD1J42y,variant
p5saeYvxQSZK0JJd,variant
JZ0rXpOrvbuJRMUM,variant
C1zuqp7EYiEnWKbZ,control
VTn6GI5M5UYtbYOs,control
6KrpdlCgn2lIeq5P,variant
FjQqeSPiWGJJri94,control
C8Xnyof3PCoCdrX4,control
WRMpkncYX9PLSPr5,variant
t5Vy4Lmd2nGBZKhR,control
HRe1eESiPFG9cDXl,control
Ccz48Dizb9cTdyYm,variant
MRI2wib81ORERUbF,variant
rmTe5PRj3QyHKDgf,variant
12cmcz49x0fQ75WP,variant
lWJbkMHzruJNZTRv,control
06DXQ87DhH4UiYtN,variant
ysekohswANFzA9sX,control
PCM7OGsKsGUpwgzF,control
lhePB0eWzevomBGQ,variant
wGQrX0DzpmMGzVaW,control
LbWfTXLPxrAOhBjq,variant
29C5fnv1fzMlInvY,control
wVgNXymuOj026ioZ,variant
bymHY5HILcP36f2V,control
WscrMiZleck4Ddea,control
ABCrlmObKSpVxIvJ,variant
k25TCIV1o7EPOQpj,control
WFYbxwbLEYNzCc5n,control
yVa0c1zriLwu4auA,control
P6f2RJBSq6N5ZclM,control
lb3TvwDeiukeIAWb,control
xEGMDTKYB7Ekw4bN,variant
OAIbMKu5eZSuCt8L,variant
tXyb4FzfO4cGaYem,variant
slVy4YIlDeHvMm4U,control
1c70tEexN1GhxXt7,control
pXZlmSPMyTF9xVUR,control
iNXwXm76FXoJWevp,control
OjxrWrgdze72pIzr,control
Cw0noWGyuqw4Qq5n,control
CtDs0M3mrw9TGMNr,variant
iGF81qsAfI3KHtyd,control
jjxukApz88DWpgpI,variant
5pN9lIWuXQJVqFOf,variant
xAtybiB08LctfMG2,variant
aKfSHUoSz4n51gT5,variant
Ex6ECPFqnNJ5VxS1,variant
Ay6FZrTrKzi7Iht1,control
PvsD0BIQkEWVMJDw,control
sloEQKKoCXQzRbto,control
ZdvXLw6zYkB3b6hC,control
kKr29Xn1jIiIkRlc,variant
0Mn3BkMyujQosVvu,variant
7ZRFXwmedBnhi4YI,control
Ku5rGhYWqQEHfvnc,variant
lJlSbbowCqFgDBnR,control
DqFTfYxfArxK3xLH,variant
NUokv1xarRl4QBN7,control
gwuHkvPIZCPB6rnr,control
BxhP1S0hdAJeGWHD,control
hMUz4KHgNBM9MBn0,variant
XLdPrRVygLBecREU,control
P5tsV7kNcwgw8gTH,variant
Ps5iVYrOVSPyZnRy,control
sM2opANjdYsBu6Un,control
GVjsDvcKOrkVbl1f,control
Q6NRC6DbiUbCGjHR,variant
2hK17GUfRNSsFAaQ,control
ZG9NFeq9h4PHi3wI,control
Xgo01tXyc792TxHT,control
vkVhMQIWTLh1KABN,variant
HFoRqGUTZ1pCiG7W,control
Cmu5uejf3Y4mat4U,control
ThjiWOckljyWWyk9,variant
1JM0znM3Na31d8Dl,variant
3ImZELQwdZpgvCk3,variant
G5C6Mlg62MP9VzNi,variant
OHSm22JyxRqbmECX,control
B7AoENoGtPlKiwhF,control
VnAym2uSEKV5Q1em,control
BQyYIUMgLFc9SMK2,variant
Xv9hqZAGTqPlVT9A,control
Vhw7P8W69CXtpqps,control
33hLL0COJzER7l2q,control
oiMPVlFyMroFf5RQ,variant
ZIHL3149erphyF9z,control
ZvEQj34l0Bf6tewi,control
56Cp1Tvh6tYnMKXH,control
k1NGE61RHXg5W19w,control
T3g1y8c6LtHWRRDq,variant
6jItrSRA696WJwFj,variant
kLf6O9UHJKqNN1lu,control
Nscr0YsUfphVrZVQ,variant
MWWlSjgT2aWJuKZx,variant
2ygPqCDgGg5xkilI,variant
dJB4mwsPKMxpGlHg,variant
kEC9mEbMo4kHMdkC,variant
b8pMmKquR7sgLhmK,variant
bO9kxf8zg4MsfQCQ,control
Mbsd5fW4K8BDgiyG,control
aYfrjBkGamKtaZcr,control
OnEAq2TCJKz0qv8y,variant
b2vedJfZum1K2yz2,variant
MtGn3JquTpTp3tCB,control
hxcysGbov7jrvTWA,variant
mGezmA4nxcUYWDIV,control
nlBRCQqNWu4wtk44,variant
HjjQ7fJxlQ2wA54S,variant
KfafXvOxy8ozhYxV,control
L8f1IPa7TJ5lLklP,control
XMgkJZEGmrO53xiE,control
28Oj7bLocQEfc3ko,variant
SZBjLU4XXgorrZOx,variant
bNtHQzgLDPekaH3a,variant
sbut8wuxdlvtraD9,variant
GxnJekx7E2mpxmx1,control
zbpLTaWkYIQCKq51,variant
MPBCQcZj6PnlUPDF,variant
FPFzYa385PbqD3Mg,variant
ZAivHTWait0sJ7NS,variant
diOvrlPQMifsV9Ug,control
pepaYKMs1K8qzv9h,variant
88GbDUt7rQ4jx3dK,variant
dmymr86xbVG5siBI,variant
4M8jaPui7UoI4eO5,control
vOwg3wRyAOf2Hi78,control
WGY7fKEHO9C5nJJ0,variant
ohzJVuBd9pvlpYNL,variant
PKCrjPMraMuaod78,control
tjwOH7TVGHM8j1ta,control
maepoWBEwVSQqWHm,variant
nkBPFI86EqUijhum,variant
6XefDEqktVibKadJ,control
15ycivwljHQjDvfX,control
bDbFPpla0hVXmo0R,control
hjTeXsUL6k0Qttur,variant
4XjHzDiTYEP2d88f,control
ndzUVMqs8YWfCkpD,control
yNkgz3vysEzPOJwU,variant
mybbpiBmIOmEuF1H,variant
h6OVbLF1N5BKOaOj,variant
2dI9jUknLlSqpIbk,variant
8OcCrtUnHW1E5NP5,control
rDy8shBhEccRvqJq,control
nYi9DulKFktI0UTk,control
ZhdARNLUDRVVAuZt,control
7dkm8idlimVzLPmM,control
B5sxsWmm5B0bj9vm,variant
5iGn8VtoFGqxD9m9,control
6UVpbqFQhZc8ltpn,control
p60W9QWY1GD6lorB,control
9wnDGS9ogoZPTLT3,control
41RkCE9yZ1x4sbvt,control
GhyTiH4we28yhp1V,control
SZ8oavcL1nJrUOrc,variant
jWMUaA4AkWegs43C,variant
oIUK2lDtKci5OMzb,control
ww6upimBAYZqLJar,variant
YimN2SoQRTdGxJYO,control
jJt9OSRkl9rDRVKt,variant
yluyki9X9yIZFWna,control
qy6heeOIswi1DXpG,variant
bnTaz5ypozURpnCx,control
U2oshHbAjIwWhBwd,control
n0PCadFGWzqMwFZo,control
m7b7sxSxk6vojOA7,control
iZBaqERjK9CrULMW,variant
fNl0nR2j1toEg5Oj,variant
jV8MBDK2cXQouZK3,variant
ldUiMP8BwS8NRvxY,variant
5zDGpvW49XQrgXzh,variant
fDMwFvPQ4SiEgim5,variant
cIGuEZHF4Io3Ff9S,variant
uGFZsGBEu1HonsQ9,control
ofZiKtHLzrB82YiF,variant
6036fnB5x8mQlYsu,control
A5sxzSBT3rRJPCqd,control
RS86CdjyEcUb4yWf,variant
zhIAyr1a8VMc2dOK,variant
YohLXs3UzMjLnWOs,variant
De2EgsEZ5MxH4wVS,control
NfLOJAke4qZgAU4o,control
Tmk7SzvBxCiPdWT3,control
rQpGCM7ji6EB74c1,control
2n5yobxnVgJXxAKL,control
DAMoza3dC4aQXTvk,variant
j69qJ3UzVumikkfa,variant
1fmv3EvKUAXZnU5e,control
5JFHgPVjXqDu7maa,control
UGLyzm6BGKOD4WVh,variant
WU3alexfyayaFPPc,variant
Ws7QCXbi3q7TJ8qW,variant
l7tXcQ4XdqXKTPoG,variant
pk2tLx81pDHaxxiv,control
lq9yB8oDYAvj85EA,control
lTEFFO6SI08Tujpg,variant
dAZ2yEkVtJ112qSk,variant
DIOLv0QVYAKTWIdp,control
puz4Js5qSzv253Ba,variant
RJQKbqNLu8imk8pp,control
6bPRhQ9Pm4qMxcDZ,control
msgisS1Nvr8wbXXk,variant
EGnpkG9gE8V9TUnB,control
0Qpsq6zfQWiXqElw,variant
119eQJ6Jc5x24qMz,variant
d2SlausuZrQZc8WR,variant
FjNoed5B0ZY0doqR,control
cjUP3wraI05E6Rac,variant
cKsCyGJ8C5zdWnXA,variant
GvVcwuOwduKQEuzO,control
5ILxkOCU27caZ81s,control
TWvnW46nRpGmLWl2,control
YLMGGCefEpEyVTGm,control
ZjxjOEmc6XZHWBsw,control
SFmGHG3e3c87gxvS,control
8wD7rF30gGeWB8ho,variant
ZdHeG4eLH5zadM1z,variant
GGhtpuS23zwr9EZP,control
laPic7YziPYpxXn8,variant
cHGXximbgVusyUvk,control
GFuMthPKiyyGbsTt,control
POPCfq7yLdDtcwYr,control
z3JhqEKS4GASdvzF,variant
xTIKFgGE28lkxhF4,variant
L7vHsZt3nGjp9dAB,variant
8Qp6ZGVsuviiiAqR,control
4Shpr86GalfO2e6p,control
rWras18hc5y5e2Ns,control
rX0EGUr84MppULOg,variant
nQ0VyFLv6pZCplqK,variant
Aymh3elOcIG4vX3R,variant
iOrXCMAJSq3HTcen,variant
cwMDXS8wA1jympOH,variant
2K8vqw1JWiZbF3X0,variant
6vQmh6aqld0mE8O6,variant
9gwxeeqDifyspubj,variant
pKommFSUThQr3Jzj,control
EGCemawNccgJIoNc,variant
CDMrkQW7LNaCjB4E,variant
scJQoGOQYSzpJGtm,variant
GeKnAwnNdMZsU1dD,variant
sEEi0mn27T1jVEKw,variant
AfzbS8mYX7saNFvV,control
CbNLV2kq2YQ7hvdk,variant
hizbpEf0uz6sBhnx,control
VRK3zE3YFXObyZR8,control
bPaJ4liJOBLGP8Tv,control
y8rfrZpoVhm2Q784,control
gqXFv2Y4mUw91Cva,variant
CVe5I2jsKgTISmjb,control
fhJyR7UNgTwsTvm8,variant
ua6s87GdPcAZOIBf,control
f24Rw9GpxeOPmUle,variant
KEBBDrRAIz4MWY7r,control
Gy3EK67bGM8QQFrq,variant
HMgP10IDlIk8R4dy,variant
VFtXEd1L0UacKv9q,control
9nO9I5mIQb3UmY1p,variant
rgSJODPOgo7NsQKb,control
PV2mNOQQ25EpP83R,variant
4fBFRjXrdigXhQgO,variant
NcqboTCXVZvd4ZfL,control
zkzqxBIEm1IpoQrU,variant
KV9VWOA2IZS1IBM8,variant
LilouZIPGYs2wmRa,variant
YCxpy2wBUpQ3Lkco,variant
agaWFiCzwSQCZLGg,variant
lEF1t2YqJcaXA0UN,control
GtnJewS73ofG2smC,variant
8fopxwVj1OOWqW3R,control
SDRTj2sCbJsgzoU3,variant
LcLpbEBgDQ59gJCx,variant
ZMdCRe2C9DCzszKA,variant
DY0Dc65Qg8W4i0OP,control
mo1eCIAAhFtjmCI8,control
1hCEODvulkbXObHc,control
pYdw4XtyDrPkCqz3,variant
4w3ZVtSbxEAb4ndW,control
mJIR12hbfE1jRuPj,control
wcFtjCOZYTHKt88h,control
gfkRrYP4CyuTcrxU,variant
LjAlgqa5XzoY7G9K,variant
UEIahl614sy4FlmB,control
aYfhdeyvBMwdZd9U,variant
6uK3Ob6gWpqt5wHk,control
HGzb8wOv5H7ojoPC,control
4w6q7iXJipJVYG2E,variant
fjpd1vmpZ9CfzkxC,control
cZj879aZQz5lnyhQ,control
dBgjY45Jbz0Xn5p1,control
QPqTvdsbMi7sp1yV,control
rw0ukMOdyFDS6z48,variant
JYHilbLe9eZve6d8,variant
iCvAjpP8P8Yjf9We,control
5f636Uy6YX8dN6VF,variant
3YZIjHJfQTp60sHy,control
EWOqUDM12Es9IC6a,variant
dBrzNs2274fahGYQ,variant
uxyU24QsC0j3lG3g,control
q8857jE7fqXKr9zW,control
1phxmCFxpkFf6IGr,variant
KmjKzTqayHMjtg3p,control
KC7lqVtzVs5UluP8,control
581HgSIoazIyP66o,variant
v6fZoxug48C9FF06,variant
9e9dvrIqXX3xbm91,control
oecKKKcIZw7B7Dr5,variant
ZJGzVNqNg4h039E6,control
5lVERsjMltKVOgZ1,variant
5nkgCjCiJVjs3Eqi,control
SGHSxigpsMfXYk8l,variant
85PmlujtXJBxeK87,control
l5I8N1bXOSMPi9vU,variant
elaRvLYspEYcwP6r,variant
zm5rc57wc2yA5RAZ,control
My9xhiTKD0s0pxRu,variant
JNMU99fen0SPX8dh,control
xkqXu4zQVRSAp2z0,variant
GEVUfRhgHR0npQZi,variant
jqlfsQO0Cf6y4xyp,variant
ZpfKudHBLOBqngvY,variant
aCZED4orIXDHPkAx,control
IMhYrmSxYwlWDEBv,control
RBmyRYTgSfxssJYi,variant
V6JLN6CxVe01P2S8,control
znMCZfgK0rwRL6ad,control
YRUIwA7zZ7hQpOcF,control
etn7FzUf65JNY6em,variant
Fpam1k0hyNFxBnSc,variant
JAtUo9A0SOByP8RT,control
GTnhVnaprgoxWY2m,control
i33o45IxGphCwSEN,variant
W12n60D0MAUpYf2G,control
RrpltSN6CDzvG50M,variant
UCvSm7ixoJmARKgh,control
KOn5lJZ8NqN0C9Aa,control
ZHdxuGgaOcRYoE1p,control
j1C66fCq07vx8quY,control
Xk3gPMeRV84urIto,control
emYl92uKfgzPVhiA,variant
duEuNyMo0IWQOK4P,variant
UB8nd0tHlGxteLDx,control
QNgJLpZoTwlCRVoC,control
SQ9WuonPRpoPdAwC,control
O0Zi043ZQQg0Pdee,variant
kOBpO1DdbTcXufQ0,variant
rReitBzrsciJEWq2,control
wHOOeoUcsBcLdxES,control
6S6kKaiq1acUz0Ez,control
wDjhRyvo6O34jtOU,control
w00ab5s9nhLlzACo,control
T08a7QB4cYrZ7HFC,variant
y7zMhs1UPvCGLSTI,variant
QcsjAokUz6xmFKdm,variant
i4WH3KVga75lukRY,variant
5RRnHHy8dZ2zpjSb,control
Isfs60ZYhnjcLCow,variant
wrTsBzjUd2bcg2pE,variant
jsBqBsKwtmmQkVoq,control
1XBsdvv2KMHGRPNG,variant
lb6BjvqzcgRhtlIq,control
BOjvL4GvRKmAovDQ,variant
NKHR7H5V0IPshMGR,control
8BKVyJqxubERGDlR,control
lY4WZxx57kmAhjht,control
hignBb4QhmuUBIwT,control
9ob8Yl4ZJcec4Usb,variant
RK1qnBA1jcJL3yvV,control
MUDuDBE4ZzQvuaKm,variant
uTiqUuEM61vl2f0p,variant
zeiTNnRPDZZz0SCs,variant
Uhw0PIE0IF5epqFL,variant
5FZtV3btUra5CCsR,variant
NfRMX1Thxt1neONH,control
7pSgpgAnnRGGRt0U,variant
JgFVcMCxvfVxNw1L,control
jpkFS8fxG0Yl3AL9,control
rSM2m0ND0WOZmHJD,control
8ybJresPr94FujKW,variant
vm2qixRnTh2KsBTO,control
Dg65zNT17TknuhcB,control
8CwrImlUXeMk56k6,variant
UPUEEmnWSPyGG9op,control
R53LfRyod3dDHAE3,control
FRMZiOhnGwu2l4bm,variant
96dtXYV6nDChlOLz,control
Xb2N3nfPN9Eqy8Fl,variant
WmsRVyE6Kyp4LQW5,variant
wnfyw97QlmJMHfLX,variant
9ZNh8hNGHRoJ74IT,variant
vwNS2YveEmB5tGp9,control
CwxHgLK8dHPveXPw,control
17oE6iQ50yy8Wui2,variant
VLvQwWdCoa1DCtGO,variant
RJ7vmghBSQiy3pjk,variant
El7EnYRFX0qIaCY8,variant
dwBpl0uSqNmZ5FKX,variant
ol8W4oHfqVW4ti6e,control
wGL3nq4sGamTAf6f,variant
GDTIwjYsYBwdtsPA,variant
4Hd3L9gV8gXZzz1s,control
i8tPSXp1qvmljaFD,control
huvrbVRic1zuDBJz,variant
HhjV2QX1nN2oq0rF,variant
Lw9TwIMo0xBppNMf,variant
b1mRU6iHqACKQvYx,variant
gHVlwoG4mwLFSXIa,variant
U5Se4m1e7FYux7ru,variant
1jxNUuyZ746wvdH3,control
fBEIMPwfpbxqSafe,variant
4S72XClMUcVaAVx9,control
Rs6h2RUb8DDWMSFa,variant
LmkjV6z32tqqde7w,variant
TZjTBGQz2XVCArN7,variant
j5PejXuxLcNE9OK8,control
bbMWPRHPtGdSRk8P,variant
UeyW7KHifrnsnNq7,variant
ICPq6QhaS0JgTexB,control
9QqKtcKzoYVhmVca,control
iEO1zq3Hi93YmeOm,control
ayUdJZjB49fA3l9Z,control
VcTGjEogJn3VncW0,variant
TXc9vsIl1ejOGmIY,variant
FkVLxIsfN1SR9PId,variant
Gm3J1QsQlkflAOyP,variant
cctBwVcPxQNftkF7,control
AuRVXmvIUvBuTrE7,control
8TKunyAN77wEU7CU,control
DYztLsAyNLZwCo6c,variant
jo3pqskVee5nXzhe,control
gp2nK3OdJV3qUJfp,control
CJLKV94VjOJCndR3,variant
PJXSmTrGupo14e8f,variant
LcVlJGJGEuAAh3K9,control
FzblvqgQdKLFkayP,control
Zx0Q3qh6SAZrAvpb,control
ercA1qpfYgXnLNoU,control
UVGQAC4KeCF70fbf,control
TQd3C6yi3czVQAJF,variant
a401pYVkzN2azB05,variant
i76Rvh5WPAMsyLux,control
x77sXUbn0FPFBVMN,variant
PUNmlhozlQYTArSJ,control
WYAi2MagzgZghpcS,variant
jXgu09KEw4A3vM49,variant
A1WdxwVsPcAcBqEj,variant
WvD9WuJ0wLly14tW,control
WPgCVCmcbpDLfSge,variant
3gHFWmDyu76uBV5t,variant
Her7MQ44k1qVSvKt,control
V711VVTfHnVw9tmU,control
ROFzX0nZ4JhNvvpA,control
3787jyEuAqGEXPzu,control
JaddzdWiDYSde8Sw,control
pvKhV9G27LQpepgY,variant
airS5UcxBjimVI1w,control
UqTgZp0NJtxUeSfB,control
69eWMLbQM1uNK6r1,control
VTlqKTLognXaLcKR,control
EQmVrqq8ktjCVHq1,variant
9ZPmRUMA10zBmlRB,variant
bK44Hw59ZSCIkVGY,control
kiniMVcCsJFg2BR9,control
r7ew2vzPlNsUacAr,variant
XD9beCGPtDPeXu5o,variant
thWEluD9ARzGzzJN,variant
a6oXak2baERp1vPr,control
UqDjI59upfcOQumr,variant
517xA1dvxNSjbNfV,control
rqLSwTD5u9j3Qmli,control
dMx81HM8OeoXdYZ5,control
M5hWSx0B2QAaHqK9,control
9Lz4xM7uDUYV4mKc,variant
FIsnVvq6dSNsKbob,variant
kSwjcecLmPsNXIxx,control
qNjbRwfbu23IWCgC,variant
0KwGhlTVjo0xzUP0,control
7M5cbfuijJ6cOxvW,variant
nPSRAG7vCssfSsm6,variant
zvuJ3bURDAgtXEwm,variant
qd4nt7mczzrFnUca,control
zxWIncmUXnuzcYNd,variant
JYQaNUGg0ZZ3kA8n,control
vpTlWTjx8TrviqLN,variant
5mXKfuYJgJykRnSC,variant
jXVehTe57xN4zfp7,variant
JlkcR9KfsrpwQKic,control
9hLdlREy0pP1nmOg,variant
lKXdbI5RcdLlsj9a,control
qpi40i62il2Oobkk,variant
h2Ff0tMIhXWQH406,variant
3sgErNnM7076JqKR,control
i5tS4BXtOJ0AhFaq,control
4itSFbFSiDtL7a74,control
eIJaniDxdXnydyjI,control
2gPmdXQ4J3nrhFAP,variant
KwglyczdPJoFCju9,variant
1pUsCZYr5R4paVb3,variant
oMBaePv0JTmap2Ov,variant
FpYo5TZP0l7a0qO2,variant
Y4XBgivz0lgTUoLu,variant
nbhS2fKK4GOfZz9M,control
OKnKhMmmNQB5r4sL,variant
Fvb7mwyB5kGxbDqN,variant
HLveVNYpmzEZMVwV,variant
8ln3rABrpZpm5Ciz,variant
BOm8JiUnYl054FLc,variant
541Zp9tF3wqpLhsD,control
45HnvRq76oXVFmuW,control
NG845AIpBHUaOVEJ,variant
RGGMrw7wozDySpMV,control
SnqlCF3xZm3to30d,variant
1HBXb4UDzYUztPB3,variant
tk5j8wKOZsSrWAfj,variant
bxLBB0SXMb8TeXkj,control
Q6boMOKgtHIH0vEw,variant
sdxtMB1Mqs1VIFUT,variant
UTM4IDqPUCf7qqnx,variant
4X4K8NM2FJXKVnA6,variant
sETiLqsRdV4kvdqh,variant
T6HkEk313L0uTDjz,control
AhMh7h2H6pOmwlAv,variant
F48WAbSGzBsQeGtD,control
ShL8qRacTzEhQ6Th,variant
8IMBYd4pmtYe2Ktx,variant
JH5S9V1Hsqeyr720,variant
XhAoSmpvtmtbIU2s,control
SK51fndvY2MJHAgc,control
UGbPpy7oxoEn1nfn,variant
qrtY9qpNMZF7RiAT,control
ZGjqWWJqrZwHhmw4,variant
91tvUZwOIcHGTqSs,variant
Dwo64nbMWrf6FuNB,variant
AbGpMv3QUm93bn3L,control
OBgr3O2JOJRd4Dxt,control
T3Exgzm1h2eRmCtn,control
F7XA3yZdurMo0LVZ,variant
xhBup71pIqi4IZCM,control
rlsVv63WZoabhvyb,control
YiimfDoY0oXg5kNL,variant
NbYVMjRqg1NMdIYU,variant
JEyOmruVaJXhZVuQ,control
Z00uAswYXYQINZYP,variant
VeZOhkpMUx8uZwWL,variant
UhgbDm9wCL8KtGCX,variant
owPcK3CShv0CbOW6,variant
XSaRtZuKhAU6If7S,variant
Rs8r3ayAgRPCERQJ,control
sfyEitjKAmObXuGx,control
0RPH7ib23DvTk2Qq,variant
JmgpGSakftIRKOz5,variant
l9DBAPse5eOABzAZ,variant
WPua1BV55o2qztym,control
GyhefwZDn1wkEfkm,control
l1b0I2JqBBvLgoFk,control
xcDf5b8nOrYREmzR,control
lriWuVW03NQxHhR0,control
Gwm10WnnpWL57Mzz,control
aF4oZurD75mxDbsU,variant
RUyXnfltwDDL5DOD,control
45JWHpxnzhnEbVda,control
2t6nNy7yceL1zNLL,variant
dgDD3sMINGGnLj4B,variant
nJLp7uBGfOoRcQUI,control
nbCdzYlbqIjVvOQu,control
oIV9uuu7RF2eMi0r,variant
uhRZHjYO4xNx3F3G,control
LR43Y6WHkErw7vQr,control
NUOUMtmSaZdxJJSb,variant
BzwoJAfIMLIJjD0O,variant
9LCZ6QMXdedJ6Spy,variant
nkCHvn3x6MzQJM8p,control
5L6FfH3hDAgAy3TO,control
oyvrlwYSMyjDjHTm,variant
1CLOSimKnKihMN1c,variant
23UNGFgsHnX9UT34,variant
s9Y16zq1BsAVZ4sG,control
YgC2QeDWQ35hPlPm,control
zrPYZWtpKc9Ao5HS,control
vNw69WdY14OwU7ix,variant
uOT20p32yzWSioMG,variant
ae3iRfBSzBNofALd,control
kuDrIc9lA0DuLu7L,variant
NorZCVL7uqOYr42K,variant
7LlkVZWtia5cuwi1,variant
sS2TZs9wAAMJl2AT,variant
HGBEFXtNIE5ELvSO,control
iZiomvpFbzn6LHhJ,control
u3TQ3BTRVftEGRgh,variant
ibqZSKPRq0LI7UMD,variant
fdYKI54ifm6vBDZJ,variant
b5JhSPXi9amXoFHQ,control
8En1UnV2CUsAiKKQ,variant
BZ4xBJZryIdnMzhx,variant
ptog5qvv1lr3TUoK,variant
pebZB4O1AEOJUQaX,control
Cah4p5BvrvOlsyX6,variant
e6HM6jU4g7KUZ7Zo,control
Pxz8zTz5jq0nbVmA,control
igVj31ivwgViAxCq,variant
tgQNgBstRMNgfyO6,variant
mMNvWqVvH9hWSrx7,variant
17PbbAnVM003lFB2,control
BTydzJXcaqg9V9es,variant
MTHIWpNXUMAOLXXy,variant
z3nnnyJdUoFrn5aP,control
8tjj6xH8BANaGdgi,control
peH7wQXy4YmxkZYq,control
Km9AtGPFh3CNsfR7,control
MVOu4vPjjZCpaqDz,variant
08Ts0uqTNu0ONSWs,control
7gqaK4fzb6F4V1eK,variant
ElIDVfoo8ptmRPTE,control
HCcikkyvP5Tit6uj,variant
vCi8eNka0Pa591M7,control
TeWvz0fFVkjUM2HE,variant
lYRpLcbZek5yIIvK,variant
v2kFIES0htPHdrYd,variant
t5ipzLydO6SOL0sn,variant
uocK0XTpniUgnfuo,variant
ZhHNaF5WYeDvtpgg,variant
XXbUnEX8OnekNeCk,variant
eW1FJosvH3qly3qj,control
B4rYrSFn3pX5rpqg,variant
lHjeucsSRIfndSYr,control
CIZLptxIRYs3dGbm,variant
958SDHDY1xVRGOWj,variant
rsg4sxoOPwZZdLde,control
ORwN0K8k2kmn7hy9,variant
rYRRrjg7XRnopbDD,variant
rERVmtWXIwPGLIYJ,variant
8t2chN6FCgbufBVP,control
JFSP0TikwXkWbckX,control
6I5oQkEB9BFytByk,variant
sBa6ejPTHJbrmYet,control
bk9DFF5X9L2Bjv2q,variant
vQsqxJF535T6ZJBn,variant
5Jf9iul85DEN3dEA,control
54yefeYAhioJ4OgF,variant
hUYoKsMf6s4BqPsE,variant
kojQwc9cryQt5CvX,control
4oMju29ZCFjmUwXw,variant
EdZW7cu0bdao4Gfg,control
sRaMsSzRlvmBnvDR,control
tRAL6PZ83OHMO4RK,variant
a1oFhGrSCFGerV5j,variant
9JGwNeHxqEgqBL8v,control
oKoXXy0u2LbAWFud,control
RsbzHnotHJsigDmA,control
RImoT3iSw1J0NcHs,variant
BwNWSgOl8nTocoYx,control
ZThe9Ydnptxf24Ef,variant
IoCckcBjXGVp6jGJ,control
cel4RmxR4FpFSK3J,variant
uUlYu7YuQ90fial5,variant
nfavH3kcP9fftubz,control
Ez3Fjw5fwBWDnK2F,control
WHORYvEgOuptQRUX,control
sVFoekoCXSdWJVwo,variant
TRcFjNLvnquYVo5o,variant
ax22ljTPPZ8Ek1p8,variant
iUnsEiJ0M1zhxhsU,control
VD5v2i559RVdKhaB,variant
fUJ0keXxUrtBmeDa,control
vrTeEfA3yCBp10lt,variant
rH20wSAWqVuXN9Ec,variant
q8X5zwfBh295ShsL,variant
CwUFjAWaMC6ScYUK,control
EkvrIfc9eiBsBAm8,variant
LQ0uA9TfLWkUO0q3,variant
MgDuayF64heDYhWs,control
R62DoJ2RAmnK1VDM,variant
Um5pRgV22AS82IoB,control
Ig9XTXYTtFL8NFz5,variant
MtrXoZvYv0ubN0Qr,variant
wmOiWgO1abdnFJbN,variant
XYntyPWhBTuwFhEK,control
pNPANOrIWZo0AqNb,control
WXE8KOOHHY26cqnn,variant
TLIa9VCd8GqBXzhH,variant
6rE6Ap5jNlvplktY,variant
aAclDi081KaPWdoY,control
Ah77woAEMUhD52Pr,variant
dUQvcoIULGnVa0Wz,variant
hXpLjPKzBltWnTIC,variant
lZrRbb6qjrvs50ax,control
8JyJ9EEbs0ljES89,control
vwZwozcwt8SN4M3h,control
rOfAJoK5eM9igOtj,variant
9zdLxnOaqSxAgiQI,variant
5lucoujGT6ZfbC2N,control
G8d6dCK977tOwSrW,control
ya1oHVt1KAvYeHMc,variant
q9xxcSgy3coCXCjF,control
wMiKZNndtBnRHmEG,control
ZMByFiB5Eq0wm2jp,control
fVk5ZcB8Oo7mPZ3S,variant
qgBLm7qoJBoT0k3E,control
dIHZAjDStC50Cw4X,variant
uVQjOlD8YGrnvuaW,control
QZ7oJU1vF5T1G5O6,control
MwQ2bbL2YCZT7cMg,variant
JC2KW5JwSpVEHXar,variant
59NQ33oVWqRjtfhS,control
H8FY1PdRXMtxx2zy,control
Jgj5UlaZXypesdfz,control
WM32MiSZnV2ioKX0,control
thFUu4OsC5E1fdQC,variant
PcaR2oUuT5Egq3sM,variant
7cDI54CX9Z1nIB5D,control
zgMEeIXUZn8JAxNC,control
0SvhoWeZdkrPWDof,control
20pUNiQ6HAmJAieY,variant
vEcDuIfBFPK9yFIv,control
xM1DXFEwNGyJxE5M,control
TmjwrFGJBpprhPp2,control
3kfa988l4LBS5qaF,variant
h1N3QTxjUMMjJy7X,variant
64jsTSopbCd0XCEq,control
jA0Oo7REu765OTS7,control
zLYJZqYc8nWmOAa4,control
qVXHn126qcHNy8bH,control
zEiDtuC6yL5RyiM9,variant
Rz4KpKlxztiwMCEs,variant
twQADuRIWgvjwoDH,control
m7dr3wGHHJIqBnHV,control
k4mG42bH0CKdlz58,variant
BctjZr000AEAPafk,variant
HMt0uurusdmrZCy3,variant
m9A7sWaLsZaNquvo,variant
XMVMFWdRSFd0aGgi,variant
apr1UfbidSw1QSQY,control
hMypIqr7Ao7qQepo,control
PTHVshUj9eZV0zvR,variant
w9miWtBR4KxRGt7V,control
DRiSWqJnsg6cGRFU,control
kPbz8dqqBDNwTxCd,variant
LCsAC3JIZf6wMTRV,control
Zh2bmN4uEZVJ8VZL,variant
AJVw2umKUzNgTMvM,variant
w5Dr9PrTjMDzggea,control
TrmyNhjFqLoo4VNY,control
toIfD4hEVUFS5Zor,control
mxNnBkf93y8ayb9F,control
mGF3xAdxwCHuDztp,control
cWK5NRywR6aGoqHq,variant
Z5ORdmdgT6iwGGtd,variant
a1PHAuxoIy2iqu7m,control
cddQBgzkxQjKm8RP,control
MsYslZvUK3DTlCuk,variant
7KV95rR6AKVlwH98,control
Lw0y9dDDmPWn3Uh2,variant
xrIyqF3xgm9AVeJz,variant
PSEjTzvlFAG809Zt,control
MON6mnRN0vrVCQpT,control
I0Hcd1ejZCFEblAe,variant
KAwGd6uxRERVxW0j,variant
WWXbEydYkqRbfiet,variant
CuiB82hEtAh1u8Bw,variant
fceig7dMek8oHm1V,variant
gNf3MXDvyB1tMcea,control
ozcN4OUPHZeEYmQa,variant
v9ozrViaQiwQS5bn,control
LNrp0CRkfcn7bFEk,variant
vcXEG9xaRoKALVAR,variant
lcDFwbgHF0MFQQnc,control
TFQJqVc4j0UNrcM9,control
jZiT2Tk7GJzALvzv,control
eIbIiYYWrQlcr3Lg,control
GfrSvYMYiIwlZx9X,control
NimN1Pqgq29XxbI8,variant
BsGu0j0TSiLfY0P2,control
Ir0seykjqJzEFur7,variant
ranhbYo7HJ9aYuPa,control
Ft1UJMDgv4XSj3hA,variant
jnT6Z1kfu9GsMxrI,variant
Z9QKs0x39Hvd4jbh,control
G6LQ69BjSaHciePj,control
lr5uuacey5WhqiFf,control
WNuggUM1AhiBobgU,variant
rvXj1XGgcnRT8Jmp,variant
p1eZyLLXLM393VOz,control
6mRYz22ahdu9vY05,variant
KWcsaCwG2ZOweg45,variant
fWvWmld9hKEKSzQh,control
NGSCeB0Nq2wSibFY,control
ZWEgD5cYY3ij8TX5,control
UzaD4L9oyfra93cq,control
Vh7WNqy9OlCyYJ01,control
yCk7dnTL8qbhJjgJ,control
pnpyOdC3faMaYN4c,variant
aaMuSDFGVvD1Tdw2,variant
Rylq0ojI2ZZClaaj,control
rUbWhvvzziuEZQf3,control
nGgxik3wVYboIJZ1,control
BMRdjf4D1TIWQj58,variant
0FPPc3zoqArYslxe,variant
xAVDoU6LRHAtOFde,control
05hvPgvTD9Kpoecw,control
8jeworyhEubvhwFh,variant
dDswr90CwGZUr1RG,variant
gYBa3MHMsEm4xews,variant
aG6X3GF6BKOliX2k,variant
Gs14PHgEZbsLFjOh,variant
zDkOt7tih7oHxGOO,control
SNAue8IudWVp4Ez9,control
ZIfGupUMHP47ofbx,control
3WBaaBJtVhazYQWy,variant
jlOg8lUNqenHV8qI,variant
2a6XXJo7sYPesQMe,control
ZlsUlJ9lrWYVQHVG,variant
Wr884CSeyxC6LGjK,variant
7Gw59kxxgXut0jyU,control
JVUoRNNX9fKbl5dw,variant
mqEpOzBaUlK23Xtb,control
JoLvR8XF6tJ9Go9X,control
TcCUAe63EvI1gfz1,control
asgJltwyD68CErOs,control
1daO6o1hooXMvrpb,variant
Jtpc3D2bIz48ebY3,variant
t9HH132tXyty0n7U,control
RQQ9MlVeb1p2DUQ8,variant
LS9YPxYDK460Mknw,variant
0pXu22dG18Uns6eJ,variant
ESrRE2DuUD2OdeOS,control
jApDmJuS0NSottS2,control
6e117FfDzKmCeymx,control
Et2h7iuY8toz1PkK,variant
O8kADsHL8w0accBn,variant
ZD51eWoLnn46Whhs,control
FECOkSmA3sz0YKVi,variant
BFZ1cYFehn3cxmQC,control
hYPE8zr5r4gVLVp2,variant
37G3YcLdJdPiNYqq,variant
GtnvZAQcxDhvy7jW,variant
CN1aZuMxi7R1zit3,variant
IJPJ1ivaeiKLshPQ,control
FmtJQRKDjEyCxMuO,control
iPPbdhF8nWmuxXrS,variant
NzFR4230GZErIlYy,variant
SEjUZHYcTMh8FQCv,control
tf8QWCP3qE0HL4Kd,variant
9blIf3Thu05T8IVo,control
goSfUqdvF6vATo7R,control
YvBPL74iHJio9Sth,control
5BYs4pkPhGj9rI9Q,variant
XcNA6BTfUngjoECP,control
1q6YCWRozly8OedR,variant
VO4Ec0czXq7jbxkx,variant
IwFwHOsb7Ybo3uIe,control
QAxgfT8G5WqTPDhN,variant
TgfdaoEyUGZI2eeJ,variant
q0Zn5ChHNaCJYKCe,variant
0F7ZxslZagqHQgq6,control
cCvL1QCXX1PeDw2u,control
3z1UutwduuaoqYn6,control
sX7HfSWf01egGmY1,control
amQAgZc5yGNqSnK5,control
31w6xCL61AL0NSXw,variant
EJq8KcJ2eToZWf6j,control
1FwVqTtROoRT5vXZ,control
fd5wRSs1SERZcBcn,control
rAY879jWosidoYVh,variant
W0ag0ErlVDG6UgBW,variant
cQfELogQDAq2rv83,variant
80zYANxZhuCQucE2,control
ATAi4GGzBRQE0atl,control
qoHXpdhHTyoBibq5,variant
jiEbx9sqQWjX2BLV,variant
B6XZXa7coZjuKown,control
oj3iRMey3P4zhvZy,variant
VlijVji9zIA7EsQL,control
foCUS1en0b9wRZTs,control
xtUAZxqyT2EBX6Bv,variant
36e1RPh8LB4Ul4yL,variant
RoROY0H7Smh6mJfL,control
FuRRW6gzo3WPwZLO,variant
oV0NpFKrtTb2wDcT,variant
8MUWaOvCnVBuSFf1,variant
au4dcWDEHstw16N9,control
yoLwZb44oZRIjnA1,variant
9nIGZaHsxPdJm5Fi,variant
MpXcZtj3595vVcky,control
PVhioF0cdDmRuO4T,variant
sMVvtK9EjrQMTtrk,variant
v6Rr5Hwa2j0aLMWi,control
EgqIVKZrGdwkZiDh,control
NelaoyrLPT0z8N6c,variant
1vzsRRU7M6JuO1Vz,control
mJxOzuroofQEBhCu,variant
q34Wx57XJ8EUHbPc,control
DhZgl5szB9onV86n,variant
cXC71fWwBnntmA7I,variant
S83bOSNVxCcSdXbt,variant
10oWF8PaLIYgSmWa,control
nC5cTxaVjmJinJjN,control
wI2gPIboiUq9MZro,variant
rxwlwu9zhDHbeEG1,control
dfwSsQShMmafgV9A,control
oZ9H54wVWxoIdRKq,variant
ELj1XAPf3fZod4V1,control
3NgY5W0SUz5EbBPm,variant
rD2kmY8x49C31eIs,variant
2meRnL9viWNzS8eC,control
1vWcBLnUnQkiLUR8,variant
faypZoHqccKq28WZ,control
LagzUMsZ1DQ2nmtz,control
AyiOVljfXH6ZOsfb,control
oqpBuhjjXjiBxsGd,variant
3cPlrwtf0HPbDiAP,control
HNxWqCJXlEWi8sTT,variant
9qbNe6M18Vpq1AgZ,variant
hhwFQUrL1loB2LX3,variant
EZihTsYhH4dELcIs,control
QCjlTDD7rxFiUxzc,variant
wkjXJ7m9CL60m4zt,variant
etnSnhVmxoYavHXY,control
Nc2zn5O8hW223pPu,variant
j4y3LvW8VU1TddDb,variant
CQ9Ju87uVuda9z3Y,control
bi24SrVV4POkyz85,variant
JPILc6OIXNvhoSgs,variant
NPqaSC5m3VCOPfeH,control
kiLNOihR5NcmsHFW,control
pJrnDbmA60ZqEo49,variant
tegr3kFXAzKSBXbt,variant
dmx8VL5NVS2C5JbO,variant
rWh5oOqwbfCAKWHr,control
PjL6Rq6mZ7VPA0bH,variant
EwgLGlSlsijqXNMO,variant
jloEoBdJ2a5R4HUq,control
MLRYG7uzTJeGa0fK,variant
b4066ezOY0Umleb6,variant
d6AX0jmRbzoT4jvN,variant
yomhuuvTGSANXvD9,control
iSIrPeA4f9Fh3Mur,control
noPz0RFMB7MQFmor,control
Mf2kFNtGNhYIe9IU,variant
nuUxqrHlpdyHBTkm,variant
E7yMjxa80yBJrfbc,control
ThEVsXfncVaRDTs1,variant
sigTKXO0gidyWlfr,control
Nuocb32ON6dFbTCb,control
H9A71MRLrJsAStuw,control
DyEAHhsOzBdEpYjL,control
VjSiMJY5Js7sl9my,variant
JyBP0MDeqrQUuvMX,control
54fXpbYa4D5QZKVw,variant
asTcb3KqBrGovOA2,variant
KF7SsBB3jtyunv0z,variant
Rk2gqrg3tLkR5pY2,control
AYkpw76l6Ncb7LVZ,variant
xCUTHtrnrbatHOOV,control
kAwLRc9lDEwaOt1f,control
kIdC6jYCLaNh4Lqs,control
GoSEuc9bIO6p3SY6,control
XulB8lGtNWu7Z1MO,control
W6PJvzggh9zxxNVl,control
Uh1ic1uEVUxdt8pj,control
QzCekCSofVoQtH77,variant
9bRpsHWnxBVFKjWS,variant
VixJ3C7C5VwAEQgW,control
1SdnPPj6RHzwi8Kh,control
0nggicnqXRvTz5BS,control
niYzbkqHsMrmeXw5,control
3xCVUhzo4aBW9UTn,variant
PH6Ef9WeEKooZQeB,variant
GkQfwNbowviUNDp6,control
TUZDSia6Lh66ZrAr,control
F5WF0VS1JJuTFEKp,control
T9Tn4xy8TY9IqTPS,control
1dkUoDxbQHw8EKmG,variant
gFgPLZRmxBFQrHVH,variant
YLaQXPEX97aYp5Mo,variant
8Gw0OHqy3PfEeNND,variant
elgSmWdXPclaAQXm,control
qhFtYqHIILPx1rXT,control
VMGWwyKAau6WjERy,variant
t4b2VoBmX7Z1nXbH,control
IKyV1ol9i5EnC0VQ,variant
LP7hVcbpsDOpE15B,variant
djYSrUFDJiJCpBuU,variant
3b76TI1B2J9EGw7O,variant
qTWaPwVAyFsx4c7l,variant
IoqXFgsge5NuVVY4,variant
UgKwkj4u26OGtGNI,control
H9JAsQeC3j362NmC,variant
e556l6mvNoma1LQS,variant
0Zak5QNvI7YRfBE2,variant
heP1VRqLijtnnzCW,control
9AypJHpGcwkV5rUO,variant
RC6XexCC7zNcbysN,control
bsa9A1S2ZWIOeLdq,variant
90u0VEVvkHWoX8jL,control
F0VEKRBEfn5wpyMb,control
LOMHYNQyJp4rm6KA,control
HkamDernmFghXgZW,variant
pQEYA7G0ChG9OsuO,variant
uyP3wkGtyzNZlFGj,control
doYfAeerBI6vHdrO,variant
YzPvUG8QnEjYxuVh,variant
FEHwygsgUhna8mc0,variant
BLYoJ0cdeXzyjhl1,variant
56cAXwN5Gn1wEm4l,variant
IruSUPa8LOPUiwnk,variant
gExzDHTLee8sYLBz,variant
8PwTWDcBGPce4sP9,variant
54VaLi7e6TPHKGyP,control
C5y16i9codSLtWwK,variant
9Uh4K3SGGgveTou9,control
yq3Xg15X78sZgNS6,variant
XxkO2a1FN0RbouxX,control
qUZZiItsrtDNaxxU,control
sDzPR7LCmdSq9GeB,control
xqXMVNRTYklmhaiB,control
bnmVbdlVjcdfweXc,variant
jQsnu7QBuJx1Lqvs,variant
S1j8k8LbGQEVIKUU,variant
JwJNMzyqoKSdvqvq,control
nnqhHzSDvpDpL1xJ,control
IfdrfzKAOkL9psQ0,control
oz3O3Es4Yx5iwdji,variant
soYHPsWZ3uHYqrqb,control
YaQ4jKV3e32lJE2L,variant
YiRzopmyD03g42Zd,variant
QNL4DjDMgJIxMJSt,control
WF6MWzzJQ9IQIlGJ,variant
nGTSSxoEql9vwznl,control
Xd6TY8m492rQBLOR,control
sTUQLTcstyk83q87,variant
6W2In6M4scH5WOvL,variant
3AuOEAKb1UisPJj6,variant
N1SMgdolVf7iIhgd,control
5ms9gjyR5I5yC3lY,control
UNlZf7jb3SygNwVk,variant
5JWVYw6QgAmYqFz4,control
7vm8lgaGZ2n6UQ35,control
OqdZYMaOSxHHx69o,variant
qmgiRIw1UMwzanFY,variant
VjaecWX50AY14vrp,variant
bUmSphQh1j2GEliK,variant
iVrDFNwk9tsJZzjx,control
m8ZT0HCJgYD9qVm3,variant
x12E5AXuR24aocfn,control
2LGZLhzonVt2V6s3,variant
GJxjZXHJU8JporgU,variant
vFQsN3aIeXllu65s,variant
iQWVJP1U4YFIE702,variant
F9KFQ3KMLD5FSbYk,variant
6tKiLWs2NgeUPxVO,control
gkiWDOcvNYtFVg7g,control
tySIRxNmZVMd8lqa,control
9qbfR5k0QrNyMBTp,control
lOZCwup0YVOSzKvY,variant
jgiyTomPTzuw8RB8,control
YLlxmNVb1MlMYnDO,control
XQVsEQXQydXYmJ9P,control
81KcpzN3MsToFWua,variant
fAwUEluZbeitTr8v,variant
hHigD8rApue2CUKQ,control
9vn4sIxP7f75cHSX,control
boKo7FuqHFXUZwIK,variant
QOK4GyTKNuT7VLNH,control
sAieeyzsDJVVpgr3,variant
uEacEy0ha9gghsqk,variant
UOWkLO9XZbdXBGkc,control
NeZuv1K7kRvO0m1Z,variant
8cmB1kkuZugqVnGk,control
maHimKDOSKU9gn9V,variant
fHpYKJT6fhxcdFaH,variant
SiljjXR19Vwfx4xu,control
3PEU5OD3HrlIgONy,variant
faTp7VdCLUBvhFGm,variant
Arrmv9nkMX0vJqYF,variant
nP4CfX4dkSNj2BkI,variant
ohtX6uaCxDNIGt4p,control
iEq6EVwfD2g3VNPT,variant
kHl77ZZSUA5lmhp9,control
8CI7CEmlY8bGh9O4,variant
6N0WOFLBowxmu1lm,variant
MwXTQBnqx05HYVvj,variant
1huKgzmpDEeFpUiv,control
2RNSKnpQtRo3Rzia,variant
IRtS2fPjV6GpJfsE,variant
brPB7d8aUPXpS5Ub,variant
ZJaMwzk5Pakxjnng,variant
wQv7JA3bMYTs9glc,control
Uehn8JggXTFh5ljn,control
iLDeaa49tWkzRcf9,control
Q8SkhCjHxT8VqFkH,control
x2eCVV5HpyKhCZTy,control
PwHcDX0HF0Cib4Mg,variant
TehF21rLTrWOSpuj,control
PdR6hU092sUNNYiD,variant
3qNR6odf98pz4Kwm,control
Uq491AZvKsMImnVE,variant
SbTZMKnijgBTyT4B,variant
bq6ZdmrcYKGOxhIb,control
Glvmjq9Qe46im7Zw,variant
DQ2duQigpw5wE4ef,variant
Ya6VBrxmGjgKFSvp,control
xZ1nkswH7NmMRBNp,variant
XYBdB47lp01WJ9tz,control
33zv3ieqWHb02gJm,control
tDDkE5c6bVc3oqVZ,control
gVeHG18SpKc66UVQ,variant
4YXuOhvY1eqKnMOB,variant
EqINvSV0CjrIRpXW,variant
gDs27whquz4B6MGN,control
sCttj9l3G3yy0ddi,variant
o3zozBgFlIZFinm3,variant
7RGFsDpljbrmCxLl,control
77CvJaQ2NHHVGdLD,control
0ZTtzoggXCwHtoG0,variant
qt84mRx1U3Kghwnd,control
u8TjvDD7pkvCy5nn,variant
b1mcDr1Ju0spBdY2,variant
oaVUp1tGqe9e5MmR,variant
JD4dwuufxU0EsL9l,variant
nX7l33osBNOeefwc,control
KGQ5utaMUqCh9zBH,control
zmRKmLyU9wvu1Dkd,variant
GUliFkKxghGyacNB,variant
QGTaL0ALIjlj1HxB,variant
vSpmJJ9QwnFcAsv4,control
aeWGYsJYf7oJ3GxA,control
WkWwGOTU3CEaHrrf,variant
ZNaUPDdFjQeie8kI,control
AdjMG6LhWxMGOQsb,variant
2kIqP8cvIuyMbagt,control
Q2f2JY7uYTIJhXdQ,variant
pcgba5aLYgxeuBrx,control
5FSGjiWGGgdBw0FR,control
pT2jnMJHxrpOKOy9,variant
hxtVDt9rdVJfcrUN,variant
r3wIf1z9u8xoAFle,control
gvAoMS4IzwmzcCbB,control
wJWfkL1HqcRTHvC7,variant
1Cejj0i9umjLkd5T,variant
9EWZHPIMMGhF2GhT,variant
nHhYPgm1uUFk5nkb,control
H8RUqnyVAh3qelLr,control
zEKfOoPW8zYlOUna,control
qG2C01SE9hDmpbSr,control
ISsmYdsXyLY4EJd3,control
Mg525p6VeUwJFxyS,variant
BsgR5OqbpM8rMacu,control
97DkvU84ycDxSJw1,control
h1dXMQEC6JmOi2uY,control
cyylCkZkW8z0np3j,variant
EEJjzt8R9ioigzxl,variant
7t3nvpCFs2IQF20t,variant
YNth5IPmOfUpe0SY,control
Hf6GoonMeZ4zVqQU,control
ZpIL0wmGC0THHAo6,control
XizcJUe9ttejpyRy,control
DnvQBDsLPtIvok1H,variant
4xfqBXEJ2iju5HEC,variant
QQkG5T89au9w4i3a,control
uv1daYjoZJCZTeCU,control
UAyppJyOaeOteJCV,variant
H5VrbpCGpIU9QPqd,variant
WdYyGnxkyBgWJjWJ,variant
EsrWfBgL4lOXHyq0,variant
Gwif9bLicpyxUCR2,control
NzLIwd6Pn03UMghP,variant
YsbUaPL1mPRxFDfL,variant
GR2wj4To7w3J49ah,variant
cnqHUfeTYONCIrNV,control
Do0op4GjsKXcJdkO,variant
GBF4pikf6WA8lvNV,variant
KuGq3C0NjrUZmA9j,control
FOScvA2cGbkTjM27,control
G5gozkLA1MgajuoD,control
Dhxsc2oJf4PXVrLs,variant
WXDmMZlH6lRxdJXV,control
nqWcLwmiuOhqpp6B,control
Y3p4TZTnTRLtSVOH,control
16CcjtbAF3jNq51G,variant
fMUrihyEP8dtBNaN,control
2Rw4Umpz2EXaqp2K,control
Z0j5LREj1WHYZfBB,variant
6mOlXN4X4241bhPi,control
73XhYcimiEyZR92S,control
hUE8S0SEqU41scTD,control
jWCNrlWw9ki13xy2,control
yUilkWLBhjyUJ8XQ,control
iO7hc0rTIqJ0BXos,variant
7vfUgRVitKkbvVJe,control
gf3vjTN8TTtBwIaC,variant
iivbpN5f2mGsoGja,control
7lQCqdC2gRme7fH0,control
gT41BTjdcywAn8LF,variant
wUNKcImHxalhsiBn,control
7ArPOfGKPym1wJGu,variant
H3JqjwR6bIn4USOb,variant
spQRyabVAb5DYjsP,variant
pmVX3h3XESy6M7u2,variant
34XLOCfrWRIAegjj,control
Y45BJjXI0IKVtmk5,control
SsBL3S7d41KsK0nE,control
B7JRLsPaw2BVdO7r,variant
8WUYMyrfs0lyIaea,variant
hMUQrT6ie2dRCaD3,variant
Sacvh3ryVZtEDpbq,variant
jg6PYZ6i19qiiKxM,variant
khyTbj0xVps6Ekff,control
FMVm6c33O3IL4qcH,control
lxfPkVAVxrA123Ou,control
6YH3G5V1rcxafsvY,variant
Q6heZiUuBTd3xhZ8,control
qHtpjHQjDDYy4TQO,control
gUtqcUTNJzjHnh2A,variant
j4XoKvSXEbSE9njD,control
JUNonECAuitI5oxW,variant
4pJk4hcsTOcJy7Jk,variant
Y9p21q9PxqVtvfgn,control
klTeet125ozG4Dxw,variant
ic5JVgvnVCXpVHjg,variant
yAoFBig63pzIqwhb,control
E4Z564FCch6bE9YW,control
KtCqjOvf9QHE92ll,variant
pyvAxl0rSUpdlWGv,variant
r1VGAPsVnyHxL71w,control
eR6J1xJeMfSJSdjZ,variant
auNMKcUEAq8wmUAY,variant
tT0mRx82O6c9QjaW,control
75mnGbbMO3EdHs5K,variant
ixmRDsOjYPRnNVWt,control
dLR7XMePFf6nf9nl,control
9A1zlhjpZzhOSCtq,control
sqM7a6ZCnqmCHATG,variant
CKMsTxnUKe80xHXE,variant
D73iABPzrJhrt58F,variant
CWVrgaBGXd2t0ZJ4,control
ELBcfSwg38JafxKS,variant
YJxLSCKSFyjI2yAS,control
F6ldPzcqiCarO0t4,variant
OHYBVIpumIP1FXLf,control
XLL17mT0MmUl06GB,control
4crz1NbdXBByzSUb,variant
PHD8uRKRwG7bAV6v,variant
HptzpfSRwPKhfKZv,control
f1FqLqKwW8W8mFvg,control
vuf8npciUuXDD7PP,variant
Fwcac4KgcJWc2dEb,control
nKE0bEUQvjZDGsTy,control
5281TaFy8OqnSmLM,variant
bFF5N3fycrX12LQc,control
Vex1HUVMVxJBVWHp,control
JgrfXBMHYOCdneyM,control
ho6s6kt2Jrn5Lypr,variant
aNaaYu87yAjXlBWF,control
GhPzPX8O4bIHfEwl,variant
1YBoslXVbkRK663L,control
yQuPJilj6TeGepKK,variant
CrCf0rF7PUE931kz,variant
BAs4SA69tcpMRCoD,control
N2WaC0DNTFjAYhYJ,control
P2IJV3Jyt89ZS0qw,variant
yV74WEfIZ3dNtO1a,variant
SzH2jwYWxmC5TAEQ,control
jEMjxGnISHquFc5o,variant
hFLzDi4FkvHOrs1r,variant
KrldUQAYefmwP3yT,control
dZ2FRozPkikbSA15,variant
zh8uuhaL5miBfUwV,variant
J75qilvYZ5l1fRiZ,control
K0cHhjUOPQ8inKAO,control
FdbYGuaRkaT6k8gb,control
oh1Z4UzN8PYIZTOO,control
u74LhQFhRjwdVZLD,variant
Oweu3fWqyxvmqnHz,control
sz7cbBbvgdWLMtfi,control
Z7E9zJzBeYjro48G,variant
eKNvvvZoqY8S5B6v,control
uPqerqd1gyKNNQis,variant
YiwEFZEqVM5vID0Y,variant
NKz5fH3FyYmLLb53,control
ekkxnSDNURIu2eLb,variant
NK1W5HkJkif3H5UK,control
F7lSFqdPGQVQiHMY,variant
DX8tMwOR8Iw15VMw,variant
5K4wMB9sWV9Duxuz,control
Y4XY7JzG6JdihbCw,control
f2QJ9TuviH64zaJR,control
eOvdVbpp033vQaox,variant
d9rqgXSZZ8jabWvF,variant
CIqlxDRDtPgPX1Lg,control
7WDlWErTQb0GkHp1,control
IZGuthYzG98zKDEG,control
k0OebmrzyRne63PZ,control
bdlkdQijAfoPEv0f,control
GCu713ZDuJ25vTtv,control
8Z7NkUEYNmrv3qLy,control
Fom5zXkmGXKLaMAJ,variant
FOoEfyWZrvEJiTcG,control
A8QaR4ieoXiSBmxS,control
6jPvM7vKZMtjjzy0,control
3Bmo77fZlsFkLGb2,control
oJeoQjqHZxjZDcY7,control
KcNeB9RnMkhKhlos,control
VTBgNgDrxf5Yd2cW,control
1Y6U5fzRYLkZCtjz,variant
VAXnJ6lZ6wuhM5ix,control
EyqPC7cu4hn5MprE,control
kLt0T0SdtEtkXaRr,variant
MRG1JrUEIMLoUfhN,control
va5m2xuSQdg7l6m1,variant
RpfnYV65EJKO3I1j,variant
qYPDR2grsoMRv8MP,variant
4317Dt9F8PyweXOD,control
VM4A4PKgeoYPh3ik,control
97vHImk7FP6oLaTX,variant
xQNvcnb8FVLGTPfO,control
MyHkTKOg4T6VvVMj,control
ufWaH6nJAi2fEq0Q,control
78JuAOBpIJ3ISs84,variant
u5Gw2fFvcIpP6yqM,variant
mBkjMxLxGq4RJIf5,variant
7pSBOFzkZyEuS2Yc,variant
lYNT1Oy3qLJJsR4b,variant
qDUjI8ZJ1Gard21U,variant
Ay2B0vPyq641RZlp,variant
K8pq28EomNAubhPg,control
j4dQOJIQc5r5YT3Q,variant
xFH6bbjwo1lQqrnq,control
ol6pFwLHHpHN9gGd,control
QZgrdW88kQtkoTqH,variant
XVlPBVIhAv14xbEv,control
a8nyJJOcea1sGP1D,control
ljHpNTCoVkRHJDIi,variant
rsMdfYGFpkvJXwz8,control
7ECe1L9y7Hlvi7tC,variant
RCSA12qeZS8mPoor,variant
XbwQmQdU12ykXVPl,variant
mi60SLfQY6QjwoSw,variant
NKHpSYOUFLN3Teqv,variant
MOVrBmXPa0XsH6dQ,variant
cOjBHMU69sP3ZTJ4,variant
QcwqgzQr7TTfECi1,variant
Iq7lJZV8xj5DCMjM,control
2BrO1XqkaqJJT7iS,variant
7BVGcYhXf6Z85fCK,control
liOWsq1VRFInW1pu,control
l7x9HhRuVhBpjZod,variant
zoJF9QLdOiI2BKU7,control
ibc50RVejBonTwmp,control
DNh9qDqIaW5xVWyb,variant
ynM4YGq6EjfMyLKD,control
HrxW3A5A2MusMwMV,variant
RUoQbIYtB45opGUl,variant
MMQtCQWcVe7bw9zz,control
g7jeUlFPEvqttQhU,variant
HWwL0BmC8hkUSrXy,variant
WvS8ICu3g8lJxFAF,variant
6FFzkTrMepk1IVkP,variant
w2HVqjrRh6zc6Zxc,variant
LbIqiJvE2Hx7iT5Q,control
buHAKgvdnHwRPyaY,variant
2VoFnO8u2U5gJuXN,variant
looqHRIMLn26eDdo,control
MISj2bR7xBvRFEsY,variant
ucfFbxS67Aim2nYk,control
npjtp75H4pn0BrzL,control
gSHUWSgGIZXMuWBF,variant
Rp3jwVZXo2QXfG92,variant
MlZJEj0HOjZk4nc4,variant
GgdMV9jopLdd32JA,variant
vvqSHFZf1GhX80Je,variant
eUjN5glDyBQmUWv1,control
rAhfkC5O5egv6U01,control
dFsSGa1TO3RXOhFD,variant
TBOZFyH8GmyPNM98,control
3RW94RVj64ERky8T,variant
1ZSH6tgG94I8CZle,control
lCItK7apDiP8jmV9,variant
tC4dTWBKm4cKVsBs,control
qrr4wNXiCYPCb7q4,control
3SEBQVZM7DIVYtpH,control
nztPYxQrQist8PDz,variant
EIc3N8CfZaZxLHY7,variant
gkkJtpexDDM4VUKG,variant
t1vO58uK1ALILN7f,control
FpBpA0cWuL9LDvsE,variant
tUsbNMAhS1AolUng,variant
qzKtjsrDDyxjbLFI,control
YKggAjGQ2gffmVmb,variant
sY8sX4LbYzftw1of,control
BIkh41XWYYxuW6Jg,variant
e5Cpfn5ZbyEXXm7r,variant
qSBlIvMa9KuadF5a,control
mTUqlg2Y2cXzEJ9z,control
cR2BRqLUDbhnKIPM,variant
9kobKQFNmQqoGYpY,control
m2vwJQXXjqDmD4TD,control
gjIbDsMK7cyH25vL,control
nM1bFQ0cOhzFkXao,variant
ddBjkXw8UcMMqvZA,variant
3ppNcZUGPbMTVA7o,control
gS4PiOf34lD2t9t1,control
TAt6gNNDhbnjXrrp,variant
ZeZEKtwFPq9mWXmq,variant
7ozRBPSDQIvjkLGf,variant
Kg1Rlgb7a9wyrRgY,control
1cCj866QeHhnN2fa,variant
3GNkXxjRZwpKp3RE,control
fDKaYPyT4uILeWXl,control
e9iRZiIa1UjTMJ5K,variant
ZVIqmf5KVFkqefj0,variant
GDuPqAc7CbCWJHKP,control
a7za65dMnTrHa0vp,variant
8vXpBB2v3fyPbg0q,control
ItRbgFWsliAnbud7,control
YuVvWbqsNxtLly9w,control
X6HFYxPy89cyBlzV,variant
RhekPIA2ORLsV023,control
8FTBJrjFrlYhGT2L,control
nbi8ReHsgMPqzTAQ,control
BtfhFsF9sxx3q33r,variant
lOw3VrppJwvMGx82,control
8tGEN52hjauyF08T,control
Tj7Y48VitVt6Ngku,control
LUsTof83jTpSk4Ih,control
Bcb0nZC01UcaotvH,variant
XGicbdp1Gi4NLZrp,control
hw79JcoLGrwQcDSq,variant
X55FT4gMn53oRlhp,control
OHTx3CpeeZD0XXeQ,variant
mIWyXnRTzr9tHgU7,variant
joqkHAuEX4dO67Wq,control
W9VtyNwoGs4oOep7,control
SVFvQFmLzZqe8WGA,control
eKgVrEfbmP0Zkzub,control
N31Ytqp4PenxYdZV,control
xU7ic2irJsxdiGaZ,control
YIjlrnjjrxaDoh5I,variant
rOpuo9eS1ZgVgAyv,control
VmqORmzieMGdBzdp,control
KvJL52Iyhq8rX54l,control
44GwlkmIAyNcWySj,variant
qcSvLnAPtVrmPfjK,control
CfMkVyRRD2t5KpEC,control
fCFiK0wprsRb5jlT,variant
rsLKAVnS0HbRGs77,control
AVDgAugVyLrGGF5y,variant
nLLdR9rjIIN1wyar,variant
oyF0tq4kmytyPSWE,control
0aZpVBuD6cHfQCc5,variant
GkSeXFUrUtZZMW8N,variant
BmzpyjCTLt1zFML6,control
W0xENl54Jjfg0EAh,variant
cNU9uaS1XogoycD5,variant
nZdJceyEkhzbBV47,control
jXMK8MuBL3G8kSRa,variant
0UGczoOn8w713h1J,variant
tZfGBXLDTQqiB1gT,variant
BqN7VRR77eenfg20,control
q6iEvSi6pJHSmslJ,control
jpB3sNfdDMETASuK,variant
i8IPUZuq2xEf4IXK,variant
myF6aW5I5s0Z1lNN,variant
UQtGCp9ngfuJvN1s,variant
ycJS06HkVPUAPbfT,control
bPqN5VnjSGP91l9F,control
WxneYeUFSWG7Td4D,variant
OqcmRVJrwIWGY1Jq,control
MHleVN2A7NmznFkL,variant
p24v4UpmlrCrTb1b,variant
cC3hklFdixW3pqUZ,control
5vgjCJx3TnnyTvZX,variant
UwFzYASlssZHFC8u,variant
IPel8gObyjLRfAI9,variant
j8itKIKNhT31EWQ5,variant
pBfFBkPwDiBx6Bxo,variant
MXGUHvCHPZUjY177,variant
SD3k1Hu6m1y15ua5,variant
e0vgmSZwuftlNiXB,control
kZFkx3oOIqyWIsOE,control
q2XwUa85jhP8zHsn,control
hYaVyxUt3DecFq8P,control
ekLdMsMTWwqmAabr,variant
JSGJbdpd4iWuwZ70,control
bcwz8UgJRGWJd1wy,variant
OzBBujAYYo1qMIep,variant
wMViGI4NXxxXxsM8,control
yZE6LyAFkeRGsQU4,variant
pIkkjHZew2yCNmUF,control
HlxNuCY47wGhPme1,variant
Ojnx9kT9cC0VZDWK,control
5gqt1kRy6xbAs5CK,control
k2sBMuzvfk6n7J7N,variant
Ob4Q7tv9Md3CT5xa,variant
x5DlsK95NQ1dotRt,variant
128ujDxV2NZN8LcC,variant
hC2jekdW5IXN93lu,control
pnuVAJaa8voZtcni,control
sNHdGQKbASqWX07E,variant
Of7ZEcNcGZ6muKpu,control
3V3RmdEiVGK0KxyY,variant
OC6NYXUJoS7rter7,variant
NaswzWC6Hs9V9rb7,variant
AfMf6fEOND31uORr,variant
wLwBJygr8terPNGo,variant
IUTauhgOXRNNDLIb,control
ThLdKumiSCO3xplb,variant
9sDpxmew93LE03qW,control
WczmRLvuCSTMenrd,control
GMtmJSdIhZN4WUJf,variant
39v7fPJipMT6LGrl,variant
1AUaoUApuaCcl7BM,control
KE7E5GGUNkTCy2mY,variant
R1s5JBdc5LKQyOIC,variant
OClItq0l4XJjrDhO,variant
YmE4f1g7uLQWYB4R,control
uuxAAmXCM42BKCVv,variant
JDBwGdc8FdalmH76,variant
CiEgm1bGXgrYh2lQ,control
6D6iBdMqk6bwXv8z,control
lFiQezgCGxyECeLS,control
kFhtHUPhbuo8fe11,control
cQQpIiIsQTHMjjta,control
f0T6bLGcJmIoSvQd,variant
9qeu4xEN03DPgW7g,control
AxsO3HvZYAfjSEyb,control
jjzevd2HgXqk0XhB,variant
7R3GZ9yul6zCLIKT,variant
RSSCWx6ofFRHJt44,control
0lIWL3qAqk2MbYb1,control
CSxxpEWQiA3O8nSy,variant
QRvIGANzsSMSzfcf,control
Bcmm94ma8NKEZqiS,control
4mKnkyE5n4gxWJPP,control
UZROcURzUzaokKgl,control
Z4L1cP50z1DFJSYK,control
261ra0uBVpVBvsVa,control
EZZPHTNfBcEpqRAY,control
xtFImVQt6VZbdA7y,variant
d7FqaGDe1lLFL4q5,variant
1SNFxlUEsCuzZBqi,variant
uX7Hk2tW0XUMp4Ca,variant
7r6vhgyDHRVOZkoI,variant
w0SuBmHLfRde29Nf,variant
uBcwhs0kXj5BtRZB,variant
Chs0V6uridOyHiir,control
kmLipdHgo4LkFADZ,variant
qJsgQS65uBcnbCrK,variant
SSx3Tl0SFrmdw91j,variant
2eXNn7HBhpEgcCJ8,control
Mdi2qWtnTC4mJS0q,control
U9XQd7tkPvS1hBSO,variant
DGGU1JAtGyRQsUuP,variant
G3cnoGPvaEUI0tF2,variant
1lYp6h3nr2DGH3RW,variant
H7W0gffvhKozMc4j,control
cDTvcaGsJ9H4EQxl,variant
mppY2Z0tOVAMmdFS,control
NHMQqxCTB9SUvB0y,variant
Oc4mEmOrKQHq2ZuJ,control
16X3ZNslBkVKBIRo,control
pSgUcElhy8RXIl82,variant
uz2bnTdqUVexW2gw,variant
UqlkYkHUKXC900VJ,variant
A2PvbUJ8VD6g44lc,variant
qOFhwLDoj264LoDT,variant
zYSncJz8nEn5NjiT,variant
NQPrJJlX8NcrgEaE,variant
1mCcCIou9sBdSmoY,control
VMFcD5tbXykaVWVj,variant
qDIXsT04HFlQ9q6f,variant
YmMvkgSSuaDsY2UT,control
CI60tJ8MawE3YIZU,variant
SvTgGSJRgAbqa5TD,control
vB0GzIkgBy8OE1cG,variant
Y5H6u3KWs7K2unj0,control
gCN9hMmTskbWfCOY,variant
eO9D4M9JAXrZW9J7,control
961p12eiHHJEZtqt,control
Bu4scDePfcWPxRaX,variant
Y1ZJoOLRrwUCYOvx,control
SVmGXvIqve8yf0qE,variant
q6GM19VKVdQn8mAx,variant
Ah0ZUXMuY4OkEAPT,control
VAhGlIHpJblA3qtu,control
DPthr4rr8blFPhYj,variant
knzUD32PdMkx1vcK,variant
5bluegd9Q1OJ69vC,control
7izlVahGZYdn2Cni,control
izWUPqOd78TcCyul,variant
1aaSTVgjoNk3TSwm,variant
AOqX8YmlCuttEhxk,variant
MGPodaFkDKsYJHg7,variant
St0l9FbvOVNxXEdx,variant
QqNsNL2HUGf7YJmU,variant
iIHprrLXQFgwwT8r,control
gPNxnXeT14v5vjzo,variant
LOP2WanJEBHI7M9w,variant
TRs8ro88ayzI4odo,control
PLSM591avkTLKYzY,control
A5mghTYYwzR2AiTL,variant
UmgkjGMX2cOCK23S,control
ppRXQWgoLfrsZYbc,control
T1yJ1WBLBFYOJMJQ,variant
19wbjfhoSCBvHtGo,variant
gxzXjoK6xkNuN9Lo,control
oKSnQZuRtGcNwRUw,control
AIyFvh3YZ9LrBBkl,variant
2b6K7dOSSUHwmgFw,variant
WhXUUKHVCKwLCReZ,control
Nkn3WPbISW6IPBhF,variant
dS8gMVAK7qjdwneb,variant
TxrAxCkVr6V0dGnR,variant
3PF7Y8dtucyd95Uk,control
p6JfENmwZdKPKRG8,variant
3PCKsYtFR2peWTlS,control
unKvDweC6DrTX8Za,control
M8qcPgABR1Eo20Vh,variant
fBdDQqH7fJIMMpbh,control
oApa6jgVjlqSloTY,control
FFYznX9z8eZ8LXTd,control
B2amQcWXyPpumZRJ,control
hRsU7pltr1lVy7Zk,variant
vZTHmTLlMJBAMmQN,control
AYEb0rz0PE8L3vJs,variant
nnXCqXXKiad5gknP,control
sNchCXKZQislAKV5,control
ySLVXqR6GMnBr2GZ,control
Po8kJo09VD5oWwQX,variant
7V6oCkSrNEivkqG9,variant
kMhY4dJsxOWrGTJj,control
2nglv8AVKkJ7mF9h,control
gQQ5qvTHt0hvAHuo,control
eLqhsewsnjEmvKMj,control
EQImDHJIUd20d9Uf,control
2BDAeRMIMRosDLFN,variant
CfzAIBeO3V1pOrmQ,control
yjCjfpyRdKHsGdRH,variant
lEpbW57bJf87wM2U,control
ZRKTpQRsW9x5AgDO,variant
n5ZRol00CwmixMDa,variant
7j8L5UoimwGicDiZ,variant
y8UxFgJytq1Jzs7K,variant
VcQ4BvUs03Tp3fKE,variant
0WVHE7kJfAgWFh7G,variant
4UZRo2ADvUCOVDbo,control
UAgAum2qk6j4GnK9,control
hGgHggO1J2gtrSQO,variant
nN0nuW64ATzAxePL,variant
BPQ5FxfjTZcgCHgq,variant
m5uEiSUmqhiiNVZD,control
9gqMLeqN5apqDEIS,variant
hV3DMuo3H37AbjeA,variant
8dUmquwGX7oniRKD,control
CwH22g0iXdb37AGF,variant
4RSTKABc76JWYQhR,control
XXOK0WSL3vno2Tdr,control
al1OP07XqsJVgihy,control
gPhxqlTEl4blATg8,variant
55m0JaWIDEqhc6jH,control
vdF8CTkTm68dbHQv,control
eituqlBrce70ZnVz,control
sOq1MPdPIxOmGooE,control
QBj4gGgez882p74h,control
vHNBTJ3UgZN6QB6b,variant
if25ac9jKRwGi0mB,control
YgzpN5zYM2FJP4aW,variant
umYzSiKwabQBJEOe,control
KyhHMWF56kUycSXZ,control
FZIFHKZeSBBhApry,control
5Vah7uHxKzUn5CDc,control
gJkF65loL5xarT83,variant
gPObN1EGZDEHgypv,control
J0Aq8d85IOvUZIRo,control
8ZNRumUkW03AERFZ,control
Dr8pI96i9MYKYjZl,control
h9cs6khzS5w2jrlM,variant
zkjc9g8d8NhLmlIL,control
1YQJUboWHMzVeVyY,control
HUdHA2P13Cer8daX,control
tfttTAzFjrOljxx0,variant
YLTyh2nQExptLUon,control
0lHhsTe3AOmFEOTK,control
bgVkkwERSh3FVuEa,variant
mkCdJo6c3YCubfE1,variant
xNqeb5leP7Otha3f,control
31kcEBUQ3e7zp0EB,variant
gLiMIQAl0yQCE59H,control
GA33bnmxeH2wsDWQ,variant
pZXZNHWknVUoI5gC,variant
R1vwxIYj8hVVlC9C,control
wzKFZL4fhql9v9nH,variant
sfrJ1KLoLNi01f1b,variant
pZaD7VGaMpqVVLrv,variant
v76IENAJ82dW1eyE,variant
nDU4lASx2Drn3svz,control
gBLeJr4nVw2ZnFev,control
BQlrJEmt7SJ282gw,variant
H05XFu7fpI1U0tPO,control
kFnxRMQEqyiv2SVI,control
K2qBa0i2W8mUFB0E,variant
hh7HwjKVyYGSdgGb,variant
VTFe4TqlZl9I9uu5,control
b04uokjrwE123z0b,control
MgxMFzwnCy3Ebbw5,variant
UkCPIWiFDo9nYqvZ,variant
DqpZh6MElG5lyLVr,control
s2c8IeIYAKTupByG,control
9qQDO0db7i1EyKJ2,variant
exxCXSEK53swI1Xf,control
f3KDahByG07LZnkb,variant
0DDdmgLcinZkKnsh,control
6g66g32ccrSGKBJp,control
oC6rWTTsCfSX5U82,variant
AgAs9qOkebU3lPPZ,control
kjBgnme8YPhXaekZ,variant
QVjoMUCyVfkqop3b,control
JsLXukOcHroy1XYo,control
DqrEXQr2Imn6Jren,control
yR4MlN8900BI1acQ,variant
XgiJwxjX2V8lsFxv,control
cNA8si6YWmbJCkHd,control
dZayzkwbsCN2Zd4p,variant
UK98AeowWcrQzf6R,control
15q9TLPVXAtfYIlV,variant
cVd4ZSddMuRbpgsQ,control
GiK5qAGWl4S3kmEm,variant
LzEvftujsIzgKheR,control
J9YBXcMho0AWYJpz,variant
S8Rdlq5ORzEoZHCi,variant
nJd6L3K7xqmtqYA2,variant
GuqvycAATloLtvbd,control
Sm2F6vyA2qfQYph8,variant
GjHsnc283OwNkUfH,variant
aIyCwrnqbEsF91BO,variant
hPO66NMvxLb8OOsO,control
bBF9spDvnZ3aS1bv,control
TGoXOvNMOOkdgugd,variant
l5A6qtE8zEIieZVh,control
upYprU3Brn3VKNpu,control
a78k9kb9F1s3ecBz,control
wDhJCm6yvTGK0gwf,variant
ooNHnCpCwjU2dlPH,variant
dtBBfn2IU5as4amh,control
r1IwXZzOLtbz94Jy,variant
DrgAkKhk9xDDZ8Zo,control
3IMxhQPtOUzZxveo,control
JKCoAW2h74CsEijK,variant
j1Gy413d0ewM2eZh,control
qa1XlIZnVrj2oPGs,control
HSyphIusTk8Rk7kv,control
uAr9PVNLDYSUSGu7,control
6bmb4QSEjwvUCGEn,control
jrkMUcb1hEhQVbv7,variant
egtBmbFzcOP3m4uS,variant
KwgqBUDexg6H93XP,control
G6An6sVYLlcg3IyW,control
os7swk6uZHMYgPR2,variant
AXwL5tA07hKcbvfM,variant
NJRxlqv1sil7F0Eq,variant
wjDszzkt13SdUly3,control
5jvgxbFu8gh0YLuh,variant
4yBB1EZJyZ3OK8LY,control
lKKE9rzfikE2T3b6,control
CT4YPe9wJg3mP9jJ,variant
po0Qsu3IoVnCe5Wr,control
Ya8A7AyOunZ0tBuw,control
k3btx2yKv6xolTEQ,control
E0DOthRDIuUN5BMq,control
lZXr8U2B7cYopv1W,control
EEakfwiZp95LRsSm,variant
6FJiTTWKEE62sbSF,variant
QHau8cARgGiDr3zt,variant
LO2EhwXyUaTrsY9P,variant
Z0fqTSh1PiK2AJff,control
SdvNAKbiktZQM5nz,variant
LDJLI2fca7505rwF,variant
CwJfqrEfHRRAJVZP,control
yjMTMlkWQ0cYvdhn,control
txnBpFUlpZselCeP,control
5qUhNNDjtS9pOpPc,variant
wv4BTSJdLxskNTN9,control
T2M0rlnUr8RPlNAf,control
xYGS1pXlE4K0m5hL,variant
c45t5dRSbYJwSsNh,variant
p5QrJxaa9TJkrpqx,control
HdIob3YEij0yY7en,variant
PVL4NbrC000th6KW,control
Vz9KWdGvfGBx9dbm,variant
TWkIMjQjhewH77UF,variant
pd17BVR7nl7uVp1R,variant
bw3CTQi1gCR8qifR,variant
tjilGFHsGVpXXwzS,variant
1RO9KiDmV7P9pT4b,control
E74YQs7knUygoD6E,control
x2yhDJXnCA0XJ97H,control
uLkGolxX9Kk30s1a,variant
qN2pz5Q6Y3QohDnG,variant
PgrlbXCugZAlt4nj,variant
OwDU5EZ3jssRw86R,control
O86FtdGVam9clC28,variant
EOJbvvOEZ3SnCIXi,control
U1F63AjyWSGkKigg,control
HstXPyeVC2AyKo1V,control
dn3WqupzibQoIxV0,variant
Y1LnKKfrvrYbFq7a,variant
imJK5DEwXB6jy7Jz,variant
zSmqNdwIklioSKes,control
kiIXAm47liPBmtZm,variant
AzCCvixPsLE8Mo1F,control
YT9VT8C4ZHiIfKn8,control
UXWisw4OBpzLNyI1,variant
egwyav0d5BV6nGdP,variant
kMFdazGqAPegyhHO,variant
dl5EkKR60JSvaXdJ,control
hyBZLJJ7Q7OTdmL9,control
Syc2FMakbe3v9T8m,variant
VwUEILOI9S8m1ge5,variant
Chh1gs8MwJPF9SdD,control
YPMecvBvvHCQP72m,variant
gjBd6FvtVtfiBmEM,control
Xnv9K1SxhoYOfwyE,variant
TCwjiWmFWYSOaaKN,variant
rJE1aUZJ4iv3BzZj,control
3Ucb1K3EGFQl5c28,control
VznlZzp0hWWBgo87,variant
OJhjo29rTKOS84YQ,variant
RIb2voKMJe4VoAp4,control
JLrIyv3E6KHwpf6o,control
rLmxmaVJWrVGLQfq,control
dnDTth1bKdjt730I,variant
VjBoJavACojtvXV0,variant
6i3YFqPsNAYKHUW6,variant
jDuu1HiHXlUu4tfX,variant
9SJlOEbpadUZaZUI,control
mXSPEt3g4NGBXRX7,variant
3RtFiHndC8oqsLiA,variant
WoKBX2du3Hs6K5dK,control
YFSVlO3pn19aZ25F,variant
udi3YTvlDDF7Jgqa,variant
nURRLzA8SpTgF8yE,control
p2O5ny9D3glcATsQ,variant
K2S7PgWpFhWm9ktr,variant
KftFTRCdgQtHJgGo,variant
ZFv3NCyenXIby1pT,variant
pk7WIw2eICU2e1cf,control
wT3brDL3eTWkajOZ,variant
RzGA3Xlbaa48GvlM,variant
JutJzUEaLnzTPg23,variant
21lxsiIdSPFTfB9B,variant
NYCP1eeKO82BOUiC,control
nL91ZN9HKWPnrG1H,variant
BJSVKwPq7kFKodMD,variant
jwxJZ5eKQsK0hgNm,variant
K7ArxObpnq7fIqSL,variant
7N48f7VLWuIwl4CA,variant
fugQOpeou5degIJ4,control
oBb34egvWEFhOPka,variant
UNsRLP3K3gM2y1vA,control
OULVMo2b87hRQftA,variant
SwVNq58mdtPy8vZV,variant
8qNkyeuzp3NuVFdL,variant
50hiSqOmifAPKMQx,control
i4PkIChqglVo0CSX,variant
XxKn7kIq62ARc27b,variant
drtunhbzsPBCeQB7,variant
OVz6eoTiFZzKoOd0,control
0JtAu7vgU1EqXg9s,variant
BjAmbv6t7QefIaIc,variant
1JgCokrRdxkf5Y57,control
rocqGHDs8iNRE6AU,control
y2g0Vgt0RWQJsbH3,variant
qxi1aPB2ouo4w08b,control
TJXibbrqOhHHeRC9,control
BpnZb3N8d9ZOZEzA,variant
4YHEVkhlISHmAhU3,control
uOkvuBcgnoiZQgls,variant
ArmQaLuHmSYOYwaw,variant
4B6Fh2znxVCdrn9A,control
OUcD6JwrTUN7j3l0,variant
OhFqOS9nKi45zVYx,variant
wEMR5bXrpCkbndMH,variant
0TMiNOgYq5wSkvrW,variant
BpPd9Jvku4NOpP2i,variant
I4Himfd7TB8kH85I,control
e4Mkl8QsmdnR6b9h,control
vYmuuBGCKv5z6kkS,control
HsV5KnCsKuxzO3lV,control
sUWDocWm6i7mpYnh,variant
1s43FIwurVnpxWZF,control
kSk78d8zTeJGnFgj,control
6bjIuNPhTri1ODdI,variant
nn0VKtCw3UuEFOgm,variant
8whlJpzCCfKGET8O,control
rLUEpNYKnMdD70GJ,control
DnwVB5gPjdRLmuGN,control
BwFVe85zMzcx0HHt,variant
2DPtOrLtf54P7yOO,control
cRQT4sjYeviGoxD9,variant
J5MfoLMZvc0CC9ES,control
bISivsXKjTuqcgOK,control
Jc5mODw7gDChjG6t,variant
CC0uaYHR2FSnKI6x,control
WaTfWdLa8OEJiO81,variant
SwECWuc5z8ftU8Tm,control
OwoTEd8k1b9pYEV6,control
MQRd9VB5pMy9meDa,control
e1nkH3CroTyDSbYN,variant
A1WoFt0nAcWcmyra,variant
M82ebDqC0PdiuQ5l,variant
lXd8BiNY3FmHsneA,variant
B9zjxqZpqa7u1UWQ,control
veJ5u3iAV9lr1IoX,control
RDSGJNY0DzuKQ4E3,control
388qqH9x5GdibI6L,control
SoQPcEZO4P02436w,control
lh0uuFq1Kxhrk176,variant
jzUfYqwPKBpl5u6x,variant
BKuGbK2sBoaQBXIF,control
Bixd3SOcVvN5M42W,variant
y7V0vXVUH8tJKM8A,control
7UWFPZCOVFxc1AiN,control
wgqKgDmrEvnrIqsE,variant
M0JoC73NpGypD4Hb,control
NRQLY7reUNflYlli,control
3PvWXpdXcpn3OLd6,control
b2jkMz4KzdzLBbbp,variant
74wwmuMy5K4WmoBc,control
wdUX79cMhQy15OZl,control
eGTyy4I8oPzjxICL,control
exsTWRizyIXJn3fF,variant
zoWE3K8L05KsnJKk,variant
AbvbtRVqdngoDpNb,control
saE2dA530yvQjXGW,control
VR7DDpiqI7XUoVBt,variant
GGJ8m9dwhmxNTD7D,control
yGizxGMyZSo8OVWO,variant
ftRp7uoMP8dxcXaD,variant
m1rNkPCdyJJ8RNBS,control
huIRrUyTOe98Uhwc,control
RKECOtcwNumheyMK,variant
8OehRdO71vnsmIdG,control
vakpdCMRLxZi5hno,control
09vKofatOJbfbcgt,control
WO1OYeyLrayqToeq,control
u02wQjq4aKVglNX9,control
atREdzlva9ac0l1u,variant
m8m0Or77GfywxKzd,variant
LIWkJytaDdwIPvE9,variant
a6dsDaVsZuvXbfuG,control
sAKC7BHaVyuHzJIw,control
qUPlRtMAP8KtZkB9,variant
bxplpJby99CBjSwF,control
Eso2G7qZJtiLc1br,variant
w9sgI77XttsOpLuC,variant
R7LS6xKCESZMlD0d,variant
DepAdhVhqTRcAZH9,control
SuQxRX9OCMf3nXnK,variant
ZxmalYPxKtfluc8A,variant
T0JqWToMdqLklUFA,control
RQAWNRCiQcMCuI0V,control
jwMyxtou0Plr7w2O,variant
COJeMzMkPk33rl4p,variant
AJqWu2KESIAwFqka,variant
BrWOtgK9pMSSUwFW,control
q6sPHn2cMy7kWos8,control
QooLo8iesxC97evm,control
XZWUTCpJqtnXfvNi,control
FxGmIfWNDLpaPrvz,variant
n3KWnzXJZwbMgMSY,control
vBLtW4r4xG62SzsV,variant
Pmj99ni0kcNlIMTM,variant
FMnRaAK7Qa2SCx2q,control
IEPFsEMtBcFvR51P,variant
0RoLs9E8ze4t6buY,variant
7YJBtKMJk24cKtFU,variant
yu5XpVPawQWxUyg4,control
5LUUMIn9icLtOGOR,variant
FJzVe68WDqf58oam,variant
VH8Ds2b04Rl5NRxk,control
ba45BdO6D76g7vzC,variant
yjtnGeSfv7qoMNB0,variant
brAuwg8Z6V9silTD,control
gbqkX8lcunoYPOjZ,variant
2JYjq9Ry8AGkmaEG,variant
9upMwjVGvOfUJUj4,control
pmY85tdtvCpQUQwD,variant
4DQc3xWKmPFKlhxR,control
pFHIFXqbz1RqLWbh,control
TfiaeMinAiJCtoJc,variant
30w51TiDsLcXVcHb,control
5AwPFUIN8rAkMsyg,control
E4bLenrJdxm28u4G,variant
texIDB0YSgPI2DHM,control
i70l1CjAsmPK8Fou,variant
chfCsqjGmAPlbjuw,variant
aGZ8zovya6zuOxMp,control
FpmPFXOR8xmkojPO,control
44c2pRqyDU4IK7mx,control
Lz5i98sBgSvDKpJe,variant
CZYwfJ4GWOp2HQzK,control
mZqFFBCyUvA89RLt,variant
SXxUUhY2nMneUuo3,control
JGq4tapSrjwrW59i,variant
T0DmZZETQmFqc8a0,variant
eFyS3eKwlH8wpW9e,variant
RUBfmQDzqi4pWZ3r,variant
mCQSx5SRTmyOTaid,variant
Blx8TiILIG510I9T,control
tbRzPmDZFJsva4kz,variant
Vsslc23rWeVxnYLc,control
flZ9kM6zapVWU0ie,control
Zh8uGMQt50SvmMkr,control
DGRc57aJfKCkZ2mk,control
6LYyo0mPGmL05xtR,control
q6XxzNFCnKvHAB4v,control
74Q5cv5VupimjW4u,control
WPNgTvruYXnjGirm,variant
6q9wy1pxEkwOM8vG,variant
OPV08rnBkx8J9smG,control
0sUZFo4k9w6e3vPr,control
gGcBa9WUKvVRsncs,control
GuazjImfQfIpOh6c,variant
euEnKsK0tZb4gG0X,control
PfgRrQ1CsydYmFAY,variant
HBihuTDCimrL2vEI,control
P9Pji9ER3NxOWhXt,variant
qBfPGB04aOZIxfgi,variant
K8pHIIt5w7P1IUTw,control
djQkN22iNlqFwoYB,control
ZLeNr0uocTzoS0t6,variant
uzOwWYydZjvcsEiC,control
KTg0LxhH64z7BBT1,control
gcZv2L0TRrlEMeRO,control
CQJn5RrgwG69SpKY,variant
yi2BilrAz3zj58qY,variant
FxQVhDzxAoBkMbYi,control
XSwGsmnFWvtGe9tn,control
AzFDAzrSwRUxdOc8,control
1QDUp9gMvOEWmO8O,variant
ZCBR0swUXhyL4LIz,variant
cbe89tlLpKLJTCIW,control
K1uuBft97J6mNkx7,variant
swEKK78cHCcogcUQ,control
pSHtR08MGn3PI9k1,variant
tD05BoLXmUIUx3aP,variant
xAr5zChRzeGN7eWU,variant
Jmqmy5bxJyHlsXPD,control
KQa7cWzoT3UVBdsx,control
84NfpFDIh8eKlyGM,control
xkPINahwtFkg5D6V,control
MmP87WcgQmKywYUG,control
eFDEmP8ew9ajXA1h,variant
ZcsYbWEV0j0pKtc7,control
IHuJF1rH3Lc0cAbc,variant
qTM10LNssReenAWV,control
J4NIue2x4MXxNQ8T,control
XmLS5aQMjbpKp9wz,variant
pAUODGFikKfDNo6V,control
Drl27d41pwk16xvM,variant
3oWojBJ1qJvwCvkJ,variant
RC2PFnrLKH4SwFTc,variant
2Q6vwdm8F5CNN2S2,variant
jmS3qLbqRz2LKeyi,variant
7BvCI2teMRFMjNqK,variant
o7iFwk7mrW3iPe9Q,variant
vFUb6uBZxxnKAxfz,control
18oCJjB6Yiu5jd19,variant
dfzNphBpLW8a9sXq,control
WBRlfghcWuhB6DFk,variant
tXpy7SiYM8WNN8cp,variant
lo0dwAMQ3KmQKNuC,variant
9CWkYXBje834yGqW,variant
GyG21iAydiToppmn,control
vui2O0djI0iYVpWr,variant
juY1ookN1VPOU19K,variant
tHvVrpeasju8m2xw,control
wkUbf0koil56JBwA,control
xn1IAuW9mhRRR6H8,variant
Pwia8J2TpyrHLcts,control
mqnDvQVQCXb20hnH,control
mjhgmz936Fs3o1b1,control
KsGMXGaMBq4fZRtU,variant
mlDub0rBdPQ90fLi,variant
tSDKLdLX7m2IDPdy,variant
EUlo804z85jl5vN0,variant
uIgrA7IUbFoSxtj3,control
xxxNV74VHONkzaD0,variant
Qrz08U3iiagR63PY,variant
8pLkYyCsr4U6CpTN,variant
hHfSS0DRHuZ4lWfM,variant
7f07d0iejUhwd5Kg,variant
fSYPoIXFnIkj8qm4,control
H7SYeVjFlZmuV105,variant
G1OVYUX1FlTIJLVB,control
mlvRbCmIm4HsiZEG,control
ASbos4E4pQofnALs,control
KQd5z7iOWNoOKdzZ,variant
rO06I1OO7C0xduMg,variant
8wN6ua6OyE2RLS8e,control
0EY5a13Drh3zN5os,control
jxpQERppB9tI6iNj,control
8SrSSoSDVFNAAsjR,variant
Tf0xiAgf1GuT3LRq,control
EK8kBelc3OL1bzb1,control
lNbO8p7D4UTZJdk0,control
xrAK9bokA3WVUwIZ,variant
DUxs7CmVwlWVOCfY,control
wESuxhRivdmHcK3B,variant
zX0T4HohVIxZZ72K,control
d2lso4DSKlsHgB2B,control
CKt8kXXMPwZTttkb,control
mmOWo31E85w70v18,control
p4PCtBARCeZWPL0Z,control
LR0YbS1tQUmzIThB,variant
Oo2XhkC86eUU65g0,variant
rBllJCk0fuj6FUGq,variant
c4Qrj0OMQhHKOGWj,variant
NryPOJbsjWc0sYz1,variant
YYUyXqj38TY2Xkkl,variant
NV43hxnwX301JqSe,control
cit5XtYsupGexozR,variant
yBGTrrLGAWXoRmZH,control
dIsEyNllPyG7KB7Z,control
Q9ince3z0OrLu4Mp,variant
NwCj5ekC90SAZHnO,variant
Pj7P5YkkIsx1al8U,variant
ncZSXFpLj7qWNdoG,variant
M4jgGqlqU3p2ncYR,control
YXDTZ2OIz2lEZqKh,control
szdoYU5nDV3PxTZQ,variant
H7scdkmXrsRG3LcW,control
IaIJLM2yNmdfkah1,variant
HNZiJWMPKP6RutLa,control
I6BgQ3RiaJHHq0Fb,control
JyQY3zS1zur6CYxU,control
Bl4kAwGpBBS8L27f,control
P6CH84cfVL3mJofG,variant
Ol42QmGYB0Je2yqK,control
sIQH1TfsagH3sGzO,control
0WPALzI6txUu71zt,variant
fcjlGv98pqjls7Nw,control
NjjXjMDdaQseDzNH,variant
bxnOPmCaTHdBsaJQ,variant
m6XPeGnp35FXAIcd,variant
gmOcqU6jUaB610jg,control
McgiNIzemSDNX99M,control
6jPwkl9mNW3TWYpi,control
ZjCiGxIkMXm2wyXp,variant
3VujONsI6B53ObY9,control
DNXNeL9Po7JcxOV8,control
VU3OW0l2hn6rR6Tt,variant
weaSTbpevals1v2P,control
R99YVqmMB6ceJ7oq,variant
R2TCdFWQLdmtUrWY,variant
PKlyDo2JhBZv7W9L,control
p5eTHW8LkbyyaEeN,control
dYee3p1rQq8IrdYE,control
EiEeJpPOpt1DzWE8,control
XoZOLLQ47tIwRUMy,control
1XvUh1ioVtI6Kc67,control
HHJIiD21zlxOsRpz,variant
w4GP4Dwj9J8EQ7vQ,variant
Q1LUb0w1I67K8F3Q,control
0l5IO6cHLxLqNa4h,control
1oXSyh8ZFXmTofGg,control
GUCLKRF59c1tnBLd,control
oqKxLPOJ5OhcDvZG,control
yZ6DKcdC4Fw3soYp,control
9wNTKasKIDqMWzm1,control
vTwRQGAIliHnKcRR,control
8ugGIkSFv2PsJ1Kk,control
OmBWom0QGh2FK1Vd,variant
49YrwCbmp16hsFcY,control
WFOuy02qyGEJw6UR,control
yWRVDmQUCpLAzkUK,control
czHGobB8tLR0pTdh,variant
R2TtzFm8eRP0YmOk,control
K7FSPrCotRJeNKGr,variant
sYFPvO5a1yt5ISff,control
8XKW844cKEI2Soqo,variant
evTkBnMc2ZPkDLeZ,control
vmRYYu6KyZuBOdCU,control
Iwg3ZZTTi5wc8i80,variant
dWyfV6rSgIEL3FI8,control
BReDvqjgdPAgwk0h,variant
hKegvJbxYbVlUP2z,variant
L3S9fwbznrL4F9Y6,control
5nDmNEKSLv6B568s,variant
Q6peRWbjUstCyqYY,control
mSp10IJ6MciN8X0T,variant
Z7CecjEkqNOhZ7bd,control
9pO5Oue5Inofpw7E,control
PTlO2slS2mWbt2Ei,variant
uhMKCsISLzkJIdcS,variant
UlFUzQQmRLC2ZYs6,control
IVO6AT97EcIxZgY3,control
IuaR0fMHr9yoUFPW,control
XrECo5wLOkowcsax,variant
WkDXk7MaldyhoQD8,variant
NFRIuEJARh6w9wP5,variant
2GmMZ7I8pl8EeXNR,control
7yucVjwqPIybATi6,control
Wd7zFCvUmwEYOJ0N,variant
E7onIxDDAWNnSUk6,variant
URz31ui1UaRfavY1,variant
mLWSONEoXb0EzbkG,variant
ru6EzDMuWpgvgbKn,control
hCRgLSvRqpGMIL7F,control
0c1chTE2ieBoWAPE,variant
6NrLW1duUPwSvay1,variant
1OB5Kkv12y0uJ5tp,variant
B3CXzNbWjmoiAhfJ,control
XxczJumZkh4TTVnG,variant
b7ZakfFolKC2RvTn,variant
seIyXLi5g0rbZjRb,variant
7S8h52gIwhuGUalk,variant
VDdHwF8cBd4XlxGc,variant
dDfWDhrp0fxYBFyB,variant
uhJ7iNuYa00djzNc,control
R5iFcdfizbbXuvcI,control
X6LG4okjJnbSVR1K,control
YCI0tuH6W0QGshEk,variant
hyWtLg0mMQjhP1Qt,control
qkpKPFz5ZKZiIcEP,control
gbyNlD1DCOkYZwqm,control
Ga7NmLcpPg10cnpd,control
E8mA6ayKXRki7gnD,control
x8cV9MAaLzf6Pl1Y,variant
LTIjiwD8ZYvUish1,control
desTr4Csfe5Q3e6h,control
AKQ5SLKrzPpvTwUc,variant
clwUkPZUX4TC4fTp,variant
HYKkk08y5sFX5h2l,variant
OIfu0z3aqIAXXbJa,variant
jE49KeOT0mS69xAa,control
WthcWF6R44yyXn9Q,variant
AVFAdXMkVVcy2xih,variant
ME46qQEddKhPWfiP,control
hForweXAGb6PL6Bx,control
YuEkXBVNdQPplvIQ,variant
3pxIB4PCuV5yMEoU,control
PIL5Xv7eVmFc9o2A,control
ZADfyB9vdozri9Zd,control
VXeSf51YlEU9igCn,variant
YtV2F63vJRr5NWyE,control
3IzdPVtHlp6Pe8RI,control
RAaHQFRMGE7mSbDj,control
wGMS36CDHZMqvekv,control
FxkkqFsAF8yBNZAn,variant
P4MbqaSFs8nE5rZn,control
Unxepe1m7poEeuDw,control
LCmFV9PAHSWGdrfB,control
R45A9z3tmBHWwjYD,variant
ve0RX9iQdPaHO2zr,variant
pwTJzbRZeC9dUIvW,variant
hRuh5ZZeuALeu8hv,control
rddKoLAuVTTV613d,variant
ks4sANPBeVyczjx9,control
CSgRwTAPiR3c9mf6,variant
LusyMdveaXqii0xj,variant
tqmCJwArr1icg5oD,variant
i68OAJrEq10fMyPP,control
6LL8EYCNiapLw6hU,control
ljpUQxMhkOzgooVc,control
poyGnx1kcifE2pkX,variant
qWc6sx2UPhWJN5bw,variant
NDygBOX6qFaARJWg,variant
3cDaYHLQ240JGQp9,control
LkhZanDu5uHLzOn1,variant
N5IPrt7iOY7SGWdd,control
6V7pUzfKvPMgPDj4,variant
ofxbN4Zo0ureyJjY,variant
TwxS8j1fmuFQ14ob,variant
56oYqtXfo8q3zvil,variant
v5wKnxhzF4BFvWic,control
yM9lCcOTww2rkJzh,control
BrmJPNRYlv7b3NBm,control
Gc9Hw2FtB7hcDy0D,variant
CUDHyq6xLBG9JYgw,control
1TznPBxgVJMoWcVb,variant
g4puilCxGnQr1eo6,control
gynZNJIRXxokxkRY,variant
q8fuho1ZF5jBolQr,variant
3KRxK1CjnpKkYzNs,variant
Z1rDFw0l5muuCCXA,variant
CoUl5Oslwe5z0Zjv,variant
MwkBEh0MVBpTUZEO,control
VpeI0ymCANqKLC58,variant
6HDEvTy9dIOXRi6z,control
AArDS6TEPcCgrpW4,control
FLyRFsc57IXCkfsK,variant
SAezIsq1IUWmnD85,control
V4QqK0orVnnSGL2k,variant
k4V3zcyq8vCTzHz4,control
iN8kgD1bDd52nm1y,control
mmK7Rfz1nhxvNMWu,variant
QzjmP05nigM5EXph,control
VYoyULOoygz7hrup,variant
Ucam18FlEObOh6ye,control
SbP5LMcTVLvNGZFU,control
q3r3c3fW2m21Equp,variant
qFaVLhabUKxAtU9u,control
PKIL0oXTPDdQZMow,control
Oozlrfr4X1xLBose,variant
dq0jlegRwbDZWSKe,variant
tzRRMfCjYpHEJO5e,control
GQsF4wcaJOBVMemk,variant
TvWwl020usexDhb6,control
WH6wc3Z55x9r89UK,control
1WEnanOeEEDJ9ac8,variant
tQVQuDPRDejxS8YM,variant
9V8fj6P5Q1jynUMm,control
kMkTWpGOO7F6jYop,variant
QA34W79YSFfUVJhy,control
g6qVDbq4dznheeeA,variant
ecLDahmtfXXVhDWN,control
o5jGiWZ4Gin3FKfe,control
d7VpjEEnm7dTzx3i,variant
IPoxEsbbOJKH4MsL,variant
wpTRf56zvSUxTNuD,variant
Zk0ilzLYc9GoUe1x,control
k42Gwj4ZQBM4qRzy,variant
Jl3cXCR3xsmpNA6f,variant
P4j8LhrFq5PbRtji,variant
VMOyyxfD6jMErQG8,control
03swe7zCxf1M2d5V,variant
7PzomNv6m3MqJMVy,variant
HuyyvwynnzNDzLvM,variant
MHyJmCPioERAEjY0,variant
Kg7FZkVSBdVSECG1,control
d6U5z09EEAyVJWEQ,control
4K5SR86wIdBPOPma,control
lQ0Nz2TTZwWv4YZ3,variant
B00qfnXqLemV0iRP,variant
zmsVqpDFnV3olKke,variant
33kHszzqEsRt6wyB,variant
KlVabjHFyj2XaFKl,variant
W4YrDm1cuPnNjb7S,variant
Kk3azP9687mBJu9j,variant
lTAcBbBYEQugX8En,control
M19M2iw9lCL53Mvd,control
Vg7Nh77Z54IiYmMt,variant
u8UsbRNDw2NmGFBx,control
PBD903OCHYvynjjh,control
nSLF09SFc7t8m2ws,variant
pJIUUX1gZKhywjDG,variant
k9IA0cUWXh2mPctT,control
SImtx42iDyp22hR5,control
BlYxWCo1rgmsVQ5e,variant
zbGVKyyMDOdsAZUM,control
xXK08yC8ESIBL5R0,variant
XXdBZEwnBnaQF168,control
Or7ePo6PpJJNDLwk,control
7ySYQbIUxm4PK3Dk,variant
w7TBC4ZoS5cihU2G,control
Hi0qOaNeDkBLqXwr,control
KAye7sAm1gznA56h,variant
EIAdPdrwFlZtUSlh,variant
1vAOZOq64FGE2fMi,control
PFJplOc5AAi8qTez,variant
uaaIiwLOdZsKeBTP,variant
2VwLZwTrCBiMXjbm,variant
LA2OtN9jpomXLtxO,control
XgwxCeQSIaJYrfwj,variant
gRhmDrnk7P8Lm1PR,variant
GXmyx7CJfrBer8Kg,control
2iIlZ4TNRMxilJKi,variant
MTZv6qG4UxoCFGCo,control
AH8dWVruVhf1tbYS,control
v1uf6Ffmav0xODv8,control
Rlzdsp5lG2uJiMPS,variant
htjFBjhZUG6U3WmR,control
I2YC3ec0K37OfVPp,variant
IrkY4wUk64C13PAi,control
I2irR2u3VJaAS5NL,variant
CNsx3RaJwmD6WYY1,control
K7kgIkWQUYNVuUcD,control
xLc9KGvETlSn4l2A,variant
mxL60U712VihKogx,control
WpxQgQ7BbH7LcaE3,variant
wtpTFqr4dINJwomn,variant
9nKe6vBSdXLCKItI,control
ItbZ56rDP350CM6Z,control
5vC7TjtpfqfvrFBP,control
jOvBoQCgXHFbzSky,variant
s8tGqZDrFNSdFscL,variant
B8L1f3N4qP3esQPI,variant
vxjbBOK0qf8Q6eMg,variant
FduP9F3rGnfkTtC5,variant
IpVgN67JRREPRQQU,control
fCAQb3v6ikpSm117,variant
r0yGZj5DYWaGWoCb,variant
k0HZOsbVtOZE70dC,variant
3DmotHBtXyAD3Ota,control
I2WQxyN0lkD7mUyZ,variant
yql6YZkjq71SpZtW,control
eO13FAdOVgTnMxVr,control
7LMYNaqzYvMr9LBu,control
LGDP2hDMiG54Q6CE,variant
cXLkeEtdhP8ImWeN,control
srG8d6rTxQCE5BiS,variant
zWUbfCzBgH3SjVON,control
4UvAMv2sJisbB86M,variant
vYfUgfG7nayfBrAW,control
67bNuw2bpdH2eWHv,control
TtMUXmRHRf3CG0aU,control
6V1gvFn84YxsA788,variant
w9SuRCaEARJ98Aoy,control
VoNsUXkOGO7wlbQu,variant
nHouwuX6nu7lPT1U,variant
ebvfRbC8JgpGGnQl,control
Qf2l0EljNAZYgTJG,variant
Ahe8hN7uxg8sEJA7,control
CwtflXlXcPMI7sS9,control
dEPLGfhBoEh1fCYT,variant
HgNjm9vuZaO6PZbZ,control
CkKXgIDpoNtB6KcC,control
6KiAFV8TXMEUzNck,control
ZCA5XUj84IU48wfk,control
7QYA2E6Dcm61NuQk,variant
ScLExPYl8TQAuyDD,variant
5jcm7Ar6S9xT9nMR,control
4dpYjVKAVaemScqs,variant
KeUPRxQG2ucdYFxZ,variant
IrcM1z780x6aYXH7,variant
6lquucRByRf9PDFv,variant
5LnHQU5zN1mDsPOX,variant
McElo10SLNnIpXxq,variant
rPqpuxHZJQAMqyYL,control
P9udy67D4GMzy0pW,control
xe12PMmD7gUq2AIe,control
Pexgg12n2oeKdDt0,variant
ziD6RVvNORDtB8g0,variant
dB2IGgiHMPHmCISj,control
DRzIBCZfcC4b2vTU,control
XAYvjZWWsxAJQq3j,control
1qRjjLqzzYHdXA8u,control
JLTEgRHrxmmyeMCR,variant
4TGxj5yOjMp7BlR5,control
FYCS08XAzczMaI0A,variant
Tdsv7fZikvUiCQ5j,variant
HEvTdbeTosL6oTht,control
ld0LQ21M4J5oaEiw,control
ZzNRM7rGOMn5amZo,variant
KennTekFYeJo0geD,variant
oDnxxIeltT9e3JuV,variant
McC1yAJZvLI9acxh,control
V1MrOcrpF0a0zZVl,control
L7uO0m3lmrssYfVg,variant
gB2BspqvsVCVsUIU,variant
y7VtKsPmUlWo7doq,control
Ak2woZE0zgm1mZtH,variant
jX7ZKZ9YAHJ9p6up,control
qomG1eAZaRDwoJsD,control
p2rzqkZS3C1iWqAK,control
vhcLIFhR6AFJH7yE,control
PUm3o1YXmZZGEyV5,control
NwLcZpbwHDUjavZU,control
3GyvpDrxe0K2wPA2,variant
ljH3GpC9rAgJAjj4,variant
k4DcCnmsy8joBNWL,control
gn6DNlBXnadWrYJF,variant
BBLFhyUtGDKp0yL0,control
Pjeh6GKaEg9Uw85x,variant
nw6ihhc5FZdWLbiT,variant
aWkCzALCGBEsVzXC,variant
kOFuLHNvVA7hNTEa,control
MHU6xBXdrCwK8ApS,control
Aie6hrIfQwTz3YMx,control
joLtCfViYXeVMset,control
k2X7ACg7Xce2mp1l,control
MA1S7GouRq2ZKW3o,control
tsadchOReia2QDgv,variant
tCAyTIAkqErsXLCo,control
9gKKgvlh4rBrEqwk,control
oDZE4flw8MNJIcP3,control
BomsNrEKuMe4Y4qs,variant
d1zxM31LT1sDzZk1,control
8McZvqkUM8UAWQC7,control
8lm5kEk45OQ4Jbw8,control
JnKWAl5CfRUwYjH8,control
RlFzgFGrItEeFZUP,control
sag75vXHY33jUPzF,control
7PA9lNwnHqfAhGIU,control
qz4gTxyIz6X1eZ1U,variant
L7IDXyxDt1cF6hYX,control
UwTpI8yoYhHyWRsQ,control
9XmT8low0NbNw76e,variant
HjA2PddhfyAUX01N,variant
tAg6wtWYHC8RYeAl,variant
qKHDJfFFi5vjCkBb,control
3u4E5OZ8qADO4hKe,variant
zfpaiugQoxeYL2CT,control
Z4Tkd6jH4dZjGTrl,variant
YwRy7Kdmr9CRDV2L,control
B7gxOjKAuJQYCgmS,control
0wX4y8OSmKDzl4ar,control
5u019x7qP7iZNBom,control
B0q9i3uDkDJ3ygt2,variant
167IjIanSeNRL32H,control
xdAeQmNuKFLEFo24,control
VDQgLERzJTQzRbQS,control
Qi560VeAlICpsW7Q,control
0YAr6OmDzfcwlOOo,control
aXUhEkqA7EAnY6w3,control
eDHUs4EpSA8zMCWY,variant
4MRSCSTUEbfiotV5,control
bc2Z20DhNuMQ1mNO,variant
VK2FnaAxYWvnShAc,variant
GYUu6FNOSROFZxkK,control
YurkAQLa1CuCi89g,variant
LEA72PFeGo4etLKq,variant
Xd3u2HNed4vndhcT,variant
CzX2DloZZ5ObaU2U,variant
BNIHdrlXujuNyXqY,variant
fnKNNrDinTZTq9HT,variant
6v0Fl24pvLXMbS2h,variant
RaONOeSTJqODZotJ,control
b76SdXxV26PbTbXa,control
mfvq6WvQfZcT4fqI,control
WYXKUIwhgXjz2jsw,variant
EGbB5FGi8Corr1gn,variant
CX9Zs8eOXSe31Zoz,control
xstQi01BpkHyN24u,variant
ekQikKOazj6NspS3,control
KXOdnDglxMQvUD7M,control
tzWeNPf0H57ejBcm,control
VUb9IZX9ZZU1BKwQ,variant
wIOM2FbURV5ppYcB,control
C1tJGvh3Ux051Ktl,variant
ttdDEvoLKBknkixj,variant
LQOKPFtnLdxF20j1,control
QpMFryg390UYrUrc,control
aGgjR6h1Fwqnqyu2,control
ftWt5zFhSVR6CqrN,variant
rkSloz4ccLIiQNd1,control
3toCeMNghFJG1KFQ,control
JHWyRFbiLCLrvIog,control
mPJpOuBjsqamJU5P,control
tONZfwPxZWeFTqkA,control
dwwW4HuvaF9Brg1L,variant
fnD25RTnROiEbrez,variant
wln7mIUoIZsoYhwm,variant
wEDPbkyCv9siOLCj,variant
vxhUfgtqJh7mxTXE,control
w8qXTxQjES8tpncD,variant
r6ftIszIlh44KWju,control
WOSPCENgHHDdODyn,variant
xQE09MBysdHFy2v0,control
B2Y0r0gkPk2iI3Kw,variant
GateCzYLcu6mEqIw,variant
c02SbctV0R4iVd9y,variant
ZX5aMZlNN7x1iTte,variant
tubuPxiM2D1r5RQj,control
SOV9uvqefjQbgTdK,variant
s0Bt7DPLbc7UPWMy,variant
bMoce1NJXYN2LKAe,control
q9LSO3lPEGQCLcLO,control
1NDUvLF2Q8jFQdCS,control
htUga7yziwNbzn9R,control
Ez2WsL0e4fIpErny,control
oz9JkKOKgrXt3bzw,variant
Fmmqy5vAqzLn0nle,control
Kd2CySdXpXbwdtqZ,variant
frt6MSOHNT1xrD6a,variant
wCOOFbVJSqQ2bdRH,variant
awfpbTZlAsBIYQdW,variant
WgKYy05YOq9OnK1b,variant
xoVYG2lsZUeaQ6iM,control
HCWVVT6bsBIN04YV,variant
vdh7aJgyCa3rdtTh,control
AXMIy0nRUNEeq4jQ,control
72pVd2ePTOXtfk0q,variant
O4cpZJzx1UHtqYtp,variant
3Y0W8drJ0ID17ruZ,variant
Fe8O1wDA3oOnu3Hz,control
yXSE70VfVdxPEskC,variant
ercNkuDs0yIlUz23,variant
VesALClsirCcwDT5,control
x0KKd418Bpmh30V7,variant
ybDNcwCODkuAxZED,control
aa1hVPHpAdsCOckh,variant
9MGhyxzzqACQM8in,control
eXD342BSKho1BJGf,variant
3YlgSBgOa0xS8s0F,control
DaF4tusDXBFDwAK6,variant
z9cEb51jLsECyFqY,variant
SWwrk67Zt9mxQtYP,variant
BIufgC0wZeviF1jT,control
QWBkgDQS6YLHTBFp,variant
Ma8HO4wX0trrPNuh,variant
HXkQYQjhUhsa2Zc0,control
RFV1pDWBBpO1YG8y,control
r9zfLRcQfnrpxmaL,control
nq4mmiff4DK40Tnd,control
Hb8qPnYq81DQCgiT,variant
wJnt3ZqFyYDW4AAT,variant
ESzn5VuBoDyY1kRk,control
B2eBhzfFVFlfmMNR,control
8HwOSqSV7agmn0qD,control
VU8WHA5y7RIif8zL,control
M5AN6Ecxo1fkDIVL,control
Q8NCwPP2cznsu7ui,control
mO50RTKLSSxLTkCS,variant
R9VLOq9ZVz8zlric,variant
jQbhZQrZMEnMGCR7,variant
GIbIFJT2XweUpNx0,variant
5NB9ygLg2YvvA4GS,control
FMFajSdCgLf0k2iD,variant
v5Mi2LYTGzpiwosP,control
pyIYmTgH5nwwqm5A,variant
bKDdDc5nkNwOVFcP,variant
aiVi7lapDhTTjGLO,control
Yvpsk90knM6zRtt2,control
eakUj8UBSUH1mRyw,variant
J7lUSbtpn0bWpdQm,variant
LWaiurQFTHtQbd6S,control
Lgvt5Id70tIGY6uS,control
nEv7VDCJWPCgFm4m,variant
1nfpOZVu09RpexQa,variant
jQU56IE3okibRZDp,variant
3V0aVfT44kGZq2YH,variant
TNy2vz8ALiKervTl,variant
7RvfJAU2o4qcjy9u,variant
1NixFc5GQSlCuMHG,control
FtcdqXqsdCqvbPlS,variant
k0N7CteyHlBHf1sl,control
ymqlcxhVJ36zShFF,variant
acaoXtc8o6177KuP,control
Mw4NIrqEVzv8SJIk,variant
AHrAdqfPke54r4yj,control
OpjjJu3nhapzWPfM,variant
Xb0ieN3e3UheeZqi,control
HGvuQoagwY3Uft5z,control
PlmUYWmbFXE8kKdH,variant
6pEyMhhHoesji41C,variant
ZNKsm6TNp9D71eGs,variant
2sqx20BPKvMp8IAl,variant
TBZaM5rwvdVkr2Vg,variant
u4I4KX4DqGpomMcx,variant
w6SV2aFG7VDbr604,variant
2DreehiF3nmrdXvt,control
ogmHODea7E6Yts1C,control
SLjCEkwDyp54w6GY,variant
K5BAfLKfym9GGynN,variant
O2PLirodH9LqgF2w,variant
9tU30bulP45WAXVj,variant
h8u74vmVNlqVi4YW,control
3NliDfyBjOBCJku1,variant
LzrdROowOfQg4T7V,control
oZiYDR9QBDhIYI4z,control
DILk9tTEHlVBc0VP,control
Zeml6aZQ5sCUXVMP,control
ypqBMQ7WeacVxCod,variant
RaW3o9xZEtjkrHBL,control
pxM2YlXPgJqWd0KG,variant
s1z2kEaNJCy661UW,control
rcr5gBqyrZNQcygU,variant
jRRYsouu5KBSF4O1,variant
A6wjNOfxrj3oSQHh,control
XI2Aycu4MF9X0uiX,control
addWz2HAoSFOg88R,control
RnwUa9FOzVipEbFj,variant
yrSHC8Sxc9oc2EjL,control
2vnirh6LoToZf1lP,control
sNeAjQZTn8H95WoC,control
2zAccI578IXfnzcG,control
PmCiFvv54Hjy9lYc,variant
sG5U2zmgHvtQwVnD,control
wUZsMOJfwjIuF7DG,variant
fe2o4QZymfKbqxlR,control
1ng1zFCTMin0qWy0,control
DSC6CrEsqflLcUI2,control
UG0Cce6nJ1BOFrPN,control
9mbZytgkeCrhA5Pb,variant
IzwepPkspFlbQvzG,control
xeuTrMehuU4emsCb,control
KzC5eFLVbeUGYIso,control
IhUaLvqpSac3fZ05,control
9cUDUkAvfLOTE58Q,variant
3fXtU1OkbELzA552,control
TTExmyKOyCEQMb3l,variant
e8A3HngKJjCpLuLO,variant
GCV6qmfbh21FJiwg,variant
EuaT9bNkKrR0xZse,variant
CMbqSkKmC2FSNQhj,control
y6kBGMzhLzFTBZgI,control
bvXv5cTXShdoRTZM,variant
3lCiPN9tHzVuwrZ1,control
xPCLL1ZmFsqbr5MA,variant
n1ohiuQIZnAhIr2n,variant
Z8hWhKRbqm1nOOiA,variant
tL9lPvKXMEmaL00N,control
iMjCNDbrBUFxL3ny,variant
yFA1F3EXxIDG2GTA,control
GGd8DRoC9BFJDPQL,control
7PlcoVjv8wkpWTpn,variant
fPq2EP0jTtWioMbd,control
ZxrkKzhvZebeIFRs,variant
MYdwTsz58XzgFU0G,control
Rz8xY6wLz7SE9fSE,control
U8VNSS78ZZlYq9zc,variant
oWLxYDRJ02RAvbgp,variant
xDRVTa1Aige8DPAj,variant
yrg4EFXSkjvEOUnc,variant
xn0p28BINb83H2rg,control
WLPgdQp6W7ftEsZv,variant
urFUHYALRDGA23wQ,control
s1E9d0s0LN7viEjj,control
Dj5JrR4QVsQwdl7W,variant
xm7dALMhzHij8YaV,control
Xhj1QW6yEM56c8ML,control
Ihae3YASzQ71zkHO,control
buYzliOwPei2XjW5,control
jnJj319XKOLVvwp8,variant
k0UYIV0tK9OeJmZq,variant
zZR9Z46tMGDpgDbl,control
QNa5chzNk8ueNzui,variant
qKYYbY2UNB3ANaTk,variant
MrAUjJuBantZ4iS8,control
A5W3ZdKrEW0MjiBB,variant
mrlhwXegocrLz8L6,variant
ZGuqQ963byOsLyMd,variant
cHPjWAVzAaRtZyja,variant
pkdI4muo4jLk4FG8,control
tJD5j15oCa5uocGL,variant
sdlyHq5floqan2bd,control
Zb1zTX7NZGVMf7Dv,variant
Asj2fzP4YcZcZfWX,variant
jL7mLlTW19A74h5e,control
8JLQD7KCvn9jkIwh,control
uKBZE50BPANuiC78,variant
oG2KUJYBjwBHer2f,variant
8PUwBOmXygbp5bJb,variant
WLjnAoulYQG4NvLR,variant
ZV8rRZ9bCgEO8ri4,variant
hGeVn5m8ktwSAoD3,variant
956pSNrY85UPwJLh,variant
3MClrXsJGe9MBzQu,control
9wukP3Mp9GAaRpeT,variant
rOHRyPHodY1dyOmP,variant
TycIZVinvVixw8KS,control
o4JnZ3tMJAqzOdcs,variant
ON5MgJsltLlCDtdb,control
UDwfr0vKdQkOIkHi,variant
E34PFQIWkqYJbxT8,variant
oBcC9Z15S1mXvZ0E,variant
g2VV1zELLdIGcsiT,control
s33s5z7mvV7hxzV5,variant
OO325cgZX93bGlVl,control
0j8O0Ar5dNwuJDVu,variant
wuhM243m7Nvgx8e5,variant
X92zYjkNLkVDdbmM,control
qwSjmPMPCpcJ7dJp,control
OfP4BJw8lPEl7Fy5,variant
YCsvxGJSN1TpbhmD,control
alWgVnPIBlNV4xaq,control
LBGxUS9fuS1dG2j4,variant
JmJViEd5thAJiQxK,variant
ONDzdZatBSxBBeF1,variant
ZDuPphlFyczJqA0Z,variant
v1S5LITgcf8mTozV,control
Go93M7OUnsBxXOGl,variant
jgT59ao1aSt2bcJp,variant
1CR4J1RMZ1cKRl65,control
twvFgvRbn2pxgdZ7,control
KTOebe8cPhzj8HT6,control
J0ltCnVe5VA8dCcG,variant
DJiaVwcFxfmWo50D,variant
l8N6VIB7dgUQpvT2,control
SOyXcZvEKvA3bv40,control
qV83txSEZQh40eb4,control
6dIHcVtif5Ue8O3L,variant
I2EmzvF7ok9pU37f,variant
Tk5ZjplgMAxXo6f9,control
shZU9JXm11GFBNYW,control
jGauea02uytSipBN,control
T8W8JMW7xpnV6HxU,control
kSJ3aUluiMcpdz2T,variant
1m8tsAbj7ysoMUWx,variant
pq7prWdbWWEb1b8o,variant
877VQCHNFuDxRnBn,variant
3RHn2yl38O8NtVPg,control
o4idEwfBlUY5vxH7,variant
sxtZHUA5RCa2TJ13,variant
QMSTg1QttyQuiABy,variant
JHb4iso0uXpbzRCG,variant
HTAgWoqimFb6FUtQ,variant
sTAJ6Dkp2zDbHOv6,variant
E208uJNwzroHvBQW,variant
gN9PxIm2WmE6sCvO,control
u8pDeO7OfuPXkxB3,variant
oMTNYUsXqccMBEP4,control
7WUhqIJANSG7Xkuf,variant
Vu8Y52BqrkTRyDZ3,variant
ygWK1TA3zmx8ln4i,variant
Ed1saCSfayAvq6Cc,variant
qbFvMG50vUdL0m86,control
wmtGHL9C58FkrSul,control
ZMtgA3gbQGuCFSlm,variant
MRW6NcMYZhTTbfV5,control
O540oYU1lOVFfZ7A,variant
Um0wjn8c9lyaFx0V,control
PiXaPMjRQODe6dZ7,variant
ShpaWoxoX5fbeYMO,variant
HMFCCxT5Ex29oltd,variant
5m8ORjO0wg4lVogh,variant
gQd7XYg966SO8D6r,variant
DgZVw7KgLCH7M0OS,control
86WWUr3UQyAAlwqR,variant
g8xgC70BwjpQVHyb,variant
XenENfBif0qNIlSr,control
2QHTa6o8rvrWaTt3,variant
1VJ1LyptLU5GgwkG,variant
NTeSUOhYqY9rXAEd,control
b3eq17MFCpa8lsiV,variant
89gD8oRdfLU7Ibeh,control
Y0DVsD2EpLvGXvhK,variant
lXey1Cm0zvClVTQB,control
i2jVYPz0J60Nk9fd,variant
0A29xeX14cgxvlIq,variant
ckfQJqvaR3cpInWY,control
gz3QVExsKay3jrPa,control
Cmd4l3VszRLpRy53,variant
jKB8ByyYlhJ5M5xw,variant
KkqB30cbYC4Hn5GV,control
UrCb7kE0WmRz3H10,control
XjlWvT1EsSxyI4he,variant
v7BlG05pzlwWzOmw,variant
EJAJ6UPwLcD4FoLk,control
bz7HakezfIZeZiBs,variant
ewRRpgnviUwQdQzO,variant
fEqiA2ffdZQcx3rF,control
VuVCFylTignttjkM,variant
ss0Q8fhawNK7jbJ1,control
4botPuD3xbLvCnex,control
zbTSH9wOIo2clLYq,control
LAsWVuNxxsENtoNI,control
VIGN3O1Rrqh5tkDA,variant
MnPoltqNznyzUyy7,variant
7AQltpyAZrjYXDa6,control
1dwgDza7CyNzqE8h,control
eaoJgTR0AI7AtrN7,variant
bD86LDgMmGN4DDwS,variant
xtB3s8Wm8p3oklvy,control
cxyiBTDg7kjcsbqC,variant
b0pWjdQz5W75xluP,variant
pJIifRanxjrSiA2s,control
JcLijiqPLVWQtgd4,variant
9junyq8BnZ2mHOcd,control
R9othXebBviB4TaZ,control
JWPbLzEYOYsEicLf,variant
WSSgOyyXa1vtmNuw,control
O8GiC8Z2FkZJCVEn,variant
Z10Xy61zviGwItGI,control
TDT2DvSaoytgpZwu,variant
aUtUsfLFaD9pArmR,control
XBjnZC4kX63ARq73,control
c9EuGafY3dvm5R4D,control
NZz3M0Mgn8zr2Y3x,variant
46Z5Yy4XFfpcuFbU,variant
tkYr1kIJLl87E0J8,control
DRdbRmzCVJBheFDn,control
U9Qjj3fp7zuJ5OPD,control
ejVEkLg6l6SWO7hB,variant
6p0cKFu42Sr0V4Tk,variant
8XhlYZbOvinok8m3,variant
ByKf2KGyXw73hqEz,control
24k9DkcNN430uIBv,variant
PYTrwzICZTkP3Tap,control
y9LrpspeARf4Hp0w,variant
QRFQwtsChCreljUK,variant
qF2dEzlrhFtWNm6w,control
cIMXug1zwFbMbMTo,control
p3zhpuMkxJrwmWRX,control
PMRR5SagVVupVnQY,control
QbEMiOn5jVxXG3Ht,control
BdHd2f5vdXekSIsZ,variant
kk0Ab1U1hHN3twoV,variant
m2EWT8na3AGI13oe,control
KdTtMvxUkTfAjMjT,control
zK1GY7hY9WYBVJNy,variant
Jm7gai6BJTDiDIUA,control
CeaQYe1C3qYWKxZ8,variant
Ai1L60mz0k2x2GW5,variant
fIpmR4kwb7DsNSTU,variant
Wo0PGRO2evAUIsMg,control
MHHARedgVcuHWi8t,control
N8lMTBVGjkgrsnqw,variant
s17S2cHyOEMnKZUt,variant
FGZEg9e4dksLtACr,variant
K98ZU07ytfJWorL3,control
ytvYlON7UGCbz94F,control
5cDsjyTs57QufYn5,control
hb1r4v4DJBIb3JrQ,variant
iBh0hemguCKSZ8V9,control
nK2Yd3v3kHSpipMp,variant
EEme6UMr6t2bNDjP,control
k0C0NpV88BqLXWRo,variant
E8g7TDJWzk6fPCBo,control
CfVlYpTL5ivGz1Ng,variant
TFNQ7xOYMLXKsQeD,variant
6yD3yiAx9NQ61L9o,control
Lz18DkCoRiPCoqp5,control
vNWQkLy1DbaZL554,variant
K211ieXxADYo9UiT,variant
KDWot4W33yiSvmK7,variant
BnDM4elIOP8aTaP9,variant
Q7tH2H2xBkhIO5p5,control
pPft3ZZkhtFGfBh9,variant
ncbvGQufNgfXRhxA,variant
0YB63esiyRU2S3m0,variant
0KbYNn8EfyMTELpA,control
DdMpJgub2hPAbfdu,variant
aL7lAnoxrqiUr30r,control
eVi1IR3TaOiFtmNk,control
9TVQY81PzNkyNytP,variant
W2kRjZWcMAIW2NEu,variant
v9snKYSX9wzQ2RNl,control
aXHRswggarhyPCwC,variant
aooBJPNFTmuWMLit,control
thn9tI2SuO0O1vQf,control
2RAdd4B2A51qML7Z,control
CNghOGFIrY6Qpr6L,variant
yHde0na8vTum1V9J,variant
C6LiGvq7wJfVMCAe,variant
ixsG6D5NZ2d2F9Wa,variant
HuE6nzvHG4mF2h9v,variant
8O3tuHWDfIAt9WLN,variant
njZPoNQV5coSEkTM,variant
soLtvg3n1diMyUIK,variant
WABxGG9pwTkTNsHw,control
jKUabYv9qUxXuNC0,control
8nhDvwNYmBDejMin,control
LjGkNfqJf8UjWPes,control
g8xYPs9kcDQLfUIv,variant
4khA8C22hwCpIhhS,variant
GPe9KqvnLFnRtvD1,control
GerTgC4Ui9U6VO6g,control
gWQ6fTU0N3Adaf5E,variant
a0ese1eWE7RgoY20,variant
mlsmALGfmmmtJKSi,control
qI6Zry6owaOLra1M,control
jELgLhHiyAOgFiqI,control
VpbQEpUGuqI11YZg,variant
1Ck9Dr4Tpfb2QQ5j,variant
dWji9SQPxeIdIP3m,control
KFS63a4kzcWYmFVX,control
w5ZwYDf2gUDKVFfI,control
FldF61IVp2YoOZbf,variant
nOCPzrUdK420LyUZ,variant
9CHpKDw7JBah0PoH,variant
sRDjR50AtyiNHu9x,variant
3gdYh3m5uIeZhb6x,variant
P1pd6DTDIPmK1WWk,control
5sr7qkohRCqz93e8,control
d3xkDNVVIR3SG8Ju,control
Leeuyj5sFr5HVoxe,control
01Fi2ee5OOHgzaZH,variant
z4FlftspdFre41Xf,variant
4nZWr0jw3Y4rdZFU,control
fzfIOQenb1YNmYeU,control
JJX3stvEOU9RdcKy,control
WK6d0MggWyogUZdH,variant
1SRPsUW0LAe075m9,control
6T83nDUVjFaxCQgE,control
qDyBJ8gI3tnXX3D3,variant
aLOyHh3tDduAjwGk,variant
Oskdwe0WXerq5cQW,control
5h3Nwwb4MuZx0LtX,control
7M7XARMgGCjjlccm,control
SEAfAI7Ui0ffNzQs,variant
pOwkpCL6WVtuBXGX,control
Nz1jHi3JkjTgYLpY,control
zF8EYFSlA4vohdZh,variant
w0pVHvWw4eKRgKz7,control
BdWFLTiJzkt0VVVL,control
oIiGkvf3K447Xulg,variant
bMOxzy9tNOPRbPIG,variant
q5vaKDTfO1nJGLM0,variant
fzxGhR8QHHxbh0y4,control
DF3D4gVx1ipbIHvs,variant
6WZulkZ1s5fPnGUL,control
m3znSxVaTS2DjjBd,control
nl1LUKjOAP3lvdCJ,control
S4nlStSw9vHuYijW,variant
jZSZ4DGbWFSqB9Sq,variant
Y6nZjHnqKvrIV5Yr,variant
ZDKNfo4IzOADkZx5,variant
2nwiP9Ur0YMse0r6,control
GRLmWiz0alxadgZB,control
K2ZeMFWERocWTUUo,control
YQrujuzO3caukpIu,control
Ok9EWaOFc7FPe4QK,variant
lnRYi7gpB7gnFhA0,control
X64cADHz5KNYvFOb,control
UhPgsG1bcBnoun6N,variant
r1WMtaiiQYLMCotL,control
ODUz12fMqfBiAITf,control
dpwVwCOd9N3N9xfN,control
f5nnXSUIfw9tqtVf,variant
N8BmC9St5q021ISM,variant
ZKQwrJt176gJPaWK,variant
WIOcICiK73PUylLg,control
g2d8SUEXXMjVwzwC,variant
hsCQ0fCx3jY7nZfd,control
5ZoKV5MBbmb759OF,control
Zecbn5NZ9RWCVLfX,variant
Hh62Tbzq6xEp5XuL,variant
zqXTPdXQ1V9d6sLy,control
hrYrV5g4q6cvoEJz,control
Vn5qigTAB2lqiRRh,control
A7PlKtaiUx8HJdCw,control
IphAM5lRdUyfcM1x,control
ufGhGVc7bLN3MMxu,variant
YrIkkc7wawv6PDb5,control
qOXti47kqnrrRXhC,control
hzBh7tUhnm2NqYzf,control
qdygq87v1BXfDjX3,variant
Mn1TPv4OzjbcVP2k,variant
jl8nDO7mDLkaAUMQ,control
WKi5VQzyqfo8cEBi,control
9RYrVNFseRfl5U9P,variant
qM6g04kH0bnrV7Qi,control
MdVnkDNQACZFW7Dz,control
DYjlGHrMpSdjBOri,control
vjNwQmxmVSyRUCpN,variant
f3hHrQFWjHw6stZZ,control
H6LqR9ebOH1tT1Ub,control
BrRMVYIoUMNMcsws,variant
8rDMse2mHxrdJhQa,variant
7OLJLm8vC9iATRdN,control
q1KcdNpkAz69EHhM,variant
a8b2ASQcHpagIvVF,control
z3fT2kE12u4Yv4au,variant
StiACQGSZacFtqKL,variant
WjQSCPT7FmE7dZ9W,variant
rkP0rYOKGKcas6fj,control
KlRqAb0y6TRBSKKq,control
e345sdM2WQLSRDF4,control
K3AFPkO55mIqD9rK,control
VDz2pk1dOolAVdI6,control
uJbYMBHGX7hh7PXv,control
ABkA2aMBAh4TxYNY,control
1J2xPvjdhM5ohCPM,control
9YIOVnFgRGVIAaf8,variant
bghSCpCEv0jdy30m,variant
qNhwgFxaUU7YJAfP,control
Elzydf4T9myEv0Iu,variant
ocKSz5UqL2XI5OhZ,variant
k7xQh91DaHtJH4Hm,control
810ZfJyA5U2EcB5d,control
qLHtmUe7xYLq4EBa,variant
bGNCdr2xFiUpuDcG,variant
E3SnfeC2K6JulT6w,control
nQ1Pj879AO5bngq3,control
th3tJemMLqfsycO0,variant
BzUh4425oaNwJ1Pp,control
XdhJjZDJpDRj4kHp,control
2sRdWREVIHzMfGUA,control
lShiaegr1Nxzj8NR,control
Vl1vAcrenyZEuV16,variant
LVtnt3KTDQ0OtgeE,control
CoymRxox5zs4xsPq,variant
Ve8d3vjuyfDCkk6V,variant
TAsvB67dK14sqXNJ,variant
wXBk5nmx5pBDROMP,control
8AqX4zg6IopuqSzI,control
6ttweiwrCkQVhAbw,variant
ujL6du7K2QlVZ0Tn,control
ZtUhAK8OuV3IRMWo,variant
Ul0Hh71KDcDCa9pP,variant
E5jDQzlN6eikUwqQ,variant
mqw6Mir2rDPRzruO,variant
OPGQn259jBnszjqH,variant
1nzXHZsxENftM4SH,variant
vgGfphSwrnX8Joe0,control
TVokbwx9rdol66cF,variant
JuVfb51ilR6xnWOl,control
AjQbEBp6av8aEvHl,variant
62wBZXlAwa76QbRE,variant
bWyLVsBfMsZ5qfov,control
OHe0weR9jdlUj7DX,control
xemJirIExQdOz8R5,variant
PjOPia1p5TmLnNw2,variant
r8B6talAQm2dyf14,variant
S3vSL1J0c49okHAw,variant
q57wHuGe6Zq79ag8,variant
czppRO4nRzA4VqRd,variant
qGD4uqkY2DrtHOBi,control
R9ESpECmwnMbl5BF,control
3WxKCZPrcmmPCb6B,variant
VdYeMOehH13yAZZg,control
8JFuUrb6TPeRP58X,variant
7LBE1Rx7GMlMiZow,variant
RSvJjB3I3CedYoD7,variant
zw8MCvI496VUrITG,control
gHjxyVRA9Xf6WhuO,variant
sHMQwmPU0MBf4lcV,variant
tOP9ShzLBIROOQLb,control
gOyYXFl0kj82IRdP,variant
bRBQTUn58RCb2HGt,variant
UD1PztaayGwk77Ro,control
n2aGf3w1zcT762fN,control
ZyUqBFCwOpFz9G5V,variant
s2O9qL6nruT29MPV,control
MBt7f6zfM417zqNb,control
Y7u1gRtc4J44QR9Y,variant
s8Dkm3GL14VbT3wX,control
WtXYDobDydahZn5k,variant
6xxFyTBpPMpJll9H,control
LtUovpxca0RUYLYq,control
OuSUVmbbQ9yBVWzI,variant
B885629Grn1O7iR3,control
DcHGA6imD07pYPz6,control
eTAoBcO8aaYfk9XT,variant
pGx6Fjyjm7aInuV2,variant
5ZLat3eNRFaS5OZ4,control
3NS7bEUTYziYDThe,control
9MdNJu9GzNMkuVvW,variant
346K5gPmtoLHJ0T4,variant
8y3CUBndLgmqCqJs,control
zZS8ib9twr3zZy9q,variant
MW6j6yTBzl85RWs7,control
wn8qouLDsFCvtLLJ,control
asQzgHJfK9v0iQ7C,control
XZq7m2q15j8yrWRo,control
6A658s1oSgQNZpxw,control
kxe5MVDptCqs7zoy,variant
o6tDuUIR6fZKkwRM,control
irTJNVJBsD5LYoR9,variant
lbiIaT7EBS84KgTp,variant
XnGf8ujFfbMWA3nw,variant
M15uOYDy0xkI25dK,control
JmiB2Tp1fAjwuzS9,variant
c6QIgA9PGdz9htqe,control
Wih9gKJ2cheeq8U5,variant
ANMWlBdZBy5XJPc5,variant
EKl2KKdD4LPLA1va,variant
VQLtrfWlq0vrjxtl,variant
dP9ezJ69pezs3fxE,control
E0gjMvnBP98Zv4Fk,variant
nERdSv1CImtsoYz7,variant
t8Jf8odfbJXolNRO,control
gvhZPkbDd0yuyihe,control
TBbu6WhHwoAbBkT9,control
uPFFgvnmuvHjaaxc,variant
EQYOm1dZwfHOr3Jz,control
GGyZqYc2v32WI4d6,variant
B68m9D9UlcuNarmg,control
mqSFCS9Dkn0jhEfs,variant
2sl0MX5Zr2ci6faP,control
NC2WIIDIMvQBrFe1,control
7HETGdno7ttWI2dr,control
xAG8yerSTtI2fABk,variant
iZBsM1uEPgKyBJqz,control
BKq78WqG3H4wDAYi,control
twUsKSdmLl8iouoW,variant
8eeyxK0ETHOnAUdw,control
5LTeAQ0ngTSrF4bO,control
QtC5QzLae14nyViD,variant
s8ZNhpXhwiFKH0Tr,control
SRo0oC4wwa4vgSFB,control
XFGQmZBi949VQcqH,variant
FiOV7a4WPteNSued,variant
48hy2gKPFqBfPV1P,control
JbEac6mEC4RG0jLi,control
aRKFGbTb6ejZLKbO,variant
8PNy6LK0rAtXHRhd,variant
7DZ2JiOln9IfUwYd,control
9a6i25V2iRTo1x0V,control
hBPTqIEdVn6y3TVN,variant
XgE7ILtpvJsbd5Hg,control
UWnQFqK2nqF77Z0b,variant
MdNDDGPaGJWEKn9f,variant
gNxX7d24y6cBwJ42,variant
Vm8vy2QxQKZGnxvZ,control
YKZ66wfslzC67nqD,control
guaWLdThrZ7ShEEB,variant
3VKcSodI6H9J4fdW,control
DMr7vjWCwd6szgmc,control
NkptYwwFOP2LcZhL,variant
4NnhkP52PQGoKn2z,control
47ZhWdJrA6sciMbi,variant
3fLBVHCVc19pRIkQ,variant
wDVeZhQQXYjBJ7jn,control
LKUe23fDsZ9WnkTe,variant
SER5FxYjmUZmJvi5,control
sZ11goqTnOVbndcc,variant
keV2CBwD9wYOvQlA,variant
56NT9WZoUwRORsRk,control
7LNQcpFLiOLeaIIl,control
JuVQh8AiBDnwCzvo,variant
Yizqic4pmzqFx194,variant
J70v7ivOXTtcJGrJ,variant
jJuyWNYiVA334oZF,variant
V70R2XMpBYf8fL5U,control
bONgA9B7pUiZoHtn,control
75kDcbXn3CeRTfhM,variant
MRCMRApAMNaSYG3X,control
M1Aq7ov4sBwJWMVW,variant
6t8Ui0wSgE7Y8kNq,variant
JzJr1EWIOBzfHBRU,variant
iCHlpgEG0gctecUL,control
oI3wGbJunn69PkdU,variant
ZD4JtZpHShS9tuND,control
JeuLws9jAImiqEPR,control
SxPY0s5W5DehKUJy,variant
SWeGvUPyQ9XCSZ3D,variant
VYD2R2TEHBjdG355,control
4qkgqBqOjzfqpMYz,variant
d9t3W3OkwGEgveKa,control
fSUdDDq73xEBSQd8,variant
MsxgT0V0iv1bApel,variant
Zzoci6BMJyOBU2uC,variant
yD8M4kskyaFuSmHq,control
9Y2UsjP6iYkLEbxP,control
UeX9DMI9064VqEbp,control
uDZanp2iWhiHSGvD,control
gruegl6q5xKRsSp8,control
yAY2PRgTP7ho5phJ,variant
F9qJvF5kSfvnBMlA,variant
ajGpM7Zf1yXtJwpa,control
0DAZbVuiUxVOMPg9,variant
DSblmcQ5NQrMRf7P,variant
ZAoZos9LYU4ttrHM,variant
KILLaYle68AMt7Ns,control
LofiJVwjakWXtBvt,control
ULpbyAcwFqNtD6BU,variant
S0ws4yxaBCRXXIXq,control
kK18gzwrCMXH7L1h,control
uu5WJq5p0ooNq9Ya,variant
mLjGzlso0ebYnCO8,variant
amW7FH31nZ2L4LXY,control
OoMfCKsZauMrABhE,variant
lPfzpDsrxStggp95,variant
4PUn3lCohM50iTBA,control
gRnkFYBfIf8xibLn,control
YE9D2AJTE0PfQS3r,variant
Zn6t1Zk0KNdRfw34,control
5hDJZPkUecobb4h1,control
TD9OeDRjGxsDykWI,variant
aqEfmZzJeUnYolXT,control
Ph62EzCdXByNFJkK,variant
9jL8JX0AqgiI1i6J,variant
1DEsO2wtf6QxUvfZ,variant
x9P34vrpJZm3KZx8,variant
sXtAqpau8AaDtxT3,variant
boCI9msaSUp9QcNf,variant
EezBoi92vKuP4Czf,control
7kJtRtAfG4DXHepl,variant
lkZYug5H8CfJHWhK,control
jpb3sgbSwEdpjWuB,variant
Tlm9ZNqr0j5BmH6W,variant
flCm7zdop0sUzFfZ,control
8f8e6bZbKcfEQeXT,variant
jAxvycpDVQdQNp2N,control
OThxp1Ab72tYtts4,control
9Yrmq6G07BeBytum,variant
fCP2iCLa3DXF46wM,control
5jRu3zoqIyoGkxfB,variant
CV5ulvAuo4rjvRts,control
BKXY2RaHIz8DlnMd,control
lxNEaKaomC2SdoRN,variant
Vl3yAfwoMewoy7DR,control
QdmXNM1w7pI159pV,variant
g2Sm0YXCMtXC3rvJ,variant
O0VJhc9CihDlTB3P,variant
0WQjm4bavGpP5CjM,variant
9g8azSeI8mAlDXF6,control
EeKbLgactbPQuSFV,variant
tQXEQGxrt7F5ebzy,variant
XvMvkk7SdGrER5BP,variant
79vN9cg4tQggC7zO,control
cQqNtH0ZGp7wd3ON,variant
GheG4ygUg6GOGCRM,control
4OFKRCvbX5iCGj7B,control
T0TMl5v1fSNw05HP,control
LpjUuZjkuy78H1EA,variant
y7P8F0Rk1Uz7JK37,control
GGPJmn5YKQ5NaeD0,control
rSK35MlHSnLpP86k,control
GoVPjckkpLDOa7LX,control
4SH7s7H6Jdjq3puB,control
hCfDb25UEywQupdQ,variant
Thf802AY4J7Jxf9Q,variant
GbOpL26iYe0jDgCb,control
t6dBh5IbOBkJiLa9,control
AcMiNBuBSxrY3izx,variant
Z8f60lJijcWCgzhQ,variant
mIsTvpobLuDgEOOW,variant
2IdHajDFcjiqUcA0,control
IddWFLkR27MSf29I,variant
0TFTwPK9zHL2kX53,variant
uQxocbge0SNCOFDh,variant
FPbjQ2QKT2cZwHrG,variant
G7qfmuE53uGB3fhm,control
H5Nvamaj7e2t9m5K,variant
jcHHDKdHFu5OxiOx,variant
yJh9XOCy6ILB2sFK,control
W6YB3IhO1w1NTwFj,variant
qIIcJCWTAEHlK61y,variant
bDRiwit2a3MwrPFU,variant
ik3akGDeXaj7mAhB,variant
SZb90lA8m7vNoEgM,control
WYIglnH5MViGl9HA,control
vrTRrKgdSpv7VYJt,control
EZ7GmZt1OPLvMwVW,control
3GODnUJ4h4U9v4dY,control
IhH7vyyNNqpVV6M9,control
oq4IGNMrDwKUgjpB,control
wHrUwYtEnw9bCXi6,control
GVRlsPtKEIOu2UTQ,control
mMAybIZhGyuJm3Ti,control
ITJWURTYjeE8xF9W,control
Wcp4OWtRxHZVw202,variant
LbOer150XCjP2P8X,variant
pwDfR7JtpB14zv1k,control
aeWQTOPJb4f9A8zI,variant
mlrLPf9BBye6oURi,variant
SV0bWizwYBf5dD4U,variant
rDARERZWMDZKlqHB,variant
dHTnmW5W1XcupYL2,variant
zfrOXfO4XyVxDwSQ,control
h53WifGGSgPrfSKu,control
zoR1DkhehejoL3X2,variant
cOjgYxzH57hM7eJQ,variant
z79jG8J1ELXySmaJ,control
JXxArXUXoqCekpZH,variant
qGXW4ErYyeDS3w9L,variant
SrFDCJiwcv33NS35,control
EvkPQc4nT9s77EJF,variant
zabf9SnBG7yNrTH3,variant
lAxG90oQFXqIUSIm,control
5ija6H4TKyvjzsNS,control
OX4dNeCLZe7aBs9J,variant
aCYJFnFTiskVYdOy,control
qUh5SabjA0AmknFp,control
7CLHzesMBBqKRsAX,control
7lc5dUUkHrIrTfHG,variant
hPtXtQrAVegvHQmZ,control
Fx7p9nMgRltG2fNA,control
mexj6T3FiWIRlk18,variant
JhjnDalenJ7q5vEz,control
mcQkeLdFjjR12r9U,control
2wrIcaqP6f44knWB,control
M1JkYO50NZdVfLsE,variant
bQyXO7VkTN6SP2Ru,control
8cbkxXxuydN8QUw7,control
xubwYo85zzB6zSbI,variant
FDTt5mAw5pElGLSF,control
13bXWYwFoN2ONhQX,variant
Wv2L23HajNpxTxVn,variant
zMrtO3JxzCVvkOW1,variant
kZcu5khE6jfqLgFm,control
fcA4SPzdKuYBr3FM,control
08Gzq3ZCtD4Xe1fP,variant
79YjfjPuR3dm5jps,control
fz9iT3jNcWs9IT7f,variant
CsXRo4LuRYMwtPXb,control
SFUB3dgcyV5iwwWz,control
NrxASbaVpQxJkzfz,variant
CQ5aiAg01c8ib7jq,variant
9Ea5rfLOPUdNdIda,variant
OQE02su85DZgebY3,control
coMK2jiwn17SGpth,variant
WLHES4hyO9mrXOHJ,control
XqlpmknP2B60Yx0q,variant
iTDKc1hr6Dc2H6QB,control
KyDg9TCYbzO44PYW,variant
4grf6ONA7113OxGE,variant
HvxJBt8rPFGji2ym,control
UX5SeEEHzgOYTWZt,control
Qvel8uiCAqNxAh8R,variant
9CsjxH37NETYdOSE,variant
izm4Vz1aN8iExSW7,control
v4iMwt2PuA5eqHiH,variant
j6RbUycHgBikC17p,variant
MCmIkIUhgef4Y7ID,control
kLA3unWICxJOSFfj,variant
ttzuSwTl2mjgKl8y,variant
bNzNYe9hPSiMtZYk,control
NvpPLPjy6sdscqnj,control
fEEVi0lR7TzbPdFB,variant
fD2B8m2TJjjeCJl5,control
v6TMbnj7Vc6h27qd,control
uDsot5PDjwxlioCr,variant
tachMEUho6vFeRR5,control
i0OoU8ZRKGvYk5Xf,variant
qTR4eM65V4iCwUJE,control
tw3g6T95Jdx7nygo,control
RTm9slVzVGoKf6y0,variant
qQ6JXZT2iBIcktw1,variant
DKJR3lJI2HdxJ5BM,variant
bQeBmJiMD4A8mPMX,variant
BrHuaSwHJih5XDVJ,control
Jrb0kZ3JEExTuFW9,control
D4hG7YY0MaGPmv9e,control
l7Cc8YJUSkzbCOCR,control
J5sjkgmOR8bDv0aA,variant
ga5yVdDhWuYd7dhP,variant
zCpsaKHCAVSDfJ4M,control
b2PnhcIAHBEqsPR6,control
2kiD4SfnE1keEbMq,variant
LTJcQCGnLCw6q6W2,variant
kB1gSNhOCyg4vikH,variant
AX9vcXVN2hf4ybp5,variant
0OYuo3HU1QtREoV9,variant
BfcLw5c0SRhbg8qg,variant
GJUdRpurTTBQ7pUv,variant
fD3S5BqJlX6NlJ9N,variant
CbCDJRyuvjEU7iOM,control
6HMOXwlgFsv3p5hD,variant
Yfb9HCN6P00QZ65t,control
3c6VIhYlXSQFCSu6,control
cLA2c45aT2tg4Oaj,variant
SldgjvyCMosM5T0T,variant
rPcf8v21OT0Eu3ha,control
cC1fGrP2W50avEwh,variant
CRYT9s6W7psKvsde,variant
eyxaXBUu7swn6fFX,variant
FhKvh8LjcmMDdSfp,variant
vAuCaDxmDzHt87Yf,variant
QWiKKpdFtCESqOyS,variant
ptPjZ7VwZGQmyXKJ,variant
xfo2HdndBCr5tVOF,variant
hQTWmNTQiNTU5G3l,control
KyTy1pY7pMIwh00T,variant
Zc7xQvnvHJEu65es,control
P0ub0cUY04DHyICl,variant
wBTqpW3icvEncLwu,control
YxFSeGRU4sHcMBk7,variant
jNbTSMA0iMaGL4GV,variant
cFmudqPdt6lzSJpY,variant
gGVbGntKAUPubQps,variant
dj1vlbbORHrpsUyD,variant
VfAoERvljuU26EJj,control
5swTjW186AQXbkhs,control
4pdnvqQ5zIJ0SWDZ,control
utPz23lhIC0P3g94,variant
8jMXtBnlh4geaUiR,control
1rQPjX5a7t5QCbzk,variant
yH6Oa92ELvbUa53x,control
XJ8SJUH6ilTtdode,variant
jRRNJI6arZ4ETWff,variant
PsFP4DzcGXEUtdFr,variant
jv1YqP4d4KgYYha3,control
hsqOZ2ViYp056SYK,control
AbJlXIE04sz1JdVQ,variant
8E55m0QM6TdNRm4O,variant
ibI0lqd69nuOhG9S,variant
Bc9ns6fJta7jmlkJ,control
qU0CcCj0Ts0d4TLl,control
E95bWaqyeVnZjuyI,control
c7r32XJMGVqNfHzP,control
EWYBJmu6zYEpEmDF,control
elM6OKdPVQCO3e4k,variant
DiWBvkufzpYnIP02,control
Jv0bmklGv0iRgq8j,variant
L6MYTyADDQHGF5Pl,variant
Ow5CQatj8s6wu4QI,control
6VF1jbYJVfQqo1Jx,control
4N38CXn5bVvU0fil,control
PMe52N6RajkAwtem,control
Xj04WYJOXpgFyRzJ,variant
0BRlzdRwNxE9DcpH,control
LBWROVghg0K2gXrV,variant
MuHW4AhHrYZOlvY9,control
NvhPBXU3Fkuznonl,variant
JcR45gM14YTaMyEv,control
jrmhi5oh4GIsDisU,control
TzacHyDa6rGigDmq,control
mmP7LKjnQeJITS3w,control
eR4BwPHEggdRFB3d,control
MZShnDcbjf2gpfpA,control
3lvovI7VXowLWbbW,variant
sedBrNO325XEvkVp,control
duOSythQ0irEZI2D,control
rsOxXvVns7CvDouz,variant
Jlgk5MtIdbtUtl0q,control
rNxhK3ODtZwK6jGx,control
J3pXBltUrK5zT36g,variant
QUuQFg0wttFzJ6xa,control
50BzHzJe3bFHXDxB,variant
Tc0X1jfHEZQXT5Zm,variant
86M05tFjzsC8m1Ht,control
RNr4HVhpNwF9mzLa,control
bMmAdOYtcwbpjBRr,control
bnRt333Nw17gSUnK,control
hXewOjWA4IagUYhk,variant
HZBHQtBW8PKciZvy,control
bwYq4ylAtiwJBXVC,variant
03P51FlD7kKtkVUL,variant
Sp6IXayWAZFfOJMw,variant
CDv4kzwcVfgRM81Y,variant
vVXP8GNcDVxcbRNs,variant
xXt4UWXEXO5EKQCd,variant
5jJ2I4VuQOaPl9xb,variant
U93tpHmrC1YQnD5I,control
iKTMlurkAxOQXHtm,variant
UhKegRZlOdNs1a2Q,control
2mX0ZPSyRSHI8qzu,variant
YlpZt1jw2UD6hYel,variant
P1n71lxS00qa1P5K,variant
kPfoONwwLLWlgKp2,control
LNINCMqYztTy7LM9,control
KsuFBMOl4UoB3upw,control
ZzoKldIE8A8FGmKR,control
bLK6X3erVqbWP5In,control
Yl5Gg5MSiedFe337,variant
ZRhmdZko3TrtaakC,variant
8CxtDLeSjfddgVGi,variant
zYZUOu7Z7vG5GVeu,variant
AOaYpIJRFCMUwozK,variant
9y2bls6Fwe2y4I3C,control
LStUJZgvr0uvMlk3,variant
lzDohQ0rjhLItlWc,control
tX9l1xp71jsOnZnv,variant
dUZ6H5rHrNEPtJPj,variant
69cuJ2jgvwlMmN6m,variant
GEVYBsuFz9mCgUzf,variant
FJ1wZk3usHWUZXRI,control
WETCfJ0EFN6tvchS,control
sEFo2MEcY5FjBAVT,variant
NQEYHekghqRX8MOY,variant
nxD5YZX49o00dmeE,control
lDWjDzRfAtBtlSuD,control
WZjYe5KhDqcupFAY,variant
fPpSc1NtNg6kCZcu,variant
0FDMkqyXyiSC9oso,variant
MI3Nmpc0E2aIpaXn,control
9gwICvpCfrCyS3bR,control
FJFOt2KPLGZefvus,variant
QoHUgqRReZMbASxO,variant
8UB5Ua0Zu4BcDa6Y,control
ZSUSrWGoxJ7HzYNv,control
pNPpeYfPxDKF0sYS,variant
BUhQad4vvD5AAmMA,control
ML4hlxr2o7pGjUxS,control
sASOEupwnwOrJl3K,variant
keYuFCgJN9AfL1dT,variant
Ij1LXDPipZdzCBkB,variant
RFxYPMgrcRTtHDij,control
6fqoG361mPR2vpHc,control
ht8UxYrwa6Yberpj,control
0CIyP4xmuPQMHsBA,control
XzkWItl4Bb4aiv3Y,control
NAigJ1VLXbQeqK5I,control
YhQcca9xSDPzLQNY,variant
9QLRXcmJOVltMRh0,variant
Ubk3uK2fsDTMR9WJ,control
t11jx7GC2DJSf5Un,control
4cxsLHiDFmrR0vd7,variant
w8gR2kM856POHePy,control
B8nApAbswOnUYzhA,control
UNBd68LkRxBOrWuz,control
c6mLBn6aB6J1XkQN,variant
dHa3jqgMmv35aBGm,variant
aL25yPuG4K14H9cD,variant
2crwhib8bAVM9Jea,control
vjSx6oGXwnryvRRK,variant
gzxmOfugroh7ZpWc,control
SiZUzzDApVYdYsHf,control
Soj1PJTNfRNfoCys,variant
ncXPTn1MMu12kXjo,variant
DR2q13CqGLuUYnj8,control
PwMMnUvZOBUiwgxQ,control
K6iLg7wy2TYv1Q7g,control
fJTvIWUGukm93cmX,variant
3O4HBNHFwxaxc8qg,variant
jsxiXoW35v5qsi4L,control
shfWLSu3CHlMFfqF,variant
7hLCEs02iZB9VXYM,variant
N0EsGzSakb0ImMHH,control
IFSlGresEAPLXoT3,control
Vdsu9N4atv1mOao8,variant
one5WfOEZz5yY620,variant
5WMNofaOg91ZYdaO,control
bVHITmqjcdyKQLCa,variant
YDM2jCRFR8aOq2l7,variant
bil7y4J18RXIvG2X,control
3u2NYvB4dzwVW7wO,variant
5hZFYM8Ra3DBqwL5,control
xveyZg15v6RKHJW4,control
4NtKqZd0XrBXpQh8,variant
Rr1XCNpDWHDuvUyv,control
3BMGbdplq3JpMwh4,variant
in2iU0zJc1j6ydDX,variant
kYsXm4JcVnjLNAxp,control
j10AgYBzrmhA7nOR,variant
ft1BwlxYRv9zv5go,variant
VDdfVUbExIUEyhl1,control
5boN6F1kq18uv8GZ,control
2Cou1b3PZLcymx9E,control
ofOjiXO3XOeSROst,control
GQKEMm2LSfUhQjOd,variant
ndxUujTyfp4RBJGD,control
JymMoLDnXda8cSX8,control
JdQnyM8cghRg3V9y,control
qz1dWr5dqU1qSy5c,control
lAq1vMM5QVJpKY1C,variant
ngO4BmpudM9IZo40,control
zTgryKuZh6tr0sZc,control
29LrAoT3uvhkQlVM,control
AIbIEhthdE2Fmvzq,variant
CA3vrelbPgU6z1Mo,variant
V15GUcPVbqaJQqbG,variant
C77fQJxkeDjKAAx6,variant
511c8LzSVMrcLPVy,variant
myx3O6pQOPk84uE1,variant
o0SWJ9Q8aBGc2oGF,variant
w59z8VqieCfU7O6I,variant
YuSSwIZTb4PimQHp,control
eaNvVT5zHX5ugy4l,variant
EUAvH1q6kCH7YK5W,control
V7zS9SSFKetYgQwa,variant
McScfE1ACoJecYyF,variant
uVqizvOT6wk5jwe2,control
zdQALH95cXF8zrg0,variant
SmfIEP0KQdPd7ShL,variant
kbrrvlqYqJCWpOkR,variant
QSvDhTrTpU1tMhDL,control
CmqNQqib6P1xuTbe,variant
qxhDXv6xz8hlnD2I,control
89EBTAJaOn5jXPgN,variant
nJAkPWKPj1gq8ZlK,control
K2J5gxH9aCzjaSqO,variant
JiMwCbrB0UPWgkgQ,variant
x23oEYs34jVZhabC,control
PjPiXEFbxK0QfhNy,variant
PQYyTkIa760wcOa1,control
RlL98NECIBukzke3,control
gYEMPh0AuDn6aSx8,variant
ff0e9IRoIVXOhQIe,control
EPEKhfw0pRWhdF0W,control
cXp7HmGvExcGDzHY,control
vDIyBGwz3ihKGoW9,control
Uh2u5ciZnLAt4d9x,variant
AlBIxE6cDA0qfUQr,control
7IAqkLKPHUFQ34TT,control
IB1vpTP1NlezzmxR,variant
cFwWZK29LSLmobkp,variant
rHjmF7hgVqOA6hC4,control
ZKAK64xSpz1EAzQo,variant
5WowyRdJ0pUN6uZN,variant
Q03qcglaQKfT78Ww,control
yycdDGCdnugu3ga7,variant
HwcrQlnOBPSxxc65,variant
ix7b2NBgiSM7MGH9,variant
u8CA9q7PUVw0Suhi,variant
5G5d6rFDy4GIP3HX,variant
bm09Ow8wEbbe7nw2,control
4ITaOVWN9oDuhgOH,variant
4PKV0FGfPjz5YSzs,variant
ISdy8hl1xxqyGAbi,control
25Gs9WeUtx4ERdFU,control
InJYfqrhYZlqEYak,control
PpKWBi26hyjNc2w9,variant
wR3d61Xwi0dHMrH4,variant
HPcsHzIOQEQAcKlU,control
wqp9qozSbqaDFDPd,control
PRF7IasGsJAmATnx,control
Is8ykif5J5KCiGwo,variant
kwzaDqUTOwJO7eIX,variant
idgap47y5fLn1Kka,variant
ZPa08JhFGhnxWOCy,variant
fa2wOGn39BCQNwRL,control
WQjAhR0duuDm5ctJ,control
Nev5byNx5ep0oYmk,control
pryULNd05Vuk5Z6H,control
D1dnkdzc314KLOdz,control
MSPRPkk1LL9tzLl2,control
CnX6y2YPPMzjne4v,variant
kCgZrEQt4Ig8DdYD,variant
DD0rQTjnJwllHzfK,variant
Y0oPMsNUwJmE8KzQ,variant
VZr7U4GNFdOsgUIz,variant
RwHY3gkYhmFOHro2,variant
QxUurn50sm4pb4HW,control
z16vtCrCPRAICfZK,control
6yu5E6NXp7nfkALe,variant
oL90pr0GI92ZxIgn,variant
XDxomsCvbMmJLrYo,variant
IZqVmv61ZNuzTdgj,control
ozpNH8qLpH63C0rk,control
lKb13r1LGioBh7TJ,variant
MZhPXXs9dAmLuzS5,control
w1DEEpZ6POgqxtMA,control
b7YaHAKX8fL17AVp,control
9IAI5288JLB3c4OE,control
cL0ZxzOUBiK0AVcO,control
WBFIgguFLthdzofV,variant
FeRT5fcCsjgSaaqv,variant
JnfDTUGtpdHamVhv,variant
dH7SK4wt0xAmep7L,control
VCzvxmQuadcXwpSm,control
MExU5oeWvvkxSjUH,control
k4QCvG4h5WFNSweE,variant
CfZyy8E5nqpBiY7b,control
dtOJKfZaSXcZKSP5,control
cQG66o338dogUd9c,variant
wnfGilX8I0EYc3TJ,control
mm5HuHPQB3UInrss,variant
GYItChyqaLW70DBG,variant
mxRKvZmNl4OWTgJC,variant
CzAxEgqWGH5rOeag,variant
5HcJIY4lod3GpCfW,control
KwmRa4lAyv9HrOpC,control
DDtUv8PHdXEYXnhK,control
ehk3C2uMmWscHLsF,variant
UJYMZ0ngtFT14Eve,variant
EoR98q30KsjRHWyK,variant
5Bot2mtQErOV3BUd,variant
xRSiUXZF6F1Mu5RP,control
8MTAUJhsCsevIjob,control
0PvVIMsUl8H9S5tY,control
gxcfG0HGCw5deHpN,control
UQ8P9c2QWPWn2GB4,variant
O33odt0yIZ50M04v,control
I11UBjpWwsaa0T5z,variant
HbBtPUAB7EUghFkV,variant
z2ygtO4Y5D3arhCN,variant
vFN9n3bIgc8oQHvr,variant
Tr6HJTMULKZrQNCl,variant
rEo6N5DJB0oQGb6h,variant
VGIrzVuBtZSt6dJ1,control
HSmEZ9MgqPl4261D,variant
VHvuilqpes4BqvIW,control
6osUXzR7R3IQwjvU,control
2k2zaZJ095uhtSqo,variant
ua7cE35Euw9qv793,control
vJ6hUh9nLx7votAB,control
vEi39weSMqNe2ghg,control
vRL0udF2C76Dcesh,control
KEAmPfaDkZOEpoeo,variant
aoJ7V1M2h0vA6HDl,control
57bTYZLvYqIZ4P3S,control
ZwCC4XsqhXg2kcbs,variant
B3BykNQbl8OLlXyK,control
E1qVl8DbpaZHSVaY,control
JZcHl35SAXK2ylYG,control
ia3XwBcL1J3RRe2C,control
0mRdfYLfkA1T96I8,control
NdAprgkh6Zf3Ve4f,variant
L78bEMFiouT0BSAe,control
qK5xEIOO1dtQqTjK,control
uu7WpGjRrGCEx7lt,variant
fhne1J1VLcJvh89n,control
gd9sQUxpfRhyFyjQ,control
O5q7TciZ57rWDe9Z,control
F0AuxLcpoyhOdFS3,control
6I0DMVWDqsZEq3b6,control
KVCD1QvLkGscNvrS,variant
DatWelkx5rhC3v3S,control
bwpRhdnikVLRYpmJ,variant
RJqnC5qatG919bqw,variant
valmnjl4vrMsDoMn,variant
ieGVexhsZlhh2Lt5,variant
COHrakURIYZFYPpf,control
iNvVh3Fz1rKZlLHd,variant
p8xnqYEdXRHLLchl,control
Ib0CwGXrN5vnCSoo,control
SdJecl9tRtMMaRcU,control
i11t5iETBIN8LRbc,variant
nqIdUD159MYnVAm2,variant
8tWWxjgZqv6RkPw1,variant
7vN9U1r2SzVDmdQA,control
YNjRBuZkt07JsZjo,control
SS07rgDnKOD1AW4K,control
VOqDrcBKD1uWtvJJ,control
uxughvvDHC8jeW4M,control
HLji7FeIkPpAtYaz,variant
9k8oMNVrxBywkGpJ,control
wfQ9xLPfjvweB6iM,variant
W6RB9yQLAx4QQTpb,control
beTu7jPrztOJWubT,variant
1GwMEdOcK03jPFJW,variant
A0WsLazT9mI2bvMB,control
RbkV6KzBzqcnpW7Y,variant
JBB0ZZy4ikKQSub1,control
HPmekCUBBetKMjFC,control
bat2adoUDfLag9e1,control
WgJcl68otOuFlKNU,variant
gYSEa7kSHskGGhSh,variant
HNACnHS6KaiZjDQr,variant
qfkxJGG1reEpbibK,variant
t6q5ysPhZkmmierN,variant
8ZnHvVGx42Cm4XAa,variant
gdjNI2M654pAt9jS,control
9GgPRTvQqi5NjJEE,control
e3rfPXBQxeB5crdN,control
WPFFsCGb5kU2GONa,control
PqXpb1WdFgC87i5I,variant
Z0eX8u5qMnFou1nO,control
pYaNrHz8JuaAYk3L,control
YnB2Avu3xsxzySRC,variant
jYkxxlgNqIfloFwg,variant
6LECRBlAduiWHKu7,variant
wxjLfuKC6NuvITeo,control
9OUspNUQwduxP2zP,variant
bNhibntbdI2nuVoM,control
XtfB0VQbB2HniwRI,variant
ve7OCIXHdSWiYnSe,control
X3UAkDYKMHYxp5Dx,control
cCPl29ACb48CN4i2,control
ZRBKwmeFB5oxFueK,variant
J6BF67wpXjCZAIPS,variant
xwcJSndRVP2F3t3q,control
C4MFdxRPbnNPL22H,control
TQbJfJveLO1vVkQ3,variant
E00PC6GvWAh5V4fT,control
yHiJEsWaxHqHIJm6,control
y2luKTLaVfSSkpvT,control
kKz4zPu4zoMIkiPw,control
dDByvyZzXCTOFzB9,control
tV6bwMeu3vWkDBJq,control
uKJyxDP9IufuheNj,variant
E5DYuJ8ALI7FzdAJ,control
KAUVfrzRxZg2Rnmz,control
QQbTUwBaFlTX0372,variant
I8zE4lCeIgpFZquA,variant
NU7Zowhyk4u12jXi,variant
Va9vfD2HmvfOTxuM,variant
wegc2m1lfHoUr2W4,variant
cvIBOPl2aJD02wKB,variant
W0eJ81U3jenxBuSY,control
Nlt9YFYLNPuqaYRB,control
1bqMnnRVrNHQaPrV,control
HwWpsK729fxqVpMV,variant
O2fpiCd7z1L9znI2,control
WQxhNydop1kBgXLx,control
EdK3IfTGZFTLIq1F,control
nsxMkgS7x205xnxk,variant
hRoP1bxSjFq441jv,control
fAtaqaK8o2aqTS7Q,variant
RLQbrlCwUihXp9w0,variant
C6jl98ZlDjndUtOM,control
gDZOxjZSLJqu5T6c,variant
arbNVdFstPWW0gig,control
AuIxFlwJWCcQhH4n,variant
JVTFgjl27NwkZmlg,control
0RjgY5Ag2XxwyRJ4,variant
GKPMZ8gD7E4STKuH,variant
TuNtHhFZDCeDlMA0,control
mUjJEpMSJzRtHKhd,control
6CEbyLc8TPQevpi0,variant
ViWlUPdWrrPQ0GP9,variant
c6LqlkqIOX7fIfFk,variant
QMmmMTHcFdN0aiWX,variant
gAcvpheW5DBYAXvD,variant
KgXDmvkevo0MKE9C,variant
MqOfOqHwZDm5DW0t,control
f82E6sfHB5mZ9j8O,variant
SgrvnJhlNVGxPM9n,control
WY9escaNOKGW4Tqi,control
EIcmZKLnf5C84WiJ,control
wo14XU6XgU7yKwk3,control
ThJPMaZRmpTmKn5m,control
Tl2BvtUskD1zoDC7,variant
F0DRYpJrOVMB95s3,variant
3kq9uKRYHGCdF7kz,control
r0F7ApjRHGjP7zPy,variant
bztcFaxXQ3RGLVZI,variant
q5VQVRGkwLFslBbj,control
sBUhQwVSDBm2KljY,control
qavopt2jPzW81wqH,variant
O4v6dgeEsdX9vcwd,variant
Tx6nWOYcUuzaDYdn,control
rlLPJpacM9I816oL,control
pqHjkBALrUVDmpbt,control
lCThLT3Ut6IMEpwH,variant
FqQxI1wh1wusEXgV,control
xThmcHm415FIuab4,control
PQzcxzhUKhrrlJNb,variant
t3cNRH9WTT9fN4jx,control
rGMgSVRCsLM9yq8Y,variant
Kcx51rWzuk45OqYS,variant
Lud8FrR7BJKRXzW2,control
2xjLWhbRI3Zu4AwF,control
z7gGqhPqVPUVrJ4M,control
88Rwl5w0G03BRwgU,variant
badh9WCr2KEfRx7V,variant
OoNlTWnAZKm4LTL9,variant
cplnHXEMelzqR0kG,variant
ONTdFEkqAhuGXe89,variant
Fy5hAzNCirgPupcF,variant
j9FhFXdCl0KJYsKU,variant
ERzSfCq6tPTUjf8V,variant
FbjKAOsYOp8Yt74J,control
erhmOjJsEJCSwFW6,control
kbF5e4EmvIsCwspE,control
pzc57w4iYxGnBxQX,control
ZgLRy93bSZawUZNr,control
UhHQhCmaCXKaRe0V,control
2XbU7vDkCPcSm3cj,variant
dn8wqa4o710brMvB,variant
Dm3ccS0zdpBh1NpE,control
wbiAS166vRHiGL93,control
HI5UzgSVSAlquQvz,variant
MmPPSwYD2qAtg2dW,variant
EDE3drtNN0VUXwYL,variant
i8puiZyWJUQnqBSO,variant
3VhnoMy6kCcMvKOt,variant
smAspbacxRLb3pCK,variant
RdnqRSqt7UCOzPLq,variant
l3BiFHpV1E2ACa9A,variant
0F6k0IbTafgbbU0e,control
mssUaI4rW4FF0hkt,control
hBuLLfbjPi2cbJhi,variant
zHVDLhckyZe9l2DA,control
QetZucO7XR2dxgxZ,variant
kb2ROfgLrSi0Bsdd,control
mB4k0bfl92NK3x9Z,variant
278izdORdWZHvmoN,variant
LO1Q2R03bbQhLr1C,control
k3fivTYy5EuLZsjT,control
Kls8boL9hTILQDiD,control
WsCbBhyjvIPxzEw9,control
b6MGxlKiRQRcRwxG,variant
DL9QbNvk6lst2iQ5,variant
rOU1rNJAmUhVQw26,variant
m9gXNbcPMw7gd02h,variant
Fs1l4jnARut4dsCg,variant
0GhkGyGJzJkD4GjC,control
yFd246MHvm1YJf61,variant
qzxibtAfXA21xo2V,control
5GPjufDwJT4WczHD,control
rqSYPu1xdW7VyYxT,control
ZAEUYIZtp7EgrhAn,control
ra3EtfSasM2A3pnH,variant
gtEvtoyTaqpKuA32,control
6Ix9ZYb4T720ysSm,control
CFf3iZaxjIfVtLlc,variant
2ruIKsy39rND3PYP,control
0HjvXdcW33WBvlWm,variant
OGUsOqUHdMhGaeFN,variant
aIvCqDI7adiSFenY,variant
zwTvAyJdFibPX4M0,variant
T0y8UjKyN10CKenG,control
AeY14RocaxlS9n4P,variant
t5nnS0I983stPRwH,control
adNqznTYFJtpYsSM,variant
xnCPnZkkUNxvW22u,variant
fniIRJyoS59BXnmO,control
EeshmOqFe9iQHSaN,variant
o19F9HI0WX6Bq9Tk,variant
w2zTezf8YQHPmybn,variant
qONNMyAVYxWGASEV,control
LoR3N5akoG4VFyMG,variant
C5Hh3kmeXsuczGDv,variant
9esi5xMlT8VSAX9P,control
0uL1IF6JGQqeRtwM,control
dzDVUTCHjtxHKmwj,variant
vSnyrt2Bheut4Rp5,control
tYygyJYjNpdjYVEl,variant
tFb7ktwmIqjNLnsF,control
31G4QyynSR1L8JxO,control
7MMmbH7o5V6bZyeH,control
ZMeQhWnCDKdIgzFQ,control
G1xX16aCVSLLuwTe,control
DNrfePr6m2tLudmr,control
mmMK8ILNA5zlbQ57,control
tI2jhNTJEoPr1osx,control
IbmS4i4IbTpTJbph,control
5ar1OzReuINB1zF7,control
VXRRud6POJxGe4ck,variant
SFvk5L6vdMc1jKsr,control
BEqxaeF0q4uOQvMM,variant
HnperdRYBSAfkUuq,control
EHmw4adDEUpQcllk,control
pC0uSRP5QXeZmqlq,control
ahposyEPb46yEddZ,control
lquCvJNpoDTYk4mw,variant
N2OHtbhr31gQE8v9,variant
ByZaFyVpCPxq8Pfn,variant
z7BUJEAbsBSR4u2S,control
oHNca8xQAixqBM2d,control
8CSB3KCRZCekbdj3,variant
MRh92wAwVHIqUXj1,control
bqEpx4gspGJSjQYo,variant
QcbQPIAeoJWGalPO,control
i45ZtDn5wCYPIZA1,control
WADclUEKAUZxVONk,control
AipnUDTxPmG29iWz,variant
WPSXmuCBxm3PtMgO,variant
VoyImQhu03fj5WZO,control
unZ6S5Gy3siWUZKJ,control
J4oeqDgfo4ZTjfP2,control
Z7OmnaGsiKWVlefZ,control
2kY0L2joX08M2Bc3,control
pSqJsd6yAl3Ad8xq,variant
73zrvfs8KHk3xSKw,variant
NQdrDoKwlddZOOn6,variant
536hwa3kAdCqWsSY,variant
5WxZRZT1O4R3FEWp,variant
FRP5HI6Kpum53rb3,variant
GOrBKIKlNh1ygbG3,control
GN74Wwe8nhtrwCgx,control
TynLc0TncPi0gzgg,variant
R5JZmcti09vZSG8w,control
8wLZzF83BDNq43ry,control
dzE9l1V9rjJb7yUi,control
UFeYcqm3cBdr3Inp,variant
lkbGmDzXrmd6Goqf,variant
eG1pTx8ecI8AlXOy,variant
2qWtBX8IXoGcgjOz,variant
ONfGpx3D74jkRvcL,variant
NwS3sN02mJcvytB4,control
cvRK4LrtTeQ6iCql,control
4zGGJCv9rqRZxvRe,variant
asDMoT5IefykYv6H,control
4R42n6itp5qqHP9k,control
I9HJhsZXG93w5bhC,variant
PYgW7CEDIyUdWQ9L,control
qjarTs8X3F1EGvaO,variant
TIRWqHCfa2Ald2pZ,control
kZ9tzBPhbNzAG82g,control
1TJuWH5wHNgzNZW2,control
qEMyK9obkFDqxSd3,variant
X8TFscdyiuwTCDyW,control
CHnvVYpk76nge5NC,control
qDyn6PvReNBlJ7m4,variant
uFW34u8KLiKbcQjI,control
iNV881Fu5HyP3FTK,variant
vyaSJuOpF7u0B7s3,variant
nwxtFNjZaEZK5oNE,variant
BjfoUAjusdvLofXk,control
RDNxvDTdXfLzsbd3,control
eUICp9Sluikh7zFM,variant
dHByY1982RIsIYYM,variant
CnuJLnNX7oYXDU2l,control
X9eAoziNNImSRUTG,variant
H2dmj0SakXiLwmey,control
9jevPyKtBukCeKW0,variant
eGSJhZ2foo0Vi83e,variant
9zwp964MIjApulip,control
i3C1wMQWxv2EjUPA,control
HVMx7uoq1Ss0y2Nv,variant
OYWPn987BlAZxvM9,variant
8OXM7JwhBXCoMhBG,control
kPK9yHvbYpknFveJ,control
w9sCPw7irEKq2rAu,control
aFn6TnGJ2M3lSyot,variant
H57nDRmnCzcyASNp,variant
LkCUY5xCHktti3wJ,variant
2WAxNyyVGEjMoa1p,variant
u6b8coF3XUAJI7Mx,control
Z1Y2hgdDj7yPUF31,control
FXFj2iyyO1pWpDLe,variant
gmhG9jZtFCaAt2no,control
fZb7CM344F9ZYevB,variant
FCNc9Emfu82nygQv,control
FOFPZDqN1L9uzQcL,control
qMfuSTYNmZi4eQgL,control
RRLEd5mRoNmQQ9Qz,control
s0WamytOw5xQOWMN,control
DHTjO7alTYCkOqt5,control
Lf9tjjEz5q0necQY,control
tYToccwikU8W35RW,control
OmhvLAzw38MECajU,control
8TdEdCioROc6o40k,control
fUgYTdua36wmQBCr,control
wBi09QfpKavT9wuY,variant
ELBRAMPP794mFgYG,variant
UTmFglNo6Wul7mNP,variant
MbC8VCJLgDwYB3wJ,variant
PCdteTkbO1Rx6GvU,control
fxCWF0UDT9Y1O5cy,variant
B4oqbAJnQ6FlwpRb,control
gu5Ew974yIISgeF0,variant
eyEtvLmMbv8iYbSF,control
hpGkFhFuy4taug45,control
yivb0s7f6eS9j6az,variant
z7r6uTlLnWFMIq22,variant
jIpfd9ZiCgpfR48c,control
RZnniJw4Z4ogtsfY,control
MagIyLwyL5kHEL1X,variant
2Tlim5t6uvaN78Oq,control
SdfS5WsDwF3Chuqq,variant
3uoAyGbZP6p2Jhpg,variant
ewhcIXJ6JoDoCdHw,control
5IBEPGreitLYir3o,control
o6n9INYQ77JU3Ptk,control
4O1qOy9Cwi3yOw1b,control
S2aLfVRogb9DClZH,variant
DJIbXcPld2Z6gtsh,variant
cAohrCTYJc1ijNtb,control
5aAdVKFrnSV8oY8d,control
sxDmkBX4k1aU3P1d,control
LHWl1x8K3FsCLWCs,control
t0cNeweDFxWYY5PI,variant
F14SVRvuBWHpkGRL,variant
sBCK10crrlrFPJZ7,control
s3d3kcAUpRrDxfUH,variant
2lPwJNoYpS4UnolQ,control
0IynbrIikzceFOjL,variant
fkq6bOxXeufdied9,control
ir6QpbCVYPJl5OSK,variant
HINf8KJtphRvee1S,variant
kQsMqKL89rXiXYqO,variant
Gt2rxmNBTcJkMuKb,control
fZeUQFKXNkqnbM2r,control
GDoCza9q157MVbov,variant
tCyQ3xHQuVbYpNuZ,control
Kh5nT2vr5ePUSDEi,variant
4EEOY4iK8f2Pzjf0,variant
8GZSDNxBSLCYRohw,control
QiYkfUWl3HuF1JyI,control
HsKqpp5RdW4DYHeG,control
5T2iqlx325Z9lop9,variant
wrvTREQo0u6hWNJ8,control
PLfqNSUJ8B4UwETk,control
9t7Fq4PLfaKdEkqg,control
ZIbNK54KjlqTzee3,variant
LUAe8hEGuIuYoJ64,variant
bD5BqRtNCeyjs8OV,variant
aUH4nyzupjFRSti7,control
5HEsUEDUxGruEMP8,variant
O9YQdzGRGWtOhJhE,variant
2vP7XUstwx9QxJiN,variant
pASKmYblOGw68nMW,control
D2TWHioxVO7yJFUu,variant
PMfUybE3DorFn9rI,variant
ZvnLnHvp3V0WppNL,control
rwTVNrTWv81NDV23,variant
PP90r0rO0a4VPoeA,control
qO4554FLz5bBSwXt,control
JP2v7kBS752vqEkJ,control
nIwCwR76JpMtyszF,control
XuiQsW4urfIniIbY,variant
fI4yiXEgBbaK66x9,control
IgL6C9a72YDZTFjH,control
kVWK1AXVjLvxhf2d,control
efUFLY4tNSJ1WnXU,variant
1skMa9Is97GFJxQg,control
gTUenSZz1Xamw8tg,variant
f6iBj1IgyDQzRlm1,variant
2Nd0Zaf2b1TArPC0,variant
GctdrhvOvsBbiIvz,control
HgDWyWiAaGhWFNsJ,control
XSvMzcTiIgodKBiI,variant
VVYyi8ZGqli1e87U,control
zSsIbSgivPG1pQxh,control
DzSVISq0LjOX9qgb,variant
kXcTtmwqC1QMFIIH,variant
upwk7ncgNSYkGsS1,variant
WOYY7wwCfMeFNznr,control
u6ytxcvhT4TCgf6f,variant
lvUzysJImyVSFDu9,variant
PSNRhOPgcKcrY7Pi,variant
4xgGyPHL5uL3N5rM,control
XGB3yn2tMtgdED94,variant
K263uaZcmgffHFpL,control
hu4kXwfTokAoSLdn,variant
Sj41Cl3NtKbtlLDU,variant
rXjgPeVCYIMYljK8,variant
bcnUtSWZdYzUoicb,variant
MO1DKqcihi3qxh0n,variant
1prWxMZUABgHAHMs,control
fDBloSMMo5Jcagia,control
eUJjbwMC3sLUtlkI,variant
Z7Wgw2XqV4be9um8,variant
kxGA2Irud8OFQWkc,variant
YZ2uQ5nfY0CEUBQX,control
JBsclJxlxaBpuDHz,control
1IE7p5PCCin4hbkb,control
6Ure754gwss5VsWS,variant
7NBkXk2inHCWuV5e,control
Gicnrlwn7pKttoOy,control
qlSPM630ghxUyuX1,control
GjvsCcMdKEfBjlT1,variant
bcaIxUVZHtpDUMye,variant
CKB05OwFTY9rOI8Q,variant
xUBJu3ezX1wRGz4v,variant
tbO14re1FTkuvcib,variant
TBH06jsC8bVfR1gJ,control
hsjGKLACsrYYwa6Z,control
Qcj6gW3zpMSFlRhh,control
Sk4GyqEsS2o83R0W,control
IMbHyLdpFoPnOogg,variant
hsrqrs0Nm6k8YgA6,control
Ke9hjKzo2pCBj3NY,variant
dT8N0nRG2YrljuGn,variant
iz9ouv2TOQeRpZ7I,control
e9zz8Ye3X8JxoDeN,control
VvGe5FXVw9jJXq0A,variant
5ShNR85XfgzqK1wA,control
4YN5sAyNyu6y8YgI,control
fNXoxWdgDq15LDSM,control
i2sZmUWK2sfloUcd,variant
KLfWBhYZ3Eu1SCoW,control
xuWwEHBFv9c1ifav,control
YdSZ4h2KP6Z8sRaO,variant
xVqFXnqFGD40UYHB,variant
9x3n1H6UavGR1U5r,variant
UMljbbftLB36PcVK,control
KPywm4xcXYL6BztA,control
ajj841aFYFQAmqBy,control
ZXJUbFFf1E62iQ4Z,control
pyNBqE2wEzdMQ6QQ,control
5500oKLweO97QyD2,control
zcZd2Ur6KkkJp5Qy,control
azSDYfAZsLSQsMRF,control
VayUmjrJvfAhxtvi,variant
28N3XMs2XakOPjaA,variant
q6RRYqM2Q3bVwO96,control
j0PDIyq7TsrrTIjw,variant
SvRiFzC6P9sVC04I,control
lhyAUQ2SfmkLfeg2,control
2sQfyityXhXKLb4v,variant
3JYdVaVGxWe5V4IP,control
X079XzWQOQz6OWZe,variant
Rr64yVONLWT5uxBT,control
dh1WGcWtIMQ4UgAe,variant
WKav83gWhR99D4Bz,variant
9HWFv7tnwcsnNMKI,variant
a6soyaEKZQTvXtO9,control
UQeo3bl6472gbhi5,control
ABKosDYmSfDaP64L,control
yIzmsjSgowJQE9h6,variant
DHGapXkAvNsRf34V,control
NMtc2awLc9YHqVA0,control
8MwLkoz1kgUVheqw,control
bAug240LzDlVk1qj,control
2Vpo5o2tdF6vInDE,variant
jfAkJjpxu8NOJWP2,variant
SwuF0qYq2u7d9wyF,control
fnOLP4L9OSp9FpsK,variant
Quo8zDNoQ8mAwH6H,control
w5R5t1i56tUM4nWz,variant
AHCFOSedwuGOxpFs,variant
zcIMr4ZgFxp0xdSF,control
PHsnL5mv7ERRDwlQ,control
nJShx62cnYXkS29L,variant
BwrtGbMKzYbctjPu,control
NibBcpdwDLmfj2qh,variant
iHqZQXvcONCMAM20,variant
NZKcsHnu7bjZP7qb,variant
AaXJGvWIHrJ4cR1p,control
7kjYPuyI3fTRhHOT,control
acZLAZmQUXssfU0n,variant
e9QZSSJiwFCSBNZk,variant
sai4bdCd7aBrTmNf,control
W2QUMv8DAhQB0btk,variant
nxmhRuvi55PQkpX0,variant
ic1JZYPmaRkxebqq,control
tod1kwaPXUY4dLbS,variant
AHmU8rkeCyn1VTOL,variant
O8KkRFWfZ4fUWvcs,control
2HOOg4p6Li5mHTKQ,control
Uf7LV6Z8def7mTxB,variant
mPW3r6gdExvuVPzD,control
0Z9YI9Yw3SNXDsFX,variant
16svdSlo5oj18s0h,variant
Y4EiCghOqopgPsLy,control
lFUj6xXd9QKSP18M,control
QdJKyODaCpKKgNYG,variant
XvQ91ACpukuiAMvo,control
QwYCMpcphzPiIghI,control
V18TMJfglM6aXQQW,control
yl2AwsuXuxmPYJ3o,control
XaYHP9EXFJ8C1j5u,control
JxAurZ2dU1riZ8WD,control
ISDMT954fnTCFntX,control
iln3wVHpr3O4NGeM,control
jvQRG5EfJcd3ALyK,variant
AOJTU7J1T8P6gDXZ,control
UCNOef5RgMFoYmrj,variant
N4kNNUbAZ13SXRhW,variant
6Lp3x76w2nAj6Byb,control
SG7X9TIUO5m2eevH,variant
a6qYWij8oSC0yuqA,control
BwMJcGgezqqUccHh,control
S73fKS9vGXgWNsVT,variant
Z2jwbuxV4merZkK1,variant
FBvSBafkPGpmu6VU,variant
MT9xQASKXclg5toa,control
YjnoH4WyEjK7ffBL,control
4nmm46jpMIowK4hz,control
7ve5HA7sQQIStY28,variant
ULm3rraF02yuAkVa,control
sFhs2p5IblCj9vH5,control
9uKefFcjext9KEUq,variant
WxrzP2gQnOWbDWq6,control
t3jxRlAoirV8gBTJ,variant
cRpJdIi3TljTRRbs,variant
mP20GaBNfZcSy4RZ,variant
pQ3dhMp9RLwfQRp1,control
p9wpJlKiriVu5a6w,control
esIG2TrNntZm60pO,variant
EMIt4a3NTmgSvg5t,control
ZKJd4fTcc53c9J1i,control
1pYplLt0EDucuBBe,control
g4eiUutLNZK5qPBE,variant
GF9FV3wuyGcfW9B1,control
bFz9ekjorWnBD97m,control
tbyR6QYlydPlg2LN,variant
6FQf40AIutsG3d7s,control
7ZWBvYx6T9DCj0Fi,variant
ypo6Vr0w2PcgMZk2,variant
xIXyBlwq55OKr2iS,variant
IJ4rtuUt2fiQCCmJ,variant
AU4WRfM4FWQRBSaX,variant
1YQED1rCPLwvbePo,control
8FTfnx4unl2d5Ruq,control
CYprLO5YRkFBpHXD,variant
L5veimMwAFEGPzrl,variant
cen6Uld3pkJL4Vbm,variant
hRuzLIoNDbpmaQBa,control
NHm80b6dyHmJF85u,control
zoCzulle8PzFbhAK,variant
1hxmCm5wUox5QwjL,control
eeENabWC5gC42iJg,control
BjpjM5zHHNnraqWv,variant
KpgoYub6VyitXj3Z,control
udDHDnva7hkae4SW,control
j29MmuJ40SG4QB0i,variant
Sk6NC75g8A7v4EDB,control
too0lqwfSpAwaSgS,control
MNXWV7WNM4rJ3vbV,control
zXFw4NTrsxd17TbD,variant
WLEN8p0G5Xc887r4,variant
jbYDDyQY3x69IjVD,control
97zIxYt0MWNIM6jA,control
Y4o5oKIcCdUpeuNP,control
1ubnegkIDRT28a81,variant
pUa2vm5Aoqie6wRW,variant
QkxhU4H1P0Evne6q,control
rsgzyrRoCTPWadiJ,variant
Y5Fx4Krot5NbymAm,control
9BToCuREwKcXInbX,control
mblAHN8e8ykmBuW3,control
VYzAzoX8fddDmiPn,variant
BNcOCGoU79MogSlX,variant
MgUOfz65iYxZDpVA,control
GwSsJsvPSGSjUF8o,variant
M5ThYyro56zORuvT,control
HK1KndxbabmAZq4S,control
qex44h118RirpYF1,control
NM30O1RTFPV8bLQd,variant
eKW5KzQioxxIVOyz,variant
wfOA1sELQFbrBg3w,control
0JxByMWdSZ5sd4ma,control
Hg9ywDW8g1SqG7bL,variant
RmZZFviq9rNNAk11,variant
BhXrmGovLDfS6H2s,variant
WGnVUOsNoj28bXZb,control
uljlMb4abwB0qZNu,control
RHiqWPSFenTUyve1,control
Li8EOuJavwwoTafN,variant
Iq8wtBKrg9WUtxpm,control
Bgoww7EeAR7jYP8g,variant
3Fw1UiCALuQfzt8o,control
SLt0oCfpa9fp1Gg7,variant
j0h9uzKrdtVP5VNs,control
GwiLSSrTbVq1pTSV,variant
xEaBWGPKMdaGj9cK,variant
Su4i4N9Q4x8Thxx0,control
jId42RikQVmADTMl,control
37sNd1WHw1Sz70gr,control
Pd0hv10zmT0qR9JO,variant
UorAfHOe4lC5KlyU,control
HkwxYWrjeE9y0qBa,control
SbWUNb7AhAKqdRXL,variant
Ee7yBsKPw4YJSmqX,variant
YD52wW4cmFSIbUc1,variant
VCjtHoNSaz3FbFOC,variant
ZtwYlRjsZjszxiCC,control
KB88cwY16d2nLmBM,variant
R7tB7FnmkL5MP35o,variant
iceBPoc0XIgDx0En,variant
pYdcIid1sx7koJ8E,control
hb4XccuY9l3n5w6m,variant
pq1rm83zSNMENqF3,variant
aIJsBbCQCQs4BHEK,control
sFCig5l7YErBXuiH,control
HUxpBTYUIfL10Z7O,variant
kdnmoWhQxkVIywUS,control
geFBRcD5ReY8YGtD,control
4RvvLCur0VkjIz6X,variant
RTdj4Mp5ODcHyLPJ,control
dPjmfgB65KoDNjlq,variant
VDaJN6xLuPF5rmKR,variant
urNTUzeeEBWmWkax,variant
m5rxCBLS0vt7kY6t,control
OmUxQxVqe1Dnoinj,control
5vEmqanRMI20aA93,variant
S4vHiX15JVF9LtA8,variant
c7kxCeGhsdOIDe7V,control
NLcphSeL6IhJy0W4,control
huY8TiFRmw76hI1B,variant
oZCYdHKxubg3kldI,control
Nzr253Kp2lO8NKZs,control
ovtQZmw9EzSFuqC0,control
CVvWs1n2MwObY2FL,variant
9G5gVHdwtvTCQOKc,variant
vtyHP0C4jMUKNXt8,control
LwkhCJyMHUF9Owus,variant
ywsesIlMyelAdZsS,control
UxPBGIXplpkQBw1T,variant
qskdj62sJ9QMZO7v,control
b6GNAs2VTds9y11f,control
Um9YvdbcTDdVQCSG,variant
mUMFBKBAyDfD3ifC,control
wfvbE0fPetlLLh35,control
WXQG5MNEcsV2hDEC,control
f3bwRD0LTMigUR6W,variant
oou96nkktmSDNMtS,variant
QYLhYKPGzR53Mh9r,variant
MnZr4uwdjQktsaEb,variant
OWeHdAM0WczOa5Z0,variant
p5IspGEv8Rt3fI7M,variant
cFmVnOhUsSnkXI8J,control
cympBSAjrhgWvLUi,control
7P6NMC2KXVUPCBuG,control
6zLoblGoSaGdB90n,control
06WSl6fYtVupl8Zt,control
5SGXbHzGPD3aThaT,control
jFY4NbEd3l8EOwGh,variant
97WpoONZznlAUEdD,variant
d1EHdt3rUh7P6b4i,control
pv5leMoShxYsK0ru,control
W6Mno62Wc3Sk4cDf,variant
fEvuLL5fC3TkVv7Y,variant
MfDQyJaviShHpshl,variant
QO3EPGs8AxWB2dlw,control
tNB1558V37aOkREO,variant
L8iff8ZcFIpbJOgI,variant
3DSTCOaRaO4gcJME,control
yU3xaL1EKkWcltDj,variant
MourFs8DG9vSCxdX,control
lJ5desOM4EgljCZu,control
mwfEiYxp65kJ4auR,variant
JKfnCahUR6swMOkA,variant
27NJPtPhTJ8ZzI7c,control
6dRC9XBsQBrnQn1C,variant
cHiNeCOe0SQQZRYm,control
zidMEegBNnxPLeUV,variant
6HBUhux1xmWo4TyY,control
S0BMhEgYUMq04XY4,variant
I3vg0jBM5Q5CI60v,control
iJhDD35EvRENUBTe,control
qZkvUym9J1S5Ske4,variant
5nvcXIFL5NxBuWGB,variant
MX8JjKN5ySq40dj0,variant
9yFhPSluSADjuaic,control
W0PsfgQpJdrFFrMQ,variant
K0BXMb87KKYbs6eR,variant
mvZgb91nyzet941l,variant
JEqp4jI1GLIYAgAO,control
1l9TG4m0bcke7bTB,control
mT7INm1lrrqMvmSL,variant
0sxsuxDBVIT06LqV,control
H2imnzZuRtkYPX9I,variant
VErn3WequncEyURq,variant
zq3sAgzebp9SkMwI,variant
fKaGr2c4sjtkFNt2,control
FQKv3dmfC5b47yF7,variant
zzLvjwdp2PGmT2Rm,variant
G6nhzvT9a67WpRC8,control
Zweu3XJtQh1zO5yZ,variant
PgYv8GeLl7R0ngBZ,variant
0ZTpObWEJnTBUFBl,control
mvPV8CDoNdGTiYLp,variant
z93Q0A2kTQzn4akD,control
xXWdvThUpGGjb4Rd,variant
wYAGGO9tmks0WFcZ,control
mBv4sEt0xFiYswyG,variant
WTRb1cB3KInx3XKc,variant
wHir6bvYIEzXnSV0,variant
BkFuw3xl9cfVl0t5,control
ftn3OWRatvNEEBlp,variant
GIRdjH8OcEZEZaee,variant
boauKgkzPbD87n30,control
eEVF4HjEAreqke03,variant
L61VKuxDpWOv4bsW,control
KbkGi6yfkAhSEARO,variant
UeoboEtcPMjzjNmu,variant
HRFiDa0lRIxNS77W,control
Z7jUx4Or4h6TQmpn,control
iiYeU8ksLjpCerY2,control
PPR0IJvxlMlIXsKn,variant
w9NvUV8XkbjQe6Du,control
WGyTUgNBpSKcSsls,variant
Wk6c8b35Tzv0qHX2,control
olppMfThZy3ss7li,control
OCAezDnGIk0dZGfB,control
j6JWzDv0ebGpguIT,control
vYVvf943GMQyrO1I,variant
x27NNwGCjojzN0CH,variant
rby9uYEviAyyAjD6,variant
du7DGQz1bwEdUtyS,control
a1bfgYdr2O0Qey3a,control
H2c1qFxbaHhS5T0R,control
iBs3tg5P3IsqNrgA,variant
MDwtwzVUnVEA3iw1,variant
0jU5wjbK8NLLaVrI,control
gRPv0yPwiAkYANB4,control
rJHm2TZDBvxUDSLt,variant
fGUL6ooFnP86hJ4v,variant
LtxuBWwx1MRwdTdD,variant
VBEGXs0jyKmfDwJp,control
hpk16avrJktjV8jK,control
57XvkIio1YsKfJRe,variant
cjmd3NGZHJ0G7uMe,control
2S4mNq9jjbLuaDrI,variant
50MVvcfJpcJk3qs5,variant
7h7nzVyYV4jFo65d,variant
Bd8mloCwmL5TINlD,control
TebPDI2jiq7L6DO2,control
IglXPHWcGNmkNtEG,control
HXXigiPzbeWbZjEG,variant
R3UfnnoG4EqQotVu,control
C6iCRHU7i7VDqZ62,variant
dNFFgLFePc3t3qpk,control
mrnHlvu8zP8Mb4XW,variant
p9HksD1gAvqoilh7,variant
bWV2pcYVEQzOTbDm,control
KZnaFfvkWw1nntgs,control
z6vfmj1sEjKmq12e,variant
u81Mtgoo0wG5RbXF,variant
ogi2Bvc0Pb4vyyFR,variant
g9EKdGoifTEHR27L,control
mJFvVCkfeaYMXjjW,variant
xgv5uvGRyEWpZoCs,control
ZqzJJINwiH5Y1rp8,variant
FB7FX5rRHCu79a2p,control
WGu2I24AtEp0nVF3,variant
OF070b4SvK0ZqFLq,variant
5HgCqxhw2GCs4eKw,control
6zx1uGzjPC41IBl5,control
RgptCIBgvn6J9j3b,variant
vpIUNVk3QQGHZGst,control
js0Qljg3NkXpG89L,variant
q1S2yPEPaMtiQZba,variant
2RMYe5ln7MFNTRiP,control
PGy1Ln2i22ARs5yZ,variant
FvC2B8R4m85BcDkb,control
XX434iG5zpyaut3e,variant
74qNLamrdUnVe9Gz,control
28dD99qBf44AJg5a,control
jmOFnGDifjkMty71,variant
lvlnPV1J82nbb8QQ,control
fycwiEByIaboQNpw,variant
WIhguIMKGKIr8sjd,control
DS8GdiqQMx4Mm4z8,control
9sqXDzmWr4uZHYUi,control
DCCTshRqloeHZXce,variant
HixeAW0tU9SObwH8,control
CQ7IDcj3HaffQpae,variant
y5AP072LQzpZSRXz,control
SKBBD95mySYsm7kV,variant
wnjHNwN51u6tFnxT,control
rU1DBVnP1uHeEcwM,control
36RDPQD4WJLg6efW,variant
nkKbETApbWzpiZZi,variant
eJg8FCK3cDNEVAf9,control
Ci1tXksMjeMwfEru,control
o6EjfxG7BBjwoTVK,variant
nVngYJr710oWG3UV,control
3vQOqzoNrhc12YnH,control
G9KWa0VIjsk2Ibco,control
6ZOUBbDLefe1ldx7,control
yz29TTQ7GuwKKlKu,variant
mQ0GRf6Ql8L3DKrp,variant
SgTa0B0RcXQZMjYS,control
nofMSpUrIVyG3GsL,variant
k3Mc7LaNy4FTJd2w,variant
pkvM9GO98L3mul2Y,control
zW20aO4vA42Fh6Hr,control
da30RpDwEBXKpOib,variant
TQbFp0YmWA8EGusV,variant
4m7sII9GcVuNwV7S,control
SkddoBJhxHow7An7,control
0b8IQgpv1BFgvQbh,variant
gLVuQv9IriWb6PPq,control
Ntfke3jwGNJMYUHq,control
z0VATc6shq8XagJc,variant
sPAcHeWK5Tp32nDF,variant
6YSl4AzVCwWvtLTp,variant
EcuYMet52wFPicAA,control
jpxwibfKIgouLJwC,control
m2eUMMPS39QatQaI,control
NS7gIZHXeCXVAgai,control
U5aAq9FO2DoPBZcB,variant
eb1LpRqlz4W1gxpr,variant
6hAz9ErbOw3VWPvG,control
0roOcV5wUbPdzsWj,control
v0f9aQp3ZgxIndOo,control
R4VwsnAJ28Lvkd5F,variant
NO52x5HZcLbwNt3h,variant
IWQcF5ERTE8al9rx,control
J9CywcDqSWDW5seN,variant
3H4iMVRz0exExuvL,variant
vu4DWUjcMCybmACn,variant
dheRAxRQHBx1emr2,control
qDLsvWWrzo2BDBtd,variant
dKoHkwIQIk8b1ZZo,variant
NBEFH2XvC0hvlwL3,variant
bl2u9lSEioFQixh9,control
ZB3rQKJ0KFuMWCrw,control
GViRYQLdpchp8bSs,control
xpYN2bFaWrMFi2c3,control
x4kBpCOlT4dzdkbE,variant
3XcyHaeMZEJ6cLl8,variant
phkSnAr1hGdWDtDA,control
y1fenYnHOyMrtQhz,variant
1uAFPXqWaA1JkOOI,control
LLPPWU4J1j7Na3vq,control
lR4myzTNTMWQGhmz,variant
3qxxlE5pP8pDBcGY,control
xDNVBUMbmKjNmsfr,control
Niqd19Xfk21Pzkh0,control
cbrbzlKzJpnbug0k,variant
3R1C45K3V91MBNdd,variant
AfHO7Nr7RVDG5t96,control
JTXe7Islz7sZk0ti,control
tA256ejiym88Fh1S,variant
7AvBrwOEOH4geufS,control
3XIPwcGLwpyW6pyP,control
ghcesgXvzXyfeL87,control
LvE5v42kFq5OvpPo,control
hTVYcmDBilyKuYMM,control
shLcvaL2ZZsu7mAq,variant
1XtDLkALBzMG7F1y,variant
xNATvtGeCeTMqCkv,variant
EMaosjim3S9zfNRb,variant
CV8lwXcXkeSj01Uf,control
pEwDNtyIeUcUHlAe,control
Ovd250BgVSHbioEJ,variant
WOoG9EAbiQY6asi7,control
bKW5aTl2zjYUaa8Q,control
EkeIkdLXMu3JTBht,variant
Q9TuIQFJOeSZdgHt,control
YgZxu4is4t4BF9H0,variant
pLYXqk2d3N3XS0NP,control
rXWVfTF9eoSpVq63,control
3KQoIhI8JAn2wt4f,variant
xwJlbAFCXTNNRGCG,variant
Jqja5Q0qPBLJ5SAQ,variant
KTyHcCIQOYj0L1La,variant
1aFv851sIfHoR0PY,control
09ScXZKvSCnD9oXC,control
nYcvGw83gtgqF8om,control
395U5cyWFp1a3Tct,control
BvJ93O0a3nSoFrVL,control
vpkg7iaP87hkeCf3,control
3lQMgRlG3s0J5s5u,control
s4Q8iSvsKk3yIeS9,variant
EnmHHr7fYPuNebfX,variant
8hbw9tdoD3txi3Zu,control
LOmeTnXgf6lTYp3Y,control
FPkd4CZHijhJFS6f,control
fAbiLeH8njUWgtkm,variant
20qKRJGjHSmyRGjZ,control
xejMUAXZJGBNQcE7,control
CRSZXRPuFBuUID3U,variant
qCVbG1d5WMye2dZZ,control
CKht2OfJFeNtSdMv,control
GEOCejkXK3vxuJ5Y,control
pboOWzDb1Cf7aNkZ,variant
9wzEoiHMqIJcNkB9,control
VBT2s2bFRkpkc2PC,variant
eBEmy3f7ZcvO07M2,control
FDgybhX6GBjLr9mu,control
Gw8aR7N7ueIrLJUC,control
z7JLXrC5EPmZ1XDg,control
6N4fb1hjW61RQWVv,control
jZIsdsOtWdW5zcZD,variant
JOfYMApUpTJ2HMx7,control
Mft8iWukVDaA56VW,variant
f1QgV584vHtSSoUi,variant
rT2TJTPDk1G69TNf,control
QTM8vM0svEPy1OX6,variant
WDSd0zgNVlafahRV,variant
GdYXNfS7ZcoffKYA,variant
POT1e6MqwqO1wMGb,variant
jsNioQxlvrb987oP,variant
MivqnEO9gUIHcbSA,variant
5SbZ1YOeugySaibc,control
RK5Rdu8z0RKnTjzj,variant
K6rAqjkUxsRpw36l,variant
1916sycmuvUCWQyw,control
6lW1weCeMIIqD3bo,variant
YwPzkxinxgjGGTAh,control
ngr4z2O6oGksPrv5,variant
Jrrvy1ZREiXL28sZ,control
2yoekmHhyAkr5jGJ,control
8qWewcMKjA3gWCWM,variant
fih8n1Li7Z4kkNIk,variant
J2cSsh0B0310a0ND,variant
OLkCE8jINCKbVa6F,control
xb6ciWxlH39HwsZ7,variant
F6WBzWSlQ5E7k3NX,variant
drCU3M25UEYBA0DW,control
PkndJaRMKGux5N8X,control
mWHLC0JNUetCkhBW,variant
OrDn3ij3yZAbcC3K,control
AdIAsjzgADlN8e3m,variant
OdbKH5XfzkPaHuje,variant
zRsu4HCLoNpY9r6W,variant
8akJFBfg8NxjDqRh,control
lzqITReSkp5PD73N,control
fttxAcxZjyBrPSna,control
tUylVMTiiPOyDV2N,control
BbyrxrAR3IHLfWpw,variant
BmlkU7WZ8vE3AANz,control
gk08vNsLt8ssJ1UA,variant
qr8tRPOh5Nk2Dl19,variant
9wfIo7LBgfAbf8FC,variant
HaojjjKFJyoipOsT,variant
5RlI8YQ5eLfYnVlX,control
vSZOXdQ6r0EIdiSo,variant
P6uFiVFpSePEy3a8,variant
cuBcPFFWD6XmHVd1,control
rFnFfQqhIxcqJYNq,variant
46DyvKk9luolvM3I,variant
PpG0QWnrRpNcQ9zo,variant
JAV13qnbA1Ux7NSI,variant
dzJdHm1NO8aaikpC,control
Jo6MbjWkDwvYPJCS,control
FGMiarXVvVKnvGfA,control
f2RX1OpU4bKCwumY,variant
aCVgES3vpBRMynXu,variant
s7mbYJnHrxDYsJ6u,control
s1zINduceQC2sYqH,control
tBicjuOZdvg9lkvC,variant
88AUtngoTBQjYclm,control
MR1HaLysyfSdzzzn,variant
9FVB8bOSuTnKbeLb,control
aVvOyTDi8KUjoWch,control
yJQ7YTXuHAijAymY,control
d7plyVWpMbi6Rmnl,variant
IvuVX4cviUNP01cE,control
Kfns5r54gJCcmJOy,control
BLk7O9ivu6sGdGSp,variant
Ra9ovF6KwGWNvN91,control
15U2lVrFc78JUTa4,control
ytqWvXGzA7HwpnZ2,control
2Z8XOn9SzT5YWANd,variant
i3AQMoyrZ8DKp0lq,variant
yoyu5sxg0lWMkGWy,variant
1MHkpFoNogKNbfJM,variant
LBvK6erk22htk6AC,control
y5Ys8bPMR5bgYEGk,control
NNTmjW6LtunxNgef,variant
N0Ii4PaMtfFmMN6u,variant
Klf2ouuBJqTgwSvj,variant
rb1lS40MXvQvPvfT,variant
ZKtfiCKeYmAwKTHy,variant
KwB2zl3ZMciUohBz,variant
p4HtaxCdd29LcNbC,variant
WBl8RoXOE0KFvcqC,control
32lnhOb0H8xVtQZj,control
Nga29jYe31Nu5iCE,control
STAfQEOSJb93uHvm,variant
sG7L6NWcL58sgoLy,control
8vwXjJKX6PPPgZTy,control
9N5Oxe4uNtCK6trd,variant
k0vZQn5SBdpLwm2t,control
esuPenJfexCCbfHl,control
vdSWfcmwIzZiwdHK,variant
hH4KfgSOMJe7cqsS,variant
aK2idPTjFawYqZDA,control
4o1LgGeZZMH02c9F,variant
bp7q0l7ed3prS7t0,variant
ipICWDtPvwZJvauV,variant
Qshe23NCrCoXSEo5,control
0ScRRPGxLYxmAGsy,variant
fGywWquQtl3mrvxG,variant
cqMFqVRyhQI7ClJi,control
zv08E0WVRDoUGcH5,variant
9qReD9QYo9MhPLBu,control
UjBuWBvLsZZLTxBS,variant
miiuxECNjZdcmuh3,variant
iTanlJv0JSpkcHyz,control
ctEWazykptPZLb1C,control
gWNS1y8dQHyhFrNk,variant
3KM2J1jfSp1yHE53,variant
Uhq68nDr8TJu0E12,control
GwLeoDp16NCBfeLy,variant
BansEY4osLF4E5Kz,variant
V6OyU1N44h8dE3FH,control
VcOzdbswyUghcwUG,variant
VBvIHDUJ6nivBOno,control
3KxH3WQSRcwtSoQp,variant
gG29srOrccJpQwwo,control
i5N1L0rLfRKTfu6D,control
BtsnaAZFCEy2gMTZ,variant
pR2krR3P34e53bjz,control
xzpyLfZ832liWPh3,variant
EOFgF4P34yGY1BkE,variant
2ZjbTRdvSZBjb4WE,variant
PwpiYQf4ydVlx3AV,variant
21clUZDlOP26NSvo,variant
Bq6RVyQY8Sc4JE3o,control
TBQE7StXSuAsJlIV,variant
GJOwm1DjOtfEscjj,variant
3u34bSM8SDTBrn26,variant
SsNJOltH8Ju3sOOQ,control
PIhvQLrh2bte4PDr,control
R7w0bPRYKPFaMa17,variant
1WREMhcUl5WHWyJg,control
ouyV4LK5paUZKSn4,variant
HbEssRwDqbkWnO54,control
CsBYaeYH8nsxNqbE,variant
qhTqLz8QNSNg3xDz,control
DIbRdeVbEAx3S7dB,control
eARUeeV4iU9AdWxA,variant
aFpwB8tqJ2ShrmiK,variant
DQBT3XrtVJseHqBJ,variant
LD1rfZzoaqEbJ3IA,variant
0c3Tt6hChOXAzMj9,control
DG8JtdwCTFKKYz0e,variant
xQboTTNZ4hKK48ne,variant
8iv6QW6RR3VDGXLK,control
XSLgcQNFJPO2SsED,variant
UKymli3Ni0SA8OEf,variant
CDLkPT7fMOEIlVSf,variant
SzKFdNcbtsMl8JPB,variant
i8Rk0DYbL9LGgRu2,control
lZuwfnFWWXSmAkFc,variant
W5bD7bM6C7vyPT0s,variant
WpqX8AQsQPDnTPF0,variant
wJj6L1CkXL0oFALZ,variant
aOncDEaTnJT2JQZO,control
QoLyR7SX22nx5Q43,variant
bY7HW8whe5CQ94ZG,variant
tpK67V3K7PO19xYC,control
IivtNdQJlwM7hjwC,control
3SF3npMVqtYli75h,control
OKuPFKTrCgNK3ft2,control
3i0ihqxN8wGvXUvA,control
VbEmbTgkUzWuWopi,variant
u0ZY32OfaEeK2zaa,variant
CvLOsBeuWvtlfCS3,control
N8I4k8ZGynC083mo,variant
20hUSGkZouJfyRaP,control
6XGM9FbyN5GYLksy,variant
BjEpVPrvXIlPBV4i,control
DrSxTsnbkzhcoSNm,control
pvG9bSCTHpnM1TXW,variant
eQrVzjfnb8Ai7mu2,control
ZRbcmuG7t8JrySLy,control
LoXqTJCGFhQmquny,control
WZx3Gh6Bs9k2j6ae,control
pttBeVcDwHW1BaVA,control
239HEFZgQLHTds4v,control
C7HHSScu7Lu7qCGM,variant
9z9gS51irak1v4FQ,control
jWAWlD7jlLuAfL8Z,control
5hKfHWNvCiuFh2Qj,control
WwtmvOoESFSm4yud,variant
1Pou7P0hEjuqemu0,control
7YRly0BbuO93v42b,control
DaTmc6t4ebz0Criv,variant
B7lKr22HP1P5c3Te,variant
3w9m6xBqf88ASClI,variant
9VebkdvaSXpbOAle,control
evmpzYiVFsJBoip5,control
3fhGFTJP6VJHbmQj,control
4Lg66UZYc0An1DHw,control
V2qo98S88Rg8ZZci,variant
cVZINhz3oemoMlIh,variant
jHhvXlvA5rs6epWO,variant
js8RavqIMZi2eiYk,variant
nTNxtGdpy5aYxcFH,control
WyQ5cgPICNyBxeAj,variant
lrLhXL2DiVQyDbqS,control
gvjzmPBJ6kipq2ee,control
LEbATQsQyZLmCsIy,variant
Vi8IYovmWDuyyNvT,variant
Oc8ixRUFqOxhfiox,control
X17kE3TSS1mD6yVl,variant
uxzXlKWuwaSjILVB,control
aYhOwtFwgk2hQnnJ,control
ZONUAtLyVVCnBDo1,variant
6ul2X3kMfcOoHdHL,control
RMOfvK5F6BzdjAtJ,control
eqXFIwm8aEsw1HdV,control
VW70RHD3jfllW9rJ,variant
IyW2O4vDRCgVNcuS,control
tiOJ7nrGYbKEvTit,variant
tUZaDsJnaejiWn7M,control
rP76yJETI78A2vkj,variant
hOBwfn7xiTNL3yLD,control
vbyxK5c4QzDCg8iS,variant
Dp2RNnzTK5jDv73D,variant
Fnwq5JCxUkOovAZH,control
74GuxtWdKK7TGEHv,variant
PDeOSw80m77inqIr,variant
l2OpDm7rl1HYGfrc,control
1fJW2XvgDbFovWLh,control
hMJtKhnt4Iyr1UuK,control
U6EfP2ZUtBOJNzmW,variant
dH65KHpw5woyCJoK,control
ITMUKOBSDgdgGUUr,variant
o9IK7eVw4jyvEwBS,control
oNZgTLNoWelmc44s,control
zDBor0Zg7nxZY4xk,variant
6MQN3j3QGtPMvIYB,variant
JD5f9a5dyMkL6KlC,variant
Hr1iTliagMPHF9Bz,control
J8N16nSEpMPkk9L4,control
6lP5ivLi54cMIZD4,control
zh1FvhSbnemw7msx,control
IndzjLLHHscZJd5z,variant
kcWiTbncbv1CGJjU,control
0RLuEIcsvtJsTdFh,variant
YzY1az1UQiIrsVpB,control
crmAZNM54xC2vYzt,variant
xlrUlLF8WwdlquKC,control
fUBhEtpm726oZ9mU,variant
b305tB9rguOMi8Rj,control
EPme61NPLQJbfmCR,control
nDyNIK1gXLrhgHJ2,variant
OVYj5NCpyChtJ62Z,variant
AmzP2yBi4zlzUval,control
xDn1wbcfsuStuNdy,control
Y7ggGYzqhz0otsg3,variant
3SaMKrhoXf7Kvkzh,variant
imccgckT5B0PEZ6i,variant
AlhROvr3DWk0bC20,variant
zYn2BIfJl5H4fK8K,control
hK3NGZOTEHkJdq55,variant
pDMRWeNZKQzBsuBs,control
JksebyYzDqutrUpB,control
lN4fxXQfqPsUV2B8,variant
CW1gs6hheQHXudRJ,control
eWwsPTo5nVhiNkRT,control
r2FRJSuAVPuk4RXH,variant
YeBZj5VlOcaKNWam,control
LogDxhcoJOQ0nADO,control
RK04fs7KayjTz6wq,variant
DAkdrsJRTXza6t49,control
k6y74sFaa9c5TNFU,variant
JQhDM93HhyzA19sw,control
OphDhkguHueXQ5qu,control
fSgkrLl3vcsQwHcw,control
4WeCHReCS1xMuFQe,control
9rLILpIXxJeid8GA,control
v6kejco66TKNqtYd,control
HHEHcBOKZCoJIO6j,variant
qD1ZhwsK6QJdzUN4,variant
Am99ZRHGTzthpeHU,control
AJdP0XgKJxoXWfzz,control
32yGciKLDAmwcwI1,variant
x2Kl1trgZ1zlHVFD,control
b1hGTP21D0SPSBmx,variant
Ge7VfdPQ75HC3uzF,variant
vOnHKRaFFY1xRult,variant
KtbnqxDo8WH0hPck,variant
AioF91kczgB2MdDL,control
YnJEYsW07YlWoiA7,control
tByprXJduAaeRTjX,variant
ujzpLctUefyy1la1,variant
Pcue5odsq28hKxdx,variant
sx1OSuqhE6sk0TXw,variant
KBwlppnguuOITxan,variant
tBrcAfdauI8BrZ8Z,control
I990up3zM6iwbc1G,variant
xwfu9U5emN3msic8,control
E5T3MmOkOkTUWaI2,control
IcdxDFWtJm3MdBNQ,variant
Y59givdJGfcIGgOI,variant
24U9c4Qrc6Z9MAi8,control
q7OPSeTdnCk7vPe0,control
luoxmFzNzJSDUix7,control
Lriv3LuglJ5kcA7g,variant
bjcqQ7aHmnqHqY4O,control
3yRDVJ93kutCdHPO,control
849qldOnd9Hrmjni,control
QtaRCqWhquyt6yum,control
4mUXDmNg2YPlb6nP,variant
qma24UaUzZUTmH9N,variant
iYswO2BD8gnblQWb,variant
B1BlD5U8NNvrnyjJ,variant
VV80WikA65maMk4c,variant
bTPxtWNo1ftvb1oV,control
H1T4279EDBZGOWuT,variant
wPmSz1sAN6gyWNJg,variant
2tx8BWeZJEYG0xjL,variant
RWe1EiFOeY1A3BQ7,variant
lehqhHwrY0jMORRe,variant
QqUkUVsuRcN3Qax9,control
J6fjUNTHxwt70LIH,variant
TXUJpwRWaZil97Kq,variant
c6LCEI61L0zm04sF,variant
UA5MmZH5sscczfmT,control
LAOxjpwUlBmr5bTq,control
wwa1Qnl2nWRL5ORW,variant
pHrVjsDdgpY2Ke22,control
M4WGIV1H4G90Mjc9,control
XCIE7Moa3sK5Au1g,control
QG1bnPcneqMa3QBL,control
V6nqoTgPYgU6xznU,control
s0zpH9baVYJIQxWe,variant
2COa46iJpojKpLVJ,variant
10ocsOKV6chxn98I,control
pgOIh7lW7TpY7dIS,variant
OS8Fl5uoIc6b5f4p,variant
wEXODc252pdTJBXX,control
XB60czMmg1m36dp4,variant
B7UmPjeJsDUOVBEJ,control
4QW0ailwlPi0zD4t,variant
pmIXdYym7BSlxBaH,variant
cvuAuvmRpTxTqeL6,variant
PA1OFzgJ2gQALVVx,variant
x8S5RC1AHuSaj5DB,variant
8PDBCEQOdWsjSEHO,variant
M5PRE1ZkJRRFwNZT,variant
Mc7ByBsTsPRCXs3r,control
SW0xL9pr7O9mdmId,control
sxGGi24ccDrbFQib,variant
tAJOTspznUrBUsDO,variant
uuV2DWPKOTFDv7xj,variant
xa31ZIpeESK2yQW9,variant
yc1LFVtDbestvk2r,control
AEIR2SuZtiEi5gGa,variant
scMlDpmXxqAC3One,variant
QZLfxNGiPWcwuvSh,control
tnDZhsSLJfZHjEkQ,variant
IkN8FW6zv4aVCZMv,variant
1FyNSCKF6D76rRVc,control
l5YtXhEx9m7hPnou,variant
ozLTL2Gjskc6w9fO,control
4OCdctY2QYWhfeh6,variant
hIsVj2Iihh4htgTv,control
qReHyUQoESsREUlw,variant
Xw8JkvU434DeKt49,control
j3vPDDvLL2L3gX5J,variant
nkgFrZHb9gQErtgv,control
Z4KHTMP7XN2pn7OF,variant
LMzD9OMiF30glwqZ,control
ulvwerKKg8ca7f7g,control
A5Ehn2oggGO4g46t,control
gXn1orjIA8Qa2BHV,control
c7WckdDM1FpqkJF4,variant
I1AVHeyBrcBbHvv0,variant
DHVaC8ssOZ99OCQG,control
YqLaXO6GJv9rqFtY,control
2wBTz6gO4tOUkgLA,control
idWLCWzynKXBhPk1,variant
8I6EH56TJqWuzOB0,control
v5OcBJbTtNXJhMyo,control
DUHd4vyiw9M3X5ln,variant
gEfw16sus1UsRHQm,control
JyG3uHTyrQksWWHb,control
DSLokx7dsCnXqhmw,variant
CUkpXRwlLxELJ893,variant
azqJqKAyDOyLFlW5,variant
uPH7am0uamE8wckC,control
1Vr9yHrWaBd2Zufu,control
KDt9OF049EJyehqo,variant
tSUCJXY3BhnGHZ6C,variant
vcVwc3fNwleecdxe,control
8E4IPs3hB2LwgLmS,variant
4uKfjA8ZzP4BpX6B,control
c4a0cDsGh9sJVKe7,control
H2L9AMUPPYxVEvwO,control
xNFYGBqzr35oLvWr,variant
usbDyzMqUpAWcPLC,variant
bQNnlZxBMryKfSDE,variant
Hs5Bhk0pza4E8AVR,control
WizfgmWjQTWEVKrk,control
jBu01yfPkGeHFQTx,control
m2QfHYyOwXTmBRRm,variant
gVqinDOL5DG314yE,control
wZAGY1UWt3Bhv91I,variant
2ERxoXSEevqB0csL,control
AqFKuKY1kaDzSWQX,control
Jz4P3AzQrGJKH7zv,control
xlk7upJg80Bx20mn,variant
QEhaNYqO6m1UAm6N,control
AF95lQZmpHfVrqUM,control
ngflH0aXCBeuMU06,control
LHuxW6mST5wFhUkm,control
0ta4bkTDegxEVDQ5,variant
oJjagR8zQQ4WDao2,control
40tvyX0J8YKT2SAs,variant
sp91uYGPEHoYJ0zD,variant
9Eydl408s23iy1VU,variant
OYX0gAVU2QfIFnfW,control
YrEZp3cEL59qZe0p,control
qEp4uOMKO0jFy0GM,control
0KLL2Bohaj6I1VGp,control
nepu54kXg4hqDnWR,control
XGxgLoXQy8qGbMjn,variant
lqnYj3RMNCS7fNEK,control
i5QSGgLhHqqDr0Mo,variant
S4t8ynAUIBfO6En8,variant
pWRJeFkvQNBXfMfT,control
tLdymWli6ZcFkeIW,control
xOfr8LfvPQnlytrx,control
1oEPao1HZbJwxTFY,variant
TmGPnq5pFoQ2ElGc,control
k0QeUAZ3pINppvd5,control
FAoszoS7jHLWzhpC,variant
FuFS27lVM6jfKrVE,control
IceH6GJjSckcBP61,variant
BizCjAS9Fr0rvqWy,variant
zeiRRx443Ygt32RO,variant
h9s0IQRyqMyIMM6T,control
bp0PnCMb5jbAm1bP,variant
nqYRWLJHCU7ww3pR,control
7gSasSGHalywyExj,control
bGKwbdw8TOLw3lRx,variant
COB9o9jHCEwrgAit,variant
70uBX8cSjqIuiqFV,variant
LBr7f5fq0jbGQyLa,variant
pzOlimg4aE8Ixc3s,control
d8BRDJ0P56dwkdkW,control
07x1ZtSq5mqYZodr,control
QiV3cArqj4K3CUZX,variant
e3UfN6IeX7oARYMG,control
xubsSZrjSKwSOa58,variant
1farAVNLSqzmj6Lz,control
EwX6twSAoLkhnmvH,control
aKFkjDlPOH2yJd5u,control
88DLlMy19sbvD4YJ,variant
cwdBnffOKgmaxHZj,control
27fdhT8VoSlMUf0u,control
TFFAU2kvJwKw2AH7,variant
toPdC2NkWgk1PGDF,control
9NKmgx2kERnRz78a,variant
f6EQQlaZZ3fCD2m9,variant
Dl9j2Mjrf3ht2Op3,variant
b8kxsdcoNdQqiyaN,control
b2SGvPlAkPnnNQvi,control
o6G4sErlN5KSWaHg,variant
b4vd7STtcir4pYZi,control
sfRo0feCTAYX5SOZ,control
zB1Fy0g7D0EliHcK,variant
XBTvzsuKjpxyZza0,control
dKQn4xAQAxNa7Mmt,variant
LJleeqLjpxC0njCB,variant
10qebJXNTS8MiJeo,variant
iyXBATUGY5GLhdVQ,control
JQEjWOPhDnSITTcC,control
pjdZXdbkok20wLXD,variant
7XaSGS0KwWV0rjqg,variant
oYAiu0K4CPSG05fy,variant
IqRAQNylQ1K7NR1L,control
OyW7baXcCnSHvJoK,variant
jiXITPqUrW9yIpYS,control
2Wy2pOx0lI6iVKF4,control
svSHsXlrezZAt8h9,variant
1p5bSaeEwuldKkPN,control
0izMACTQ9Xyr1Dhb,variant
vuMzCeTnIfwqxNCZ,variant
9DxI8UKYbuNOeIRI,variant
3spy5pEGquZIWwWp,variant
L5XnZNYO01XGuqdp,control
3DRSHvRPC9UeaN0y,variant
XfwGnPJr2Y4NRjSM,variant
3W5lLwgSTy272mLs,variant
SvOkPcsAg2K33A6U,control
HkLeZgJe3eACAFyP,variant
XHoOHI1t3xHHYTAX,variant
uGMNRJ2ygXX5jjLx,variant
Rj6SzDARsaGkX51H,variant
Lp6aOBopTFMaViCy,variant
k9PkfHXRnhydXEuS,control
F2nZByBoZ3Y7TRvU,control
fYbf2wzkaBvOmOU7,control
XJvdROr5LqyqCSRT,control
hCoOGWj925KkI4HF,control
vd0bGiILEn4EGR0p,control
tYXnITWSG8Ch0HYU,control
nnXoPXtBdgbiwJlw,control
EPkamMCfEi3r6cFS,control
cSD7fXAbtqGqKCid,variant
TN2mfTizWMOUPnV8,variant
9H8duEUQuQC25xSp,control
iubbKKeTf7VVhF6K,variant
mcidBNp4k2sP6vMl,control
2DNPeKSFHlQbUZgF,variant
NIWZfvyUmwSRTiP6,variant
K0K0DtLRWpX4vLjt,variant
0ObcPhiBuYG7HZdV,control
0y9FlbUXV0lXTzuR,control
K2JrxDqpPqRlA72d,variant
IalChhlJVHJ2d8k6,variant
cjlWiuHvrRfyXSoa,control
2NrZ3RE9tRyGjC2s,control
6B5A6sQ2E1I9nX66,variant
f52i4OA5qJd5xYp9,control
qc1M4K0cRYOIcp4t,variant
SfGQXADIrDQzoFIl,variant
9ulWak2yUiMQACXA,variant
28B4MropUwDJ3IBT,control
0c2posj0WdvrvP2p,variant
3cR56Y0IOMpuua4D,control
UHVMTwH3D34XGpOD,variant
c5S8bzrbNcqxbfNz,control
4W43flupfH6cOsCF,variant
j2ACmtBAmy7CZ5oS,variant
SD5L7FXgIGlweQR2,variant
EpG0XavBedaoKMWZ,control
LSxwUg38Egmd617r,control
NspZrpVEybT81YBp,variant
1JSNIxIDKkSHLMxC,variant
dOXDnxLZHJoICJdo,control
k2Wo4uIw23jdSybL,variant
sxhftnNflO9g4SDp,variant
hnVtBfD2dJ5cjLAr,control
SkJNIRm329wQidQN,control
XEcJ4qpMbeG1mls8,variant
vNhRdg7VvrfX8d0O,variant
SYlVKbcSuMmV1nDr,variant
mnON4yKAwgVjy41I,variant
xWPktjXuBB2AGdIt,control
f5f7qsW8qWcTH97d,control
w669rHC7RoSkM7i6,control
UIjNLCTfsziOZVSm,control
zR10tbdgsIksF4nW,variant
eynMl7Wt10raQdlz,control
FKoZIzohBD1Q9Rcf,variant
EzhMCqp1WSdjpsMX,control
m7dF0rpyXpv7xBw9,control
13u5ibLBz77A2yuL,variant
y5LTkBWJds9xv2Vy,variant
hYta9dlyusHfZ1Ic,variant
GigOAaNrIqM7kKSk,control
cmZ7B5L1UH2B8b4T,variant
bKphN8kSodwhppx0,control
jHr0pJ9ZY4htwNnp,variant
LrNYDJJMNOaqB9gt,control
Px0arznsr4SgbgBB,variant
PqD9uKiJZvonAr9j,variant
VvwZPOVe9YyaxG53,variant
KgxokRqWwWdE1HjK,control
jP6kEjQL0Phktx6Y,variant
g7uR0fElKmWEiAZ0,variant
qYYhAN495oMfF9Vh,control
IEPzPxY8bOaj5XwG,control
RK744ktzTUby6dsm,variant
sm2lbKXw2scxwdrl,variant
8IAQn6EceCMZqsIG,control
hZKItqSmdX5Dfbo4,variant
HZ8tp7QWCA2amNFc,variant
n335BTzu9TYkAR64,variant
aGTr851bd1Xd2qVp,variant
izjgi2VAFWwAyCxp,control
pBt0sjz7bcM3bySd,control
orgArg3CO97R6Gbr,variant
Twf9Qysh0KzC6B03,variant
g672J9o18G1eCqSA,control
qYdWl95wXkJlixrA,control
6iGfYGNfdcmzHm0U,variant
hlhsOjFuwAygPIbB,variant
gPNl7ZqviZcv1JM6,variant
rqA1IFcmq8rYq3Vp,variant
vyaAnBUJZ0QXFCqB,control
OuxT7ItZvdpuR9uN,variant
Ok37KR7vtbQkuGWq,variant
JnKEdfXumLoeLxrC,variant
FgDLzhyDxDedYPi2,variant
GYCERsS1U8btlXu8,control
EJtRtSJT0rfGjrYH,variant
ochYkTFVPqUDQhNg,variant
tluBB69pVj1vgdxH,variant
OU1nRWqShP5mgcxU,variant
x8gDeNuWhgMbQlBR,control
sBIlB6zLfsA0i2OX,variant
jjGr1jgNFQ1fsOQH,control
Q9esWX1njWkEbjua,variant
9TEkQjtuKKn544ef,control
xp7wULZpYZmYShLF,variant
vqeh68XDslyRmd6j,control
VBeBREp6wCUubwpk,variant
16ibrmShjAqxuap5,control
QGflFV5krbFWWtuJ,variant
L3AUkrqHSz96fQDZ,control
M9XFqm0TOmfvGGdn,variant
XVIAf58aQBCFBAjr,control
dL8YOPZ2F6ev4V4v,control
bOQHXbT26JNhGGdr,control
8sjXPODvMLaDeYUz,variant
3TEMOlqrbWxBZMjU,variant
GxkhAzlI4ouK7Deq,variant
9zHGryO8DKtSb1m4,control
8NPtfkTyPjEQdyBx,control
IO87eGkhuFeHiLQF,control
jlIMrwlEkHAujm5S,variant
UymOfIBttOdtevxR,variant
qe4zJhiq3hejX72n,control
AAeoBevlPh6aI7p2,control
DQOjHZktQgu7kKwR,variant
ErxvKURa9XfLCQ4k,variant
pfa72V7IxLcY8N1b,variant
Y7ovTT2dxsDvMVNA,variant
oZK1alisr6MkkDtZ,control
5o42yWc5QzSB9fTF,variant
kmqT0TJDdnTBgpnK,control
MWADo43MPrkvTdc8,variant
xnZc6E0845IE4Zlj,control
trR3JY8sqN8keKSJ,control
SVRn0B0i6LCyhVsb,control
fD8bYsmW0hiwKhip,control
ply4krmIrQDQKD7c,variant
CybUe7EeuVWzgDHB,control
9nr4Rqyfe0u1M64X,control
tkeLMI9I4yDbtJKb,variant
VRUAF6dADcTSALJa,control
I3lI2rTKwGn6RaAx,control
blmAtUVYKHfhuMuS,control
fOR6DjkajypsjUnc,variant
dNGtogRc2AKCzAyN,control
QYDRtgCTHzA14Riv,control
lffA51sZf5WqCwqu,control
jQh1nEY9r9UDrZ4y,variant
WKyDDJkVMApLFCZj,control
DkoRwVwXg8ni1BfQ,variant
Sv78rRLvir4uoiP5,control
bnuQSH0g7oMl6geU,variant
M1w0BHybYiH8TU3F,variant
8l88sUL4jjIO2KF3,control
1gY8jQLAFYgVzv5l,control
x31XT5CFpzfamLfL,variant
lit6MAcxoHXFuaG9,variant
kcvjRLxgWWJaazqk,variant
c8jbFpV6zNMj83JD,variant
iegJaAlpVhymOj9N,control
GIKMBphG0I2LloqA,variant
XuuqAlVRJByiUKwk,control
Xap7Xmtp1pIXF8w3,control
yQB5S3bcEGGU1IJz,variant
l30RTkfyT66HIurh,control
HZVnstdLFzBl5jOI,variant
GnNwr0RlPJyZKNYv,control
fp9wiQICneu0faES,variant
OBcLZwNd5fll59gB,variant
zVg43cmZOkMwUaHE,variant
GUJJnKF0BaUgp1Fx,control
nUoZaBs45grUmYrd,variant
XdApn9ngS3nPSf9Q,variant
4LAkEYW4capRATX7,variant
c3hXpU1bCp2CEP6k,control
YFxsFj1W3FwGDDgp,control
Q0XaDH81H8L8E73h,control
10tT1CEuzEtv44Nz,variant
qyKAc3xyXjJPr8S1,variant
qn5srwhXpyQFWXsr,control
FTWNoWukCFf2splo,variant
kM3jYKW4xYJaTqnL,control
1y7KIv37UgkjnITW,control
JfZePgou0radkjS3,variant
s1PDXO9Ot7Al3n9H,variant
PXLbW5FrXuT1kDsV,variant
NXD5Idue1J5Ag873,variant
EtyL73yqTKo2jHRQ,variant
gMYyMTRBPAK2MLZ3,control
BHCSVhmTK2cnFw4w,variant
mWOMXuQV5EXg4Jsv,variant
xx3u8Qm7fBFmHF1n,control
FSeI3dnrksbHcCw5,variant
V9aPf6qsRZ8V3bow,control
sGfX8sDvc7eDc7MM,control
BavSSUYMqPYB5XDN,variant
hA9OSy6mHMgZvGTL,control
ESG0ZvAAu0I5UX2j,control
UBNKOG8YhKX5O8Gs,control
DnnJgZQHXFPG2nyB,variant
PXMDExYdniJfxzHa,control
wqJKX5St66zk2t6a,control
Rm5J6RLmnl08ZH5A,variant
1lL1J3azNNuFylyz,variant
JpnTHWxhAMmCEQsY,control
j37QVNHTWWQasa3x,control
ydxMtGBQSIxNRbwG,variant
Zn9oFwdt9E6gaenD,variant
LwgRMX1piM28TH9E,variant
8S9g4YbfR8HqzltO,control
5TII1CVLENmzvhNg,variant
eZaS1Nk9ZFgYCDuM,control
VRQ4OMtvCTdcie3c,control
yFGrSJXOCMUSbk6E,variant
dC1X4cbRJnV0dR9D,variant
ssRE9oCcsvUt82gd,variant
aOgvK4D8i5AL3wlm,control
GopHiPZAVoIHNDVw,control
iFIWFSpFyDKKIShN,variant
WUJ1yrMja5dzkoFo,control
BwcYFt3nINPi73Ux,control
OdlYxanEjGJPI5Vr,variant
yl7B0YixtzeABKNg,control
s1vro8GMYeNK6eKQ,control
gbDWkZKMGik7ljZ1,variant
kG4teUxF1EPRnsPx,control
1FlXuYJyY0nhCyw6,variant
J4VlXlrJVXsV0IWA,variant
cmLYOsQIopIeguO1,variant
ayDsxT7oIxJW6nvM,variant
hV1pTqeOI01KZruP,control
aqhCtWXKM87e6jfg,control
IAPuxCALbybL6rPg,variant
WdRNOjYOBDxJpGjV,variant
uA2uAFe0Iv6JjHZ1,control
8fn643K5sFt9uoq8,variant
R4SZxuVokKD7r3Bm,control
QjUM9lX6LOVNzRsw,control
VJAZpg6m2lAGEkqL,variant
bcHXFxxmvs0DMuVw,control
pPgtVP9nzvOJzlWE,variant
NdNAilCBphUWmn7o,control
7i038RFv2YyOzSCr,control
JtGtc6QHfEIFP4iT,control
VAx3X6vDJzXbPRgA,control
pWT3Cuz3ra8bnLoJ,variant
8x7yioKfQSlAgBZl,variant
PIbzty9uaB0LmD7j,control
SvCeh0kzssDJP3ig,control
riffSvqoifwqF8FK,control
c4pbZcOYnnDWNWAq,control
MiJjCduKboByz4iD,control
ia33l8SZmnjqqETW,control
YzIJkpCSrkki5y52,control
FHcnVNypJidSb2yX,control
3v4eWujwAD2d5f16,control
zjWeMKNa4HVhuE5U,control
wkpAgWxF8IE8UCdI,control
kHM5onugqPrnLC1Y,control
jqF8YtqTgY38MRDL,control
NOXjF4z0VqaM1zDi,control
RGzPjPFM83UPVVZG,variant
AQCsrIUBLjcPCpJa,control
1rdeudYtsIZS44xt,control
XB4LxtxfL18yFqqe,control
q5itbsi6NsS3dfJk,variant
uPVyDryYuw89DRT7,control
r9ZGS86ITvXxwYao,variant
VB7Pt8JQpeYQXobx,control
mwlT9GRSyIIaQd59,variant
EBkFb79YR6mqY9dE,variant
LcQ1lRrDTkxuW1VI,variant
dzhxQS3lepFC9GOn,control
6yhAIvgJUl52i1X1,variant
SIMsBChQAeVCI8GF,variant
ujPpksZmoPJFsoLv,variant
WmtWog2vQXt7sAhr,variant
jXWOIo3wlWAfxvij,control
9cfzSnJP7sV3MweR,variant
oDG1LseigxO1pKju,control
uUomZX2gNhQ3OLZb,control
Kv21dZUgas59DXb2,variant
0mBncpyTU4cHcOCN,control
stutBUARTX6yb0Q4,variant
xGszTOcAntIwyd4b,control
byUwu0SyAZknq1oT,variant
YE9HJ4NRm82rqSRM,variant
BzVnKkFx050ENOXh,variant
MhUEsJMFuw1JoblL,control
fTLaLXz0Vw5au4sC,control
XzHYqr1F3dDEreFC,variant
looI0IQZ0nMrLvL2,variant
kc80nRy9nUEy2Osl,control
gWnCUnwYYnwhmJRa,control
KzdpystzYFcVgFeu,variant
Dt5CxaQyAy6uqBFR,variant
XHvP4s9VhbeBd0Ja,control
omEqfx2Zmux913vC,control
xRltPHoY0d0naG7X,variant
UQXC3jJnvXGBgJJX,variant
OHKfIADFsvueuO3t,control
LEK6fEUQx11r27C7,control
8YllC8gpl9udP7qB,control
EUhTXzNT2VEs96gW,control
emrrY2XtZWwJWYNZ,control
GgNeFiDFMdyv6hbK,control
IK38vaMPVGWdVih5,control
YvWPW1uV1OBKbTqE,control
Sm6S9rxEG10E5A4J,control
uekH6H487VcftdK0,control
Mg97qLJHfMbrPAMO,control
YsFxHy2xylDYfD3G,control
oC1Yn3yS98ebUpM7,control
1L7qEafEfJhCivjx,control
NbtqGnF12KxOtWfG,variant
XBkJtfhsovYb8BJJ,control
Rrl6s4zyBojMHmp0,variant
NEaW6U61wnMDYPty,control
kz8Zu12eglbMu5Fe,variant
AE1l4Ju09sc7qDJi,variant
HCjZ4iNXksvXYWZ6,control
vW9U7pqN2g20EdCg,variant
QDcyHGEx9LT89dVj,control
yK8QaqTgn8afMQju,variant
csBbARFlaTQNCir9,variant
S8JpIJdNQIs7fEAc,variant
0J6JbV4KoKwRYU7f,control
Geu4BuxYBkvTTH41,variant
KOqYoCHOQvALouZd,control
Urgp1IlgOj9alAB5,variant
39ra4XwMqS9PTa2L,variant
dYouu6Y9vRnI8dIF,variant
Bl1DispDaTSwletc,control
2bQtbV5NI06d0JNf,variant
no8WKGRslQ1isFBB,variant
7E8JmPGPrCSMhW4v,control
aVEtJwqSjiTq5cGa,control
tb9pinaIraQ4ekLx,control
MSF2p4c5UhFv3ZVq,variant
ASczImqDCnDK8RVL,control
iVF3dfYayNLc6unD,control
42bVvmyVQkVjWRKy,control
RIsB7PV4Y8Q4V7jo,control
FcxjRDOYGSyM17Z0,variant
MyLldBtjEsbdoLGr,variant
NFFmYpGHYnUbmZCZ,control
QPH8qcDdE61e9bdR,control
L7ZAA9oM8L159nr6,control
Cg4LxLft1PJjvGwT,control
X1OPYdu3mPm1lxIs,control
imvNJ0BOgDE02k4D,variant
omIItQ5w0Kt3sRrd,control
8hTDVtheOHNgX0vi,control
klhF26qzYGzvcEnr,variant
85HNqOlMGFu0nbWg,control
oEBOhgJjMU9DSNOO,control
euf9ppxTssV6K6Ge,control
iugPy3UuRmXujxAG,control
zJquSboRbgJTXQFc,control
cX2GSyKJIsSVsGrA,variant
DEMcvZj0hHP0rlT4,variant
FbqZlgobAzylqaEN,control
eBB4h1ZnfrKjUII9,variant
qTAxjYVqZSGGqr7W,variant
RLgWzVa9kjEy4aQ3,variant
c2VagQWY7nwVqniu,variant
SbZFhJzKoHuwiN9z,variant
QvmygYAolSGuyNUv,variant
8nhxclUvpgrS6wzL,variant
bbvYL4PBqYVr6YbI,variant
ooRZS2HXormLhpt7,variant
zI4qzrRgRIl4UWRO,variant
1ayp485okKMcS3SY,control
PMt0worZMICtPoFl,control
V3Yly0H9h5xS8ayH,variant
nJfSiVaix7Mr9VMr,variant
OBZbKOJV0xIfqDYh,control
PjpLzE9Z7h8IHjNR,control
ZlOAs4z1oETK8rCR,control
ALtuCQovwd6xnK21,variant
66u2QZMms3zJZRTG,variant
Np04sKnRRDEtRQUg,control
P9KUbvmTZLEaUQm7,variant
qd2QE2Gnuve210KF,variant
4cOmkXP2LximvrjU,variant
lZDUTss0ja4Zg22k,variant
0dJ8uvjwe8V7l4D4,variant
GKrdAUw5fgsTo0Vv,variant
Fo6ff4flbyd2f4P8,variant
Y3KLnUsYg1r58RhB,control
u2IUj0BsRIBTW6cM,control
A4qoZPMvtAI1UZeb,variant
OXSt3gJhAfxJet2t,variant
0ONHM7XjcWHIKSSL,control
TwKuA3aic6LJHDED,control
pCfnjxJxgWKTVNVL,variant
yQ2HaBOCFeH6T8Zz,variant
mlvi3fJ9jK66FdZ3,variant
dmpQYXzG0dziOke0,variant
LZFCLNB0x3s1aew0,control
sb7VbirpMiRYwG7L,variant
6Hzq0nmvQVrtDIGT,variant
qIlbHlz9FueBwVFe,variant
9I5fsRNfn28ckMOx,variant
QSrEjzCbDM9Ujlt4,control
1O6s1f3wsEGbokzr,variant
aFdvJCJ64XGMnVUK,control
SeX8veKLTHoVKAVa,control
C8hGgCELhEK6o1Z5,variant
FzVWkwHGqGb7W8dl,control
CPPUQMPs4Xbg84Tv,variant
kG1tedncXr5AdcAB,variant
vPCpIsZDoeEQEimQ,control
uTEaOmH8JpjLOHy4,control
al76v714v89VbShG,control
ejck1DBelRSCzCCn,variant
JIWhpQep3Omh1z3e,control
iLbgDq5REaBDUExE,variant
70kPpiDl1U8pGfSa,control
mKIRzPiqLTIyX76g,variant
OUEFYVsYq844fy4G,control
soIWFLJFFN1J07Hj,control
RGR2jRY8IvYwguam,variant
iVXUtUUjzXURaSqq,control
MQlOoa51Fke9YrXr,control
wZgTzaB5tOVwF5LM,variant
rG5yFVXXYBmscZAq,variant
QCW9RRZVGBtSHpM1,variant
bXBqVtr0BBZpGueU,control
SKrZ9eVQkvwzAcYP,control
7b4qccNpl1YaYdqs,control
dUMtW41OMdqo2OBp,control
fBFqyMqToZ0XYrTt,variant
we9MlqDsFpbl8W0c,control
hK02xW0y67yn2TJo,variant
FbudCWCwc17upRtI,control
4eVzgZpqbl5mep9B,control
h3BThC4rZRQpzvom,variant
v77uXxaCa7aiunBr,control
6GZQbYHx9sbf2o4k,control
5pZu9AvccYuQfyO7,control
KD3MtaIQzujSCcQZ,variant
O4QOmiTp7W4UBBkR,variant
DkCX34lh40j726IZ,variant
Jm5ZANbBHufZ7MzJ,variant
Nr9PZQMezkXpsZeg,control
cyjYeF8Fe21QslEq,variant
v61ZUXOv8W3zE26Q,control
flQAqjSedMobW230,control
hptx6I21qennTQ7E,control
tm1iZHlNpapftfIO,control
YcugnDvn2yceeY6P,control
i8VOLKdtuXVx7gT9,control
2WhkWTifNq1mSqYb,control
DFXJg7pso24nSZgU,control
GHxIuxKp7qCr5Vkc,control
PrpO0aQQAESBNYAi,variant
47LJ77OA4UXz1AdY,variant
5VL6lUoUVDnh4B4E,control
bo8NQVheZ4dljdYj,control
CBCsYQ2m04HTtr6V,variant
3JazcR27curE3J8W,control
RZEhyWT1tkNauqZB,variant
rCjiHtEca7GXhrDG,variant
vqPivj1GVMcqiUNJ,variant
sHbSAsG7z2UHBpvB,variant
nfkTtJWp6fh8S5JV,control
WdVHtxScBDCuPAXy,variant
9cawQeEyIQaoMx6H,variant
Ury8Ja9iOEvLTObO,variant
SZt84wlj7F9e3RCG,variant
wJmXbkBy16JrMibJ,control
TqGIGFtDv80ySTRk,variant
XHBIdiQv8yuyOqoO,control
g6FhcGJqaJN7q55R,control
41V8Kyy4mmlFIBR3,control
59ZtB2ExZkP8pLqS,control
XRetV9IVQn1z1SQT,variant
PxErM2X8vuHyN2UD,control
f0SyeCvc4U6DxOqW,control
SXtzemMdSqN6I4Ep,variant
H6FG5hDcq6Yxp6tj,control
62xUgVWtmCjigRGx,control
pFd9n972CvwzzWRU,control
vRcPZqnSDmzNFTHY,control
wHRZlwBsVHhHPpgA,variant
Yt16IqBhdGXvEaOn,control
ghh1x2aIOheFabPT,variant
oPiljxOXsYqbjeMf,control
9bhd6XEJh9Eq64TN,variant
nh5ynwQOqWltH3WZ,variant
kA9irLJTBt1PCdoO,variant
RBNxKpvUqaEyltse,control
9oOyIR2YUcZrvpoe,variant
PPmXBjpb9XJYy8eB,variant
qbo23LCwrnFRfB1Z,variant
6ZrI5LdY9W7EkT6k,control
CsqdRd6lWUguGKlg,variant
15oK3iGLpEobm3eV,control
GF0PVSubJ81GkOwL,control
GNhJJGCE4Dh8zwX2,control
ZYQ97zZP8LMb2zrA,control
XqSoQgqsANqFp7Dn,control
17XOrvZ4pWWpzYQf,variant
YgiRzbJc1uRcilhY,control
5KuKNcY3OuzxT07Z,control
HFA9U8Ddbw2O7dKk,control
JJoKcVD49wGaaci8,variant
Fm3SE4uwmzy0hNDY,control
exjsIvM2Lg9MtN3F,control
bojuoHIYe3sg0TR5,control
PPJrfZdenOUG0umb,control
oUpISta5TcqqOttd,control
ko4SA7xtRofrvWux,control
qkrI2EBxJSxGYDZK,control
mpVQiXUmgIRzXiIx,control
Gu0vMsR9TSFelNfr,variant
gsoPitV6tdjPNaIx,control
RgvwaxtFEGJrKGGe,control
riPEgoTdTMhxh7ew,variant
Q2HoY6XUsyMdThC2,control
PmLJKP3SYQ7EsKyK,variant
auOMOzP90cXOeQCG,variant
br7Zn1NDCCsTzT51,variant
ZNi4TRmLEnEoHX9j,control
4uM1yKNtSg4rOR3z,variant
qPgBuKwUV6VjTZqL,variant
akGERxtUePzWPgAr,control
LEib17RKUS8CHoTi,control
pba4i43tT4ba7jw1,control
srxZvt8kio7pm0fy,variant
Uo1rQGn4Hbt5PpcT,control
DwMYY4wYcmY4TNCw,variant
Nq4uCKe4ub1wkowg,control
Q9HLOWYRfp2bF53Q,control
U8LB4OiyXzSz82e4,control
qz2z0QiwZ6xOijZf,control
daf3LCRcSxPiqQ6L,variant
P3Xn9JSGtHctcfCM,control
QEMWuYRaGXj3Z9zc,variant
nhVXFOJA4Guz2nQJ,control
BBuV6O1CTLHatzYA,variant
wgvUKIUdCKJcberH,control
oX9XNR2OYavy8qGZ,control
5q4Le6KQQklRHI7M,control
ZT1pxEnWUFQmLqR7,variant
73J0Prsg2Dlk3CcH,variant
HEvbAUJF45IqHz8j,variant
MiytoNWAkpDv9xXx,control
JrthomJ8nUUx2KxU,control
rFItPFKKUGaVBAqT,variant
on0EHc3lzx75Hh6l,control
izT5LWQ6sumIcyFu,variant
nEhgJIs6beRbropl,control
R7JvB1NQ1vdluAwP,variant
AOpFJ5q1rAg1OL91,control
t74IUG6zxxEAWibf,control
EypSfwU4eqiz9mgV,variant
NrKSx2FgtSH5sT9n,variant
FiJWztCpExDhzo5X,control
jJMxWha10jUwLj9G,variant
ELm9IRUFvgfOpliN,variant
e5cJQjhim35swQxc,variant
GwnsGwAlTUgJTrp5,variant
nuQAyLojDRiBWrkL,control
YbvwtSCzO6lVCsHV,control
ADKEByWf3gfIyuU7,variant
VqOzOq8gyHzfjqnc,variant
6VpeVwAe3KLrlugq,control
PiOxkyTKgq2Os4uS,control
iSThTSAwj1bRVgbp,variant
1fpySj6ZiFFbuVc1,control
HCP4twKhRJnwAo0I,control
3vUJo4FOr5SEOJyS,control
jNnVz9sD5MlESUUr,variant
bnt5MtH7HKcIGsEZ,variant
RvALButLmCuPGFVT,control
BXn4PZvKHqGGLzMg,variant
yVYDOGXMBrj6ZbQX,variant
QnmaFyjoYCqP1Nwg,variant
X6JfbSF0ResbQwNd,variant
dkTOt5n7I6SnWcou,control
8bu4jA1Us0lWph4K,variant
yxUNru7hsWDAJJzt,variant
ZO6nGiwSD0X9PB5E,control
zJ6UJZklSbNdFOH2,control
ee2dYOlIKH2SB6g7,variant
0N48ZkRFXXF6E8Vt,control
1fXWr3ucOBBFMx1g,variant
saGGk67wXSB199Uq,variant
jh0isXh6enSGQRLl,control
cNCvHfIMpEWRoTa5,control
RtwtFTVyUh0GSDcx,control
lEgNqXjo2uu7CPOa,control
u2eoTzk2WuT9f1dS,control
u31q0ERwFR39JHZf,variant
LvGk2w808RJBV6s6,control
QQmmhQVm3IAkuhPz,control
DvXWMXjzZAvmM2gZ,variant
QP5lmllLchW9EmhK,variant
xBdprdQN5G6S0A1J,variant
dJmYV7nPKUfYn6Qc,variant
yHf3Na97TVWhqmsO,variant
IXGSSRGPY1MTLLiZ,control
VKU9aJPL26bj1Ywi,control
kJ3PLImsIZDrllul,control
93BCMORYdExP6YWr,control
Pz3R2thYGdLvJVEh,variant
iUrI7xqaMPo2mwC8,control
EKBFgnnFi1fYoDDp,control
wE1luccLvuYRprdt,control
5SmEbDEBi6kIWRKT,control
5Y1q9zdG9qPhzQtP,variant
YLQVP41GNqYithOV,control
T3fik1UUehZIZ7yJ,variant
MWRfx2uJrVaCqe42,control
Xf52Sh6ys7VXM3i5,variant
B904EaO8j09Xvamn,variant
wMBC5NGbQGxlNBIj,control
URH4eOrfkTawdgOW,variant
qk25AlUHhZwzH3Ff,control
a46XdyhNTtnG5Zco,variant
Asa4IZGYqmZV5lMz,control
Ax3qkvhPVFCPF34N,variant
eWmyPjzzuwRlMQZ3,variant
65ylJFrPtb7GTq6J,control
D49iEMuvqcFGjedY,control
LFLOti8oZh3HDjn7,control
3H63vmY769CC9gRf,variant
I9Kdn8fqWxm3l4Cx,control
9HnAeNUipm1oJypR,variant
Z1REUKGtzINgSPEq,variant
QhwURrPl9DJorymx,control
qa3KWAtr8ij16yWa,control
6JrUoGvxakQzzfGn,control
xL9WOq4nsh3wRbc0,variant
meraKuRs3LHbtEmn,variant
Ll4mxNEnXDAJf917,control
5fo3x9mgSuLLncQS,variant
Il21u611t7AeS26k,control
W78PRfevatxt9UVC,variant
Px6hHvM2GZD2fmRs,variant
5zqKAxUnce4nhQyo,control
SKScSkidWoAEXp3F,variant
HfRe4xWsDleB3MH9,variant
lwe1NKpiGKGWaUKi,control
rLuRnMMYfcVVrKtC,control
Jpd3SnqI4IWSF0Zj,variant
C36l6izuaJsfUrKh,variant
keuNQutPibWdzls4,control
ss5CMS7H6hfFBkB9,control
FOhtxZAU065kUwve,control
VH9EUKUzwQ8LLFe9,control
9yGZgpWC76otvjh2,variant
FBiEwsFjtI4EkQNj,control
8iPjXKKgtthqLymS,variant
mVbKPP4k7t43iSSC,control
H5eEz4KRthfrh702,control
ZybBPytfKpI2Jann,control
xsLRriZ24m6YSYs9,control
0jLc5VOqwAiesCoP,variant
J3lnoYEeRcUDUloL,control
BWwUokD1l1sFapkE,variant
G2JDLd37yHqGDml7,control
FwC9HsldyzrD5H8G,variant
E39EmxeYaHTih5QJ,control
CIe3TjLjkZhd0r5t,control
5T5cRo73hT2f4TJt,variant
FfpWbrSztpuSn9rh,variant
exOUC6iZPrT6rVBK,control
jtLOwV79QtwXe7Ai,variant
Q9OJNKc81J8VSIJC,variant
GzhiveROJFDWRSQ2,control
qDU7idlItqvgM095,variant
R501P7hiTfsvUttA,variant
Ag1x6hckJbagxlhm,variant
fMxZxLRgjDMxADo0,control
bhqV8mruJlQbtwuE,variant
pmdbXazD1Lty8ZsA,control
jOq8Ubqg78pWA6av,control
vAp70JpxIGqeIsQU,control
HFy68vMXAGhDVzoJ,variant
S4lOSQld5cKLFzda,variant
2ebTk9ih5M8oiPXD,control
CYyvHvTD0jeebDvm,variant
My90AUAuEo4LMJJa,control
keHKetSRPmieLFDW,variant
BKB47QfORCdroydn,variant
69XqH0sCvnJbSgB6,variant
1hCjuId0uLytggFF,control
vWyfYAr9lBsQqIoe,variant
J5GuIPA9SDMT5D6S,variant
3uzx1vKQzvTGxexI,control
5vGqZ9lDzmfc8kQ7,control
70jkptPRsiJ5owuM,variant
eYv4EoBLZoWsIrjo,control
XxU3YtKkiek1MAbZ,variant
1tuYXDVaIzFiWNup,variant
lJKAgDxX1DtTNSBd,variant
lcKdoBKin6FVcU9r,control
XnyMz7ZfzV1YOZaX,control
unTh2yWroPtpgCEC,variant
qernEXrUykzephm5,control
F1AWziUg6XThbrJx,variant
2HPLk6ZjCW3NfVjD,control
2BCYyJAHZHFRdVHp,control
7UTko3LD3ApayBQn,variant
H3VdnpoHmqBZjUqh,control
b35a22eIvQp0iJin,variant
jvpOcBDCaBvFZkzE,control
ttGeOcRX7HEPgD1r,variant
pmGgDkfuFePCI6Ul,control
KTRvkw2SjPx0TZpl,variant
2XFxdPGrUqua6TRy,variant
6EQtzsDyJWrdAGfg,control
aLIwp6HHEQEZkhYx,control
wF0oBtnz5X4ZKbHH,control
5Hi8R061ZXcDsEpQ,control
653xovFkCP6xs2eT,control
O40La7DlTdoqZlam,variant
DjJfiXbfkzBmLlsr,control
9sBlFZmZwJ5DvLS9,variant
PcioDzDe5E45v1O8,control
5oS0IsHrnvxm63hP,variant
2bPAHCzwJ1iuPJcg,variant
wFwpemj36bpZaf1s,control
GBelDqsNPyIiFM3L,variant
oSTKz83799EDbgDG,variant
VMULtsivFDf8qKo7,variant
gnt7Dr84vyxEWrH8,variant
rndggaNZxFjiMcRI,control
eg9lwyqnIavB5wrT,control
4SRKcnMgqfUsoMeo,variant
ZSzMSmEmwNFKdqtT,variant
kPGMfM3ULrbOL1qx,variant
DQxdgo4D6CWRS0mN,variant
MCzJIWVsb0npWJNO,control
EVVWIvuBqXrFwfCf,control
G8VFqdV5EvA1utHw,control
RpfpgncGWZJMCMdM,control
NOvod5r4RwLddraF,control
uLzOWuQC0OQF6dm8,control
YI1AaWWMnKDnkE4B,control
A9cfMsOHBlMjZUyw,control
36zsLtSZRrVk5yQa,variant
FGgEzgJTxevRJcX3,control
6K5LTfZywlB5R8NF,control
2ZyHDK9r34IVKOfs,control
v4FA6pzMdpZWsB4q,control
Sbbx12AdV6Jtl1B7,variant
C8ZTGW3rl4jxUq5Q,variant
F3yZgtCskGX21oEm,control
36VsfBvBpXGXOSV1,variant
Yzwa9ChPMcmtQ2Ze,control
SlVqn0zDPSFDlJsR,variant
yGPu58bKuzFAqdMo,variant
G78nzUbtzbVbVqrY,control
VdqGw0mg5OTaNPEJ,control
ySXONDLuspGUfPKh,variant
amzpWMU3T5BW4wgx,control
ThSad88QOsvJasYC,variant
sQfyMwa8oydS3RaN,variant
4u2Qjbq7mA1OVBW9,variant
jWZj1TUiHT0M7dS1,variant
1ddOkaSu6yiyrgTz,control
3Wra8ijVkFuJ3Fsh,variant
IvdC9Eh2le8D8IK9,variant
d3Qu55p0r4EL6FVG,control
stVjzTrS6S5oJrEo,variant
LCPo4aKO6wTkLp2D,control
COcNqz1iqK3E5EkL,variant
vTc39WBFdNLk4aUp,variant
HSFRTGkJm4tyfKzd,control
SzrmhYU8GQpPMENw,control
Zp3jJERFup3CXVSp,variant
5ohouugZs8vTLmzR,variant
vgZIcIUpSpbLqLxv,control
XwRs4R63vqbnBm3L,control
qi9NnbP7uIDqMyR6,control
MIfcJVUaHazrJfk9,control
RNDnj4E52JoDVnUw,control
qAR99mnzQkLaxthh,control
D9r1m5T9UJsmOV7z,control
7iH0E5PgiNzZYGG4,variant
ZNdB1dUHWNVfGesr,control
cH5baIYdIhRCJnPW,control
DXgmv4S1bh4u1tkH,control
Re09VDGleaI6ydi1,variant
WRY8cDtjtNckoZBR,variant
Ig1GPWLs4RC7bR8s,control
i7fqbMfnWzrflLvn,variant
miXPFjAniiz4FOIz,variant
OSP4cDCtdnSZMugf,variant
2Nfyd7K4yrHyv3T3,control
3nKkAzZIpZNtonTh,variant
x9GpA6BRniTmYvDF,variant
pYyWwKBc76wG1Myy,variant
Mu26EWDMS78SPZHL,variant
gAmCwhumzQjCA3dP,control
Eq7hZK8tU2jYX5RH,control
MkUljm1H3Do1hLJN,variant
ZveFtwNT1W2ZbszJ,variant
ng4pjQvze4lx3xox,variant
xPz2HrQKfSyq6p22,control
3Ca7SPStzuXXAJIp,variant
Cg9gHVe09hhQCZja,variant
LBgq3VT4xIiPcRdF,control
R12mxgs6AXArDBCi,control
MMuSLgSyzZfW2trt,control
NrUaGMVwZnBu8RKg,control
lYKMB6gS4Zq9KnQZ,control
Y24dvWqIT0FL4Eyj,control
6W9bAl30ppcyrMPN,control
F7XWchZ8e4tRyfBw,control
xjjGircGjAI9rggv,control
j7ASdlc2VQcyzNgT,variant
Hjc3BkYFhte9Omk5,variant
HRco77G37Q4j4cT0,variant
VOn0GGJw22818aAY,control
FuRtAJOFM4CTw5Io,control
QjZoyqYEktEpJMkt,control
z3WYzPUfSIhgKX60,control
piku7YTglYNuefQz,variant
C1ckwyladZafHASp,control
knLVWj8015mSHG2G,control
9MmqimpK1DMGNflb,variant
GoqZIED6LpPSNq7g,variant
3eN8AabdaCuPIHMb,control
yfhI0siGhLFwHwTF,variant
agQVxb5rsPJ3BIFm,control
fCj6NjHtUGkxG74v,control
VlDF8RsSNb6Yn26G,control
F45Osndbj6CoEGCk,variant
VSN6iU45CKuE0vZr,control
b7vKtVV18dztvQ8t,control
CV4E8wR8LpsklJmb,variant
YkaOjchpJQNMtU27,control
hjYKFAEcMfqjuCCt,control
obGlmRRMMLSuOpHA,variant
Q9ciR8HsLzwrSTNO,control
S9WLZjQjuLLUg4lZ,control
OGyBxVErwgXh1oLB,variant
AuRAU3U8POnunWQf,control
lBWCKLc7GXTllkBY,variant
IHvM0wlsE60msJvR,control
DdmtMfRlpSqhGR4Z,control
M0lzsm39jHEA5cRe,variant
eKgN36Y3VPmHJH0c,variant
j5QIKZfu5SectDl8,variant
IFsoj4zfVUzbWVFc,control
sJt8DKSt7H6RqPwO,variant
iAqOTqWb56ok14KO,variant
inhQlgczcTd47FTn,variant
cmh3LbLZTEMAqI9T,variant
xaCzRIYRxTGzKMZ5,control
YzL0XLk8CCciI4f3,variant
ihA9HYxVejtvlRCE,variant
fTg0GTomxDGtssLx,control
ev7vBqEUgql9gCSh,variant
dN1ppvk6O17keP5L,control
VlNy58SmVzk3NwmG,variant
ZZBYdBHYYjW2Zhir,variant
brNbvpKFjOHVpWH5,variant
KN3HRmVKloDECHFR,control
wjhuklW8MUs8H9LH,control
TzNpsX3CSL8JujUw,control
R7ZR96gLesTGxQ9w,control
vJ0TurLAKWyMDQn9,variant
H1F9EWbUMIwfuzDO,variant
P0D0hMGjrVJO2XkR,variant
haheacAS88VwRMNk,variant
SkJLE72x9s0FNLqX,control
I9loMmDPsi4BR7Q3,variant
yNOdZKgOdwRRfSi4,control
iucmLr2TEC2bELZg,control
Njm6aKyDbJxle3oP,control
5WTg1b2cd9VpAvcW,variant
5qvZg4DhsgapX45N,variant
EMAjHUnbM2vzReLp,variant
lOZRPqyxkrJcsfwN,control
gURUib5ZUXSVUkc8,control
PWDhKuhUkO454HMp,control
gdFKTvgmrPHmHC9U,variant
e1EkLY7UdgwE1qjv,control
DCqQuvVMNVV4vAwd,variant
zM5qcqQNsMr7B0oY,control
zI9poeTxb6JZSVED,control
l6K14ul5NKIvSJ0h,control
AAJgcdxhSmit5teT,control
eIaPoqlT3J8Q5onA,control
XviUucZEmbUngCdd,control
xPuYSBLhPqiT8te5,variant
IOCl1FEEa4QeYJlp,control
puGzcwy1tUZ4W1JI,variant
QGed5ZhkQXAj695S,variant
tFVAWrz5IBaH2z5f,control
XW5TyqzuFyF8O1sb,control
IppGYXxEPwqGKJ33,variant
suMNshzOY7rnrKB5,control
7Gfg78eAhLG4lK8K,control
oqKYPCckzN4SfIxY,variant
MH1xsm4QisYFuF4T,variant
lCGaWdmwBQXlsZGr,variant
HDQUUfdlwBkBNHVH,control
uJB95H4OCzm7ZHsh,variant
CQNpBDwCtqz4UM8G,control
nEpuIXsf7wzim5Ro,control
F6MRqS2CW8NrHWyl,control
So9QxiNtyUxWzne9,control
V4C7hq1QvrAba1Oh,variant
uxbR6LBH3lXeS722,control
JhD2juTZ9HHd3kvO,control
X8w9WHD6y8xyDMRp,control
jE7kiJVsZeljnttR,control
2JZyOTeOAblBRmuQ,control
2h70lORks87hA4gu,variant
4AnFCxBx1bZEla75,variant
uCDPavPhmnPaFLlZ,variant
USU47pxRtQRFAH88,control
v9cq9nAMtTEOECP5,control
QFDQAs8BSjpEjjBl,variant
GBrZBBQMnhDJcjiU,variant
Nmv4xgmfjY7kCp1t,variant
u2Cn27OpifLCrxYq,variant
Jus9wA0kz01kQv4s,variant
h6wV40wNixllFb6f,variant
d8m9JOMLroVGPDJy,variant
drS31GtPuaHiaUAo,variant
x76yHRX2jDSO5yc2,variant
vNT3x3AzpLO0dws3,control
oExk0jhcsdCSOu1Z,variant
9SiZYVrsqRQxWfEA,variant
UHTAAI4lC4f2Kgf0,control
snXunNn0YFzcouDV,variant
4UnU3MKOVBbv2gRF,variant
68pJbqWcVw6KMBSO,control
hG9d0gkNht9QMBkX,control
4vJfgjNdiLWsTGLv,variant
MaW0uWgTgvmw7vzr,control
0gb0sny5GVM5VtRe,variant
Wu63mn18pSXX6OBa,variant
7bhmLsY964bEjew1,variant
DFaSRPcUDKBYYu8m,variant
NzNDxLOTepTP2WpZ,variant
WVjrLqO1NEzzNlrH,control
I63k30DSXkTZd2Jj,control
16HEFXBQKFFqHI44,variant
M8uFHHhpIw8vECLs,variant
1SJW73i9I6aGq4zm,control
es54PifuWv049MVY,variant
ev6Xg4zyeFhi1Btd,control
cROPkVCQvhTHEdor,control
kAsXiyv7w9KjqZmd,control
FBDTNuocqoGehi5z,control
bK9JlsAxbpbuj5Pq,variant
lgiTXjpaim8VpHOD,variant
mh2kWZEQkVg1awF9,variant
orB8nm3Ht1xBkYBv,control
DLqva4teGSaRiF18,variant
z9SPVf01DNwMyymy,variant
qRAkfoKFVxkPCh3K,control
j6jaSZwrweVL1E0P,control
MtCVG4MFyRA4wUb6,variant
XdySwOJOw3G4BhG9,variant
CV3ooKs3Q6Y3u3Iz,control
1BvJ0plBgGxkos2o,variant
imXC5zwqe6pMDue1,control
5zQV9D6v5SbRlPAz,variant
SRysWAVq4fwrQ9RW,variant
bSsY3dGHF4rRiKVJ,control
ZcrN1ybRaxx0XP0N,control
99d9XII48lYWwWvz,variant
dgwEg9vMNs0Dz6O3,control
v8iT5CF0rEFiDKFh,control
xdZTquVi7eeDfLhV,variant
TGVoKicE6Mgp7B5I,control
ogIVELhV3LpHasns,control
wdHblw3Q0rFYqE5J,control
2zl4IpdBLGKjEnej,control
yOSqY8t7GiXEeTCY,control
UdEd6r6rNHVnzwGq,variant
PFVIYQ4DoXZYgfim,control
NrIax8XJXprcTP8K,variant
h5r9CKARCdlmnnYj,variant
vixXqxeHPaANhf0e,control
10rgJ2G1HFYc5a9u,variant
mhRDh57AMwh83o90,variant
glXJLQDj9srRWtbD,control
YR5QUQkvPscdIULi,variant
hHYUENsKFR6RBOry,control
jeoyt33Y0jW8LOB9,control
WXT2f5kspFbM5zuL,variant
o4mgZ64cot5c5Ao7,variant
cBUa0tkyds17Bj6u,variant
JpG6SYTmCdPAhOTh,control
yzaQVG9s8trzMiAf,variant
tLaLpdcvi3341hgl,variant
a1lpnDQZssmRjU8C,control
BmS3oqwQjJWn9FHE,variant
MFpzqvJIwyef2z87,variant
LfsQsTUEKwlmvXcl,control
KEmw8mf8V5cg0j9E,variant
dRfrgHwhXxBS2cmM,variant
GX0pkCyqKfTnsKXQ,variant
3lsuCBq0W4bfysfa,variant
T2HuuRWAwJJFM5Sq,variant
nvqCVVLzEH5Aq3wH,variant
rutFldikWDSz4FBY,variant
NKPUY4OpVhccjloU,control
A5YTkflryHzx5pJJ,variant
uDWt17PX96sknJpc,control
4vQe0bl9S4bK2s8x,control
ezBIsEsQRstPqlIz,variant
508hNyySvmPowBVm,control
FkRnZIUQIXNwNmfC,variant
Po75eGNbGy96A36V,control
yeY9QNdnqOAJ7HjY,control
vOvBV7tWbwYHVpB1,variant
nZaOooyQehvM8LMY,control
TQY5nszLGTlClCO8,variant
OTtHT2DCMU1NYbza,variant
BY37hEM7Xsmpwkx4,variant
1jY4elJ4zBpbzdCp,variant
vQfBkPUuzM0UvDDG,variant
NDK0Dzf13doJc4pp,variant
N0A3fumiOQhBS5sC,control
E414GWfRd0p0cyqv,variant
rFr4zXyB7NwhmR4U,control
jOcjWox88jZuT6V1,variant
LM9PYXBO9bO5dQWc,variant
F5U9HpdrBPfQPapK,variant
iqJH6EHKHSKa089o,variant
EYnRH6ZaIkq3eqry,control
2IUpUWXwNuC7TJjt,variant
0gDC2ZaugRdM3oHb,variant
KcVdUWQJAdJsHpZS,control
NYvFbqwRTl1mjdg1,control
boJ9ixf8WgpqDhcy,variant
Cu1Zf4wXkfAAm87i,control
hSAFCTGeLiZmGD1y,control
fMjJ8X8VskqbgO4E,variant
46ETqogDMnEiiW50,control
bRvpbofw91BQ8qJs,variant
ewRsaAQy1fJ6qlyj,control
275TM622xkxcNtwe,control
7JmJfbCeohH02Kzi,variant
4hnVyHcFJUeo5BrS,control
kjd9te1amTvVmoic,control
blxr35JyZoahWKgI,variant
LSp6qLDKrJlBVk76,variant
Q2f6zpLirGXsiTRP,control
iRewYPHLveazr2zo,variant
b0ok5StUPqeGYRyg,control
H0oZmFMntpDOsvKj,control
hCnkDGPHMWK3PKeO,control
QU6eqsT03zbnZBdc,control
ovVPXsHj83HpKJWS,control
2v5FRqi7ZG3GbnK8,variant
GaUvDAG0pjAKbDTQ,variant
ssYIkZ95F8pqCtJU,control
xQVZ0desVYx79VaI,control
bj6fNLtsVJVC3Oxi,variant
FN8euqxAVrvfBPt4,control
pshrK8SUELb2Fo6k,control
ePCttrl4Wqds48wA,control
XZ0P7TZSnddxwJkG,variant
LeAKAElUfl31nv2k,control
NZM3L4mft91bkhDA,variant
1dgUxFsPIPYcrKvG,variant
LMHWw19ICb8XnVRX,variant
haBc31gHV9Fi2I4s,variant
T53o2E8pYUTKgICb,control
4VHIElaUCaao5cn1,variant
jctX2JAWZJUkcxMj,variant
zYFZhUm5c00o0u4P,control
C0UAD6nO84oTU6TP,variant
RZnyAUR8bYqoA2j9,variant
QTi8cxaLfedcSDJw,variant
9gYFQjYYKGzQS9ED,control
wCh2p3idsMROmlil,variant
x9VmIFLnb1uEZIpN,control
zL4cKJLbvcNUPUzA,control
LRhwfy645pzoZUFN,control
sn60VRIzZKmUhnzU,control
3DYNPmJkbDYx70rw,control
0fTXkgUG5jui2DVV,control
yyWxlg6Hcf6AshJ8,variant
MJrg3aePn3alsbnc,control
YImWcnHSijhC81M9,variant
GwhNLw6XJ3Qt35V9,control
lJiGfFa71ZxChmy2,control
C68x8AYztdvg4951,control
rjEz2USz9y3Zrx1R,control
ohQyIxT5N0Lu1azj,variant
zbNnG4MaDKrDA7WW,control
DS0Ju1pqrHulEjO2,control
5do0629POB5gkCHZ,control
58ZDAy3VLNw3C2Xk,control
71dJEj1p30DIRqec,control
pYdiduj0EqpMUXfD,control
oQZEDKpR0J9bBVNq,variant
OLJF16ymnR7yICoo,variant
UUNqywTF5EwLqCbk,control
pYqu6ufTSw548FMS,variant
LCEybvKRof5Gk0lx,control
cDsS8Q2glXCVhu4m,variant
WAdFxOijkGWgkSBL,variant
D2hAvPFnzR52kg2S,control
DbIzyaCx2LayHPRe,control
OlhPntUNi76eak1d,control
LqdFevnurc0kUMJA,control
LyPMIo604Vucx2Re,control
KGxfU0SgXs4ufN9c,variant
Wn8tnbydO2V2GbwR,variant
Vu2oYxt3LyvZYU9d,variant
pQgxH4M2CRznUtgr,control
QjTDcXR0aDSbokFf,variant
fB34ywlVVjqZ2b74,variant
SqiUgmjv9B2XP7Xn,variant
s1aAd3xnKwetvTNR,variant
5WIJeG4xHKy8YKyv,variant
Seh90OUA8IatgSc8,variant
P3XViUnsA9fgKzmK,variant
TGZGOioe0C0gE1Hk,variant
PsewUbQdq2E6Dbxj,control
BQFGrxKDe6wDdOYx,control
co3TajSz2lab6klB,variant
GPcOWsrKBEgUL5e8,control
smMB4bfoBKy3F42K,control
JDSxracgGunUVKc6,control
WK3y781G9m0XGCs6,variant
z042LiTDvQdg8rXf,variant
CefHHar9AjMbsA81,control
vj64RAloX2aLOxfC,control
fLVohCbkip5xH9Qx,variant
WLLyO0GR9Qqg6AJO,control
sof4Je0SebQrFUW9,control
CWtsZpk7BvAqhhwF,variant
RoA6dNF4UK1j30BZ,control
FF39YofiLDONp7yj,control
DiN4T2gQZVW2Nl4q,variant
yUg2sqFwSFzhvT24,control
hTelAtkJZbjPg3l2,control
p9EAFPNA6yNed0RQ,variant
omGefSyyj9lcCCQx,control
xyUWKe2kNQ2vZoiX,control
fzfFQt8IQ9crIZjJ,control
DzDE2d4xazWCLJ51,control
iPFKNrxNrMhM1YkQ,variant
IxZmE53DCPfcBjHa,variant
lJ3Z38F3ka8VfAoj,variant
xhqxmi69fCwvuqHz,variant
X6yVLccnPjbgnWq9,control
jIWSA9VcU7ygm4MQ,control
TyQCsMvbvIH0eArV,control
c3UuxztZmfzVQDnU,variant
0K4LDosktyLQDN6w,control
RqaPnM8rO97pjRin,variant
7b44P1uPbfkOcYkd,variant
oz6RJoWXvKjtF5iX,control
ERNEBkJOdXnT1CB9,variant
ywGDiLyrQgxNu292,control
IQkbooeZNpRTuSig,control
AqbNzShXS2NptFFI,variant
oP4XFDsxbuP7pNMJ,variant
5Ob8pCg2ow2eaZem,variant
zZmF2CrbAXPc0Dji,variant
cvLkfeDnbGKhju9s,variant
IrgmTX1lNxrLlcyI,control
pWVS4mxl8bzTjs2v,variant
xz8epKHLBl6SS6uF,variant
ynYU0Ii4DPCMEnqy,control
T4PKArCWrdtaS8xP,variant
7Ux3ezrJajq75IdR,control
A7kcBkc3JcyllW30,variant
9FNjVsU1Q9gxMFwX,control
sV1cyyfGGotQPFxc,control
dR6f64Zs5zVy2y6j,control
LtePRXIe8IcOFJDZ,control
W7MCzSy73lr15zoe,variant
3GOiFmQBwx8O8EeT,variant
69Vb9UDWe3jUZJJ3,variant
8gCFAa51tHYJzwGa,control
cXII6mGmv3eqQj62,variant
AoSPi7g4jOmpHh7E,variant
2BgHGd2LzbFMP6Ob,control
zUAouVAHWkwXvwa6,control
lyfXWWHByrUaFCtT,control
m4lhMhruBEo7MGLw,variant
pxuThP6qontF8kLF,variant
dCeQlQXM4wGpXRkh,control
GVHu9LqWHYOcxvje,variant
OExTkY2VnTdhgI2F,control
vvTQzYJCdEv840hu,variant
oV11dP5eJbXhUdmn,control
iBLlBmu2LZzyvYZZ,control
hKNS63vmKnrUGgj7,variant
5D62HSc6NlJ0Ewha,variant
2IUo0BlakYKWbSIS,control
hEu0ScyOB9Bbhauo,variant
2hNvMtmzMg4kEHkx,control
yY3GC5uWGSfK0bPD,control
4BF0YAMvoQLKJLgE,variant
RDn3HZAwcePDgO1r,variant
4LjRH8GFEBdob7w6,variant
wIAzWHmNZYjMzdrI,control
UZq3Ah0UmTvJQDIY,variant
SdmUfr1hO8tuF35F,variant
bPbOF6vzOSjMSelO,variant
OFX3Nrjwa00PKrDs,variant
SLq9BvTLF2yViJXK,variant
aCoRT7CulzSEIn2g,control
c0OdbI6GKOXmYYg7,control
5MUAWcqy9D2nCegY,variant
sGu2Yu5q9w8AEoNN,control
atOHaFVv9CS6kGLa,control
LimV0ZxJtQS4a7IQ,variant
tNaYT9Xf7OzCOo5K,variant
s3iO6qFBo508PBiA,control
sgyDmbr0N50htimZ,variant
uBR7g4E09wmSJbHe,variant
b9UHbthwKp2v3Th2,variant
01QQzNwpu5NZC1tl,variant
Kzcr6asmQGDvAXYm,control
h07XbYsxeht4Ibf6,variant
pUJbnLZz6tC5dtxa,control
ynI0uJZwTtzYAOnJ,variant
dzRN7pQMtTxjb8Si,variant
r9PTDcC1gyxQfooN,variant
A86u55S9FFlRitWo,control
mThuSyI4NDEfkP56,control
hh29MY2lcQSpOApe,variant
6NlcISc8ExOC92GL,variant
YpGjDH87IgfoFbFB,variant
uqsnWYHVtuVc5nuA,variant
gPCiNoRBLooD4FNl,control
tAbOvzNhJzKq4gaA,control
PzFnsiQ6Ra1u9tW2,variant
GGrOq3mWQWi3TawN,control
HJXSn1uQQuBFDNlC,control
azprGZXPQwV7euaE,variant
rugawA7bH4pNjtVK,control
ydF5SBNmeqUgjA6I,variant
w3pZAo9fPMxYwegv,variant
C0EI5HsHDsraO50p,variant
94N92B1kVZFzjwVS,control
MGninJ2Ob83kZnJI,control
PZyGimQj4GSi1Nmx,control
9N637qGwAR8R4Q9z,control
xkCVexi26jk8Ecy0,variant
QNAaWVpIoH0ki84x,control
KIvNLgRD7C2MOiac,variant
ekdRGGStKtHu5Ygp,variant
FJXk3VCPH623jcvF,control
Rt7bhXOykxzINeoP,control
nKrlcNTGd14NzuSp,variant
V9wx7i9sANEYamSd,variant
2yjw5QDnFDeSoqVG,variant
lyZs60wMeNu5Jnfs,control
dxzPs68FPSI1NPbG,control
jSGwH4PJDMeupgiZ,variant
4OQxWzFQAOshKfsQ,control
wb8cbmFQyQ9mDsx1,variant
SG6mELh5DsFD2TLq,control
Hp96K2ZfbePsaLyp,variant
DDjNZx6uYZMoeJYY,variant
PvhEZatBE0x9Sgbi,control
sOWywXjwGQs2YHKc,control
S4gQWa1JaODXFWsU,variant
jRVRGSdt1RY8oO1D,control
gLOr6DhuXSgReFpN,control
9zA1M6BGbOoMgtmF,variant
CdsjJl5vAI5NqfSX,variant
VQnGRZB8LgkGcvmC,variant
fP1MQ2B5oxQXz9az,variant
TE8wFRarqTRBaYJe,variant
ebkIDFhbJMysYgNn,control
dTGKQDUtnA3mgrLZ,control
MiwEbNLOMe3wW6F0,variant
Mp52knc0ho49ipz0,control
FrhMZ07Fjll66jH4,control
DRELyxG8iytVqZfJ,control
OtzNXlgNDvPCvxcX,variant
OxzemK1vHMcFxicv,control
xLjItORlVQlqdPWh,control
g2rzE1330h8HTptj,variant
XeVkYLMvkrrEt9wN,control
09jq9OShEWV4V09N,control
zPRX2iFwF4Je2VaX,variant
XEE54YiG6IzbHqfK,variant
9EBukO14JMSVAtWt,variant
bKArmr7knRdMmsQ7,control
M6yoYtq2aCRsDyBK,control
P5kprO1iBATZLRwQ,control
9vdFxLX8BfGE4jlg,variant
xBkFt3BaApJfjMRs,variant
jzHOaj9GzHKWmLDx,variant
PHKsbDvFG7NofJRp,control
uHN1LIGhlM7W7S35,control
r6VNu3AlfEHg668E,variant
1d488ZVqCc6xcTTM,variant
Aaonddy7kGklo84z,control
xUz1AJAL1bwihYNZ,variant
PWYauzoQyMpIwl3V,variant
ZsH9hYwk6QHeKyxx,variant
PHUrlPMoUlCCtocp,control
8sgWJvoi7qGbg2En,variant
KdSjSvxR2rkX1Ra0,variant
FpnGgsyeWjdxT2f4,variant
7l9tzl9G9l5Ldqjs,variant
QGK3BTSb7TLLuwGz,variant
ZQ1DdfH64t8Ko2NW,control
wPiHQHApdBqOleIL,variant
MJDn8nbBuoRTwjzI,control
HbEQRURQZZTes6DW,variant
8UZqClho0HBu0q03,control
Prx8xlaJFez3cGMt,control
5l0LtqQhQmiszZeP,control
SyewIWF18PWf3nO3,variant
CK2v4th7A4Vg72HO,control
BEujYJmzHsfVoTS7,control
Wrtav7JVrjt7Nf6W,control
8K6vddsC551BOmM4,control
BDv8X1wr9q81EBhF,variant
Qfh1v9NYUEYfd26g,variant
4HAb1nOCMve3Rr7Y,variant
pRfalx9kQOHCF4uN,control
GGBRJalTGRebJxQ1,variant
XYXZUu7Doi2FhwAP,variant
hCkuYRMDGc2mJwzj,variant
LJwhnx2rNKTy1Uty,variant
qd6utSUOqIO7wuQ1,variant
ZuxK5r3Rse8RAfWn,control
caE2SXj27E9YYqM7,variant
NVpApZO9SdP0A1iy,control
x5BrRzjWRHTLkn2T,variant
LaqWqjDPTGbXtFcJ,variant
etccJfMJxULKhLWp,variant
QanSjjvNOEdQwOlS,variant
h7SxazvQyE3HKkdh,control
4RIyEWwNLdJgjfEd,control
uPtqZfkr2ilEEQ5X,control
2HpOVlWmJmRbWomH,control
zfuR8GoIBPfK1Nfk,control
nu6teS6iDPQL06A3,variant
eeV34NoUiUyhnMFE,control
8wRaUEgoPfpnRqjC,variant
Ph4k6rStpAwnlSAm,control
pGxlimShX33rAOGg,control
moH3Nt3KOqCunCOU,variant
vZGmPElFTfk9wg4t,variant
duRDyEbtTO1nLweZ,control
6sXguGtiEhkguWB0,control
ohZlehKndAot8vPW,control
JDGBLNd3nbKU9sng,variant
8iGxZ8PQuRau4NxL,control
ROdfcHy0Are1xFuR,control
HC2e86XBfkMVhIkt,variant
71YQvOlVeHPHD6w9,variant
J4yVfPCugKSOi2UJ,variant
aEtBTsaCjJwrCBRg,variant
ELO6b9ovSk11sfi9,control
RCQcX3S9mUYU7oee,variant
bXLXD17BMF8t5tCI,variant
FqZYhuwYYAf5ZhIe,control
G9axF2GLbRqjKKbl,variant
KDowZr8E06LC3n4Q,control
5NwyOLBID7AhVsaS,control
RtD4Ch9nLcc2nuI7,control
RRWQOABBeQMjitCU,variant
CBkuIwCoqxI8t5Jk,control
2D7Mtvx5nJma2XAm,control
IhrHZf5Ar47Xiow6,variant
c4ivXwtZg0qcgmOO,variant
wKdif8PrIwEtg8l7,control
KW5Y4dl0ob5Uk3Gn,variant
AdLNtbdWxis9hOBm,variant
hnXXj8talItlXlMC,variant
5cgwm8kyZtWU9Aff,variant
MO555iuraXXlaBxs,variant
5nnzp7xFfWSD8wsy,control
yZbjO0ARhOQGQs2D,control
HnJtw9obxx8Ep1dH,variant
ossVRItUMO5CotFm,variant
g51pj43bYL0rHuua,control
oj6IyFEj8cvLbw4O,variant
N90xF4GWAmKMCOyT,control
saIphgukz7o4SZf7,variant
K1dsUuK9QrPVJ8Y9,control
2KoL962bPZ9EfsL5,variant
oGNz09D9kTan5j6q,variant
kPolcvX36zMQXWwp,variant
882cD5mhxegY1YAl,variant
O2W3yPXGoEkJ4f6S,control
7zhMKKVDLpoL0hIi,control
uOes4Vprlp8ecgZF,variant
EnxVGehb1MLPIL28,variant
Y75HY7DWwdInvDc7,control
kjcOVXe5o5VXfdwS,variant
a3HodAm2TUNFiKy4,variant
cMNpqAj0aYXCrZFK,variant
QG6vQkKCtvFXhvoI,control
pZRCHt4Zm3YmEuXD,variant
4VyDjgHdv4C1daVw,variant
wfYewLge7Gz6uHzj,variant
btn10gjEh5aCEhpT,control
sz79jr9bKCbZcxiQ,control
V97n9T1ZQk9XQxnY,control
rJmHsO2kWzeuiVla,control
Wnzg26po3dDwvoqb,control
hfM3BVeuXtQHgDDo,control
AiAbJAUNyJNgmKt1,control
vrYkfdc8ZfocqDvb,variant
4pvWkJ0lNIQS4OoR,variant
P6udgCOfMqJbqCAg,control
kzZX0MFXwYTNgayE,variant
fBE8JpovrXhjKMWf,control
Q6jM5gPSIByBie4p,variant
CQ2w4rzUehNsKBdt,variant
Xvlah75OAuS1GLGT,variant
KS4eoDcBDJcZR75E,control
nfs9e2WY61zX32Rr,control
KSJErZizb5FPSfth,variant
SdyE5sgUKDAqFsyC,variant
y09FKkdTEJdbMYGR,control
Azs4RO5MGLjaXIk6,control
nfQMNyw1ezrFU3uz,control
XIj5BEo25N05h8Tj,control
SjLrVB9BX3tx4fOV,control
FfkDchG1UUs5jsig,control
8nbv7Stz62dM1Nwp,variant
yZi08kyETAJYUnwp,variant
t0cfCdaXhVt7pUEF,variant
5HCld2QHfW7YieTp,control
63atIjyU2BI9GSou,variant
PI6XY0Kj3ptXhSEh,variant
5mxlS96qU7OZJ3l3,control
1JmIemTh2khE9lkq,variant
AmJmOvTR5xDmheQ3,variant
Zfg1v3DoK3O7tEYe,control
S55lKDMcmkjDiDCL,control
TP4WHzb63JgZJNnA,control
ztIkz4IepkGivet3,variant
QHDjKFxqRcMQQzlK,variant
P4lTGAngPRLVPZ6R,control
AjP15QOiRHTOCr1C,variant
2D46mvpSFNzERsP1,control
HUW7f7Ik7Kvmpzv7,control
PmwFwQFVLBGNzDZq,variant
PCbYLHXTLlZuANcK,variant
WzZ99eT8t7TOhQBC,control
XOb1bLLQwjS0BsBE,control
bCZ8nBa6RX3pKuYn,control
Qq1oVET7WJnJAcJ9,control
1f9AvvJFAgMXlpLe,control
PW9IiCA4Fjy6P0Ly,control
dQZ7ORw1jfmEe76d,variant
cDwKrIeOBLU6rhlD,control
vf8Dh2UVCEek94qm,variant
tEzB6yVrSFCcILoY,control
cu8c0IXhVc1kVbGh,control
lsrXuvQDrfaiZpC9,variant
CesvW2hYrRVndNAx,control
DlQmNXSdzaAwPLkM,variant
PRuvBLfy9dH4zM01,control
AMuu13CHAP4Tzeth,control
Zr0edYQepiy4LhaE,variant
G27erJVt1x8sB7DM,control
oXi7MEamJbPK4IKk,variant
5rtbx2pw24XLURCD,variant
dCR5Q1OAGrfFEl7w,variant
CcGMBrR8vtp5Z4gW,variant
dPLHJrGaVySnk4Z9,variant
8h7Pp6MKEPr4gdFE,control
jDXXISEET1TGejTY,variant
wg5UBuEOACjhikvN,control
zXKNbXsXZpdWLRg2,control
nluZHuJNPWgujuWp,variant
ym2XAKhDE6gDrwL7,control
S3OD2DhljgMqFePu,control
EZomTWgx0d7OsTIC,control
J2HhbdbD4Cduibt1,variant
WG2fCpJeKiFKHMU5,control
42NCE5cQ8y2PJR5m,variant
Ms6pPDMIba61VS9c,variant
zBAnXQYxIZHxf49E,control
3CJCmhoG6ypuZKSq,variant
HmHQ8oOvYd8WUMwm,variant
haOX8qqhcC1vQbbV,variant
qiGCC1R4fQfZKSap,control
YkvHamWTW5PBWmLD,variant
5JdnJ3weTowh53kg,control
wSTOAEU0NbRVE8ha,variant
yqDxEY9Z86m52ozF,control
SIpisNNTYSczKhfe,control
uARLhvwygnO5CqYf,control
FsADX0GKSk3OjCvt,control
sxBbN2rrbUW23wUZ,control
6o7ySruUFXsrxUPD,variant
C1uuVObSav3NLssb,variant
CXXwU5459VASwB3B,variant
7erDxKpCDyL8MaNM,control
2MEME6Gly2wQ8VBG,control
Lzx9eR7qSKobHtDp,variant
R6dEz2O6lbhnxQNO,control
y95gF0wTMzPg3UXS,variant
dRyZrgvdCx1NZX7L,control
Olio6m4DIIzsuumu,variant
xzR3EDxFD4zLrO1W,control
7luw9B7qow600HBd,variant
OlbyxE8dRHfEMXxy,variant
e11jrCkWDQefnp7n,variant
G3KeNnNiAZcjVkHa,variant
9j0fh9EfEHN0Cc9v,variant
lLsgw2362mdunJXg,variant
mI8WG4kYMyTM6xvQ,variant
YVW5T3vorRSF53Jj,control
iRy4dLTJ5PKMgP17,control
ztS78Uue4DV6LJLw,variant
w5VYfQTwoaJMBjGT,control
xfn1Fsfty8tLk8FC,variant
DCvkWtOnA5L7dgDj,control
gedUJoMLJYbot29H,variant
m7ynOV1iW1IveRKn,control
q9em61UEWjV89wCp,control
qgQnRignp7j7eYgv,variant
x9NP6v2ITZ21cUPg,control
sP8Th8wtGfoenizF,control
EfasoHsWkrxTYikQ,control
drRwOKayiMaZqcwa,control
xm5tt7lquNxDww33,variant
UqbPxG44SRoFPH7v,variant
EotPwEbmPFWpoylB,variant
Ol4ulY15Wp9j3jZb,variant
AZDGpjoz83ofqSaX,variant
wHI7QyayLpUOljA3,control
MPgfSk9x4NyKcdd4,variant
OaDoSEKXeQuIdg5C,control
JIFPZkXG0O4qla3w,control
gnOR0NgnHb8tqj0e,control
GKJRT5kudyOIIIMG,control
md4RNY3LPSDAIBOP,control
SV2hzQH8YC2bfVpg,control
k6pfKic0C0hNq9LR,variant
fUkj8b0CfYWibd4O,control
NDdaQkgrhDo5jT6b,control
PYovZHWcdy4el02x,variant
sFlK2UAryYw744cb,control
kT0KDmNflMQhidKJ,variant
F4lr8EUNQTMCV2NC,control
AkGWMrRtBvFuKALz,control
wHlkJFMKQ97pPEOf,variant
mJkk79V5tCs8Df3q,control
rJ27rQlP73cUrpMQ,variant
BPitry5uSzwj0Rm0,control
1K36l6JcnIHNCDg1,variant
brzqTl5X4FWCVjJb,variant
KnjNaO2ueiir3e9p,variant
H4du2XKNRnAWlA3H,control
dQRYbPPFb5vsztJr,variant
ZXntSxUU4EZJoTgW,variant
wCOdErSEUJrjgLSB,variant
6rE1iQp9NyKDU5be,control
PDsnADSnEJMXDLUk,control
qjpYkM6BuB32wTaW,variant
81mhsxNW6KyQzTPA,control
FRcO8QiarcnFd7Ku,control
PAecvtORbQawVyz4,variant
c7EAmUGy236pULz1,variant
6UZrqT1y5zrWaTgD,variant
GyyAIQr4DnIHtogm,control
JN709Hm5dmVRmwCG,variant
wcF2cl73dGFqZie8,control
uc0McKRIG1cVrcCK,variant
eilpAiX61844Qvqa,control
4cevaUWdvx2FTbJe,control
3gJNQhJQlBbUnsuD,variant
WVKZuB7GPgP4pKYy,variant
LRLPPSYDqpdDtI89,control
6eSnOONBj18ZDXFl,variant
SpzIOpqVwPvXuHT4,variant
eLZEGUc0s3rBoXGB,control
TWZh3N6WDag25nu3,variant
fqngoh73VjCOs9bh,control
DQJXrbeTmN4k1hUL,variant
qk4zMHcXyx0ZwDTO,control
N3AXRRjib3uk1jyN,variant
eveikRefGp3TxnxS,control
9lwMf2OuViTOJONT,variant
6eVPE6IOcssavszo,variant
syMED3G3pNlBD3fP,variant
neJ64w7FEnFWAaWZ,control
ipIjWpDGY8o6MhdR,variant
bg45L9Hygy6bzJVL,control
P2TcTC5kQuQdefvT,control
MfnvpFJX5gw6YnU0,variant
fPycmY0XcE1cq2Mb,control
eiCINJIXDoCykK4V,variant
3Yd71Q5lFePPYKKy,control
dxJ5bI8JhiB719NR,variant
jeK3UEZCczEbomB3,variant
Rnlou719C49SIUt7,variant
rLo84lHe5qm7mJpN,control
cZby0ckkjB2kW4gC,control
aZogd2ct7cCt7j8I,control
zDzKtY0PikGDDZSw,variant
JxEw0PJNWHuzgyc0,control
Qrf1ZTmbV3NUmabd,control
mDRlGLQVHcQigdBP,variant
FamJzmvxkyoSJLHH,variant
FLycZ644QUCuiuug,control
UFvPk25HnVOvypGb,variant
MRXfHTVPKvpgUmWX,control
XqclflkOs7EYbSFr,variant
2dv3nnKCYHVfQlxS,control
6CjTJHYFFYoi5Jvm,control
ORnz38RyvDmXFK5s,variant
I57W6ZCgIMfnBaTu,variant
Avkij1Q3XWTW9MEF,control
EhN7YeEg9SUnyuUC,control
TSEZd1OTCWaFadt6,control
N9Kn5Z32n1buClrL,variant
OFOvJPl4uhB40vZp,variant
lWquYg8tJZ1O7RmO,variant
CQK868htR3Vjo4l3,control
3T4SpP9htnKzL0OS,control
CmHvSzH6Ux3uElPx,control
udyhJHXXTAB9CCjR,variant
Fh1ql8zZcPkngzKG,control
RVFLtjoof2yafmkx,variant
tzyZZlTiSJiGNHx0,control
SS9GGCLVWmr69IU6,control
6by57fy0t7nXdhHB,control
3bqd2VHAsBLHFOEf,control
fBhapPsrDpG6BUpk,control
fnVJvNwEBsYvachm,control
YaCmPCDp7OH2NcCD,variant
25ZHdVhUVrvjYnY1,variant
TEITb8bIHCfdaIVU,control
zCk9YdvGHEjI06Bw,control
WlCbmJUzqQG64vbj,control
MzDvkvx5CYjHTyu8,control
16Mmb6f7a4BvkM7e,variant
rtluA5XOHrHb0nMa,control
9BOADvlaGOV4W9ae,control
VegtzWfz8cMnWnt5,control
Ri59fbLOQGRem3oS,variant
25H3izD37vyNd8UB,control
1Kji6JaDkykO2eAw,control
4s0chV6WJ2omDOj6,variant
HDy9f2ZKqJNFv2G2,control
vJrBmrwIrjY5bnF6,control
Dse5VF5jenMPQskI,control
MTLvZ6STDZDUXkvj,variant
Qs1o7IIaUSU0rz7r,control
OrQrFL5AW3CWOt7I,control
w3l90I9JP1BKtI1g,control
HfsPhVDbp0Txym2i,control
DiNgpLF87CQYNYok,control
ipyFSjjD4tO7HaFN,control
EV18k5O4sX8g0CPL,control
0JGJzC8CIcTeGkfb,control
maANPoIDfHuF42tI,control
iZKfj0iG6pFLVttc,control
nuhZ2TxUuPFqN5Yd,variant
Pw4J8ZvydjxIXntT,variant
8Z2nMi5HtclYVMlP,control
vINE3gi9YKvipZui,variant
lAZUXiABIQLFOc3i,control
cYJmWHDpGIpLNeh1,variant
GYDbL3LtZiabZspO,control
eF3tQZn5mAI45H6p,control
BQIocAAYduveOMww,variant
m7A2X3oljWLBQIL1,variant
3tlcbBvISZiw9qnZ,control
F6N5JGjmHefGexUh,variant
ryrJzttMN8xtSdvy,variant
urSTiRi6GOgGbXhG,control
6ICFa0EZINRMtGwc,variant
0lhOU5kzwLeFeVo8,variant
QZwW9Bs15qomwrwp,control
9tyFuaBAZASJlotR,control
sYzUuKQXjBzmyYEt,variant
orNwckAKlGBf5fRu,variant
yUJrRMewwwICe8qL,control
ZbsUcDGwzDsMzFPB,control
i8VEoFmvN6kGxNRY,control
fpDDn1gcEjG84LKo,variant
XdKPdjZ6vEJ8liBH,variant
eDps3nUYx3XkmjCM,control
A16aFrdpruYU1y9j,control
g90aGGsgUSOnLgTQ,control
ckhzLcClr4QgDPV5,variant
pUSyddLX5a9PcBTk,variant
Kbi88qF8YEuqZPqQ,control
AB6MapcodJDCweUk,control
3s9hQk8iTyynEmaD,control
iNCErc2IbdOoXqzE,control
DwDkGLTe63IYad5V,variant
5LKg76jGY6nJULZ2,control
DzEPUsNmwspy8z8u,variant
rixUNqDd21BONiJh,variant
97vy5WfzPbEls4KV,variant
Kaj797HpOgmdMEjl,variant
HBeB4UkHoYeVuENg,control
IuNenHjrqLW3Fq3v,variant
yYp9D2HeRGeNPcLm,variant
Zh8DXeL6E3b4gpjC,control
DtPHhHHS4Jg5ntKG,variant
E5Gzz9YLpla7Rt4X,variant
bErPj22fbpe8Lv5v,variant
va7JWmlmY76V966k,control
XrvadichirevK1ew,control
peKRMcz2huZref9A,control
4vvL3LQASTWGPEBD,variant
HSqYIJfSC5wni3oL,variant
ytQvgr7qnzNFCN6g,variant
4ilcFGoiWRqB8SmU,control
uXUXegLKsOF39QcM,control
IALYVhY0sDVNjDiV,control
vETjJjZ07AoskFtT,control
7odqa4serq2POdZs,variant
EcXcC0h3eEAG59rx,variant
zEnyF6MO74nVVAvL,control
gGQOGxzXPEA8mEFw,control
KNS65pMhr5AiBvk1,control
vWnwboXeC1GVRDTq,control
anU2RqiIEl5Sb1oH,control
K0O7DnSdhwgqvLzh,variant
vNSvNei7tv6HIJsB,variant
8gOLcFTSESyGUe9C,control
66Ez5uHKWa69dUUv,control
pST6FHuAPKcZQSH8,control
gCcSLO2Zblo923pc,variant
ATwGVAx2LAUEoIJx,variant
qSH9atfeCfX0GSLZ,control
CR8jFyBCYIU4FTJg,control
jTHGzVVmDFGfJb8g,control
3DT2zyGPfhikxfN3,control
pqxgNN759Aj1iYjW,control
DiT59zHIAtxAOsrX,control
QOlNr8hJL0p0mzVz,variant
23u8ZXuhGfXbhffv,control
yTE8IX9ev4VyriyC,variant
1GQhN3m8hV50XORA,variant
1cGEBuZCC8Zi8vh4,control
SqwMDonypWVrFTLZ,variant
0oK5WGmgsu3K5idE,control
gmN28JhzAVzSPntP,variant
SBh3Ze00YmbVnW6c,control
piMbkxQCnVN276vU,variant
VHJGMQrvyKeFZWJi,variant
nFiwSVZSiuRFRjCH,variant
4vek5BxH0PNZjzQO,control
gRgV4YVo9TS8cS8z,control
gbjDUcLCyTdUefsr,control
ZLJlx4D3nMb5H50t,variant
JZwIHu8LThQY9DUt,control
ZtwtTwd9jNeFr84y,variant
qeIP6uJsweGdGUI6,control
PzKvkWzOmnOWgptS,control
TX7QAHvLKcAgIS6w,control
bxbXJ5qkgboTETf9,control
KT0CdTKlAyS8l7qX,control
lE2is1C0yoimURPc,variant
5jr8jJ7B4ctrWKtj,control
HvuGpPIJa7lm6hYE,control
eRYJUySmIFhvfW7k,control
godN4H3QNvDsKX99,control
LDFsZy5KSwli8KqX,control
IYUWOD47dOdxcikF,control
QZ8NCHV2Huyu9txe,control
O4b5iQh9F5gLt6Uo,variant
MBE7vNWYxHi8bSyl,variant
2dYN5mCFADTM579a,variant
kwWqoA0jpKBbMIo6,variant
kG2pktZsMXw7jhb3,control
gzNsfG2kZJlB9iwN,variant
fXstrAGCiSR59XA0,variant
M8kX1P6hnTmgoLRQ,control
3rJEdmMD2sdaNFll,variant
tk00WDW2REBRWCOv,variant
SWCauEAIhN5hfouK,control
f1C5ywLAPwsBH5gY,control
mdkXu7uQSPzEWdcM,variant
VuLrGYPIF52kM5ED,variant
LT98tNzkbMqxDKf1,variant
WwUIXU2zyJ2uP5Qw,variant
a68jyvUhOG0lVMll,control
kVhYhKWpJrRudXgH,variant
HSJKDzlkCc9kiz16,control
huhPf2rfuRV30VwJ,control
r8ASc65ltsw7eYs4,control
8lB4KH5p0d1UP1fg,variant
HdomiKqLnKEbTss7,variant
2muERB4aIjhmsc35,control
cArI8RHDh7uTsQVT,control
ND3Atn4lWwl0RRMP,variant
DVAxcDIGKNWpVrrn,variant
FlPb0zw7IGOyduVd,control
E3WoddRcZ2es9LF7,control
5icHy0jFeCgobjk0,control
3N52uldBCmXrAcIM,variant
vqB8Lp7ev3q8kvRR,control
JOTRPN2cASV4mmY1,control
DrNGq3OjORxPChJ3,control
nCgyPD3BjUUH39p3,control
jC54oBY3xPtU0CbT,variant
FU1PDisfhH5amfIC,variant
b6jEhOM48BEmgYaS,control
WR04zTpl1pH1AZy5,control
sg5lTxX5MeagVzx8,control
V9qdpJeeZQTqOuDW,variant
YGSw5PCPML4gKgo8,control
Cjt5Siftu3gLVHUc,control
SqYQbP9lmLJlAzUY,variant
NeFJ7SLZpj57KokZ,variant
irG2iOoJJaBGa16f,variant
kVAejBpQzX1BnmaI,variant
oCEleVTFjeAMupC5,variant
oL8grYsqnOVjyORi,control
p9Vxu642HMZggBYI,variant
5jLF9H7x3ZXOUTOb,variant
PdavkVkSnAGBw4i6,variant
r8QxAI0dvk77gO5K,variant
HldSbUar6wHd0YZP,variant
SsNPNYOiwmaljAsN,variant
FvykkzpCDk4afmAQ,variant
I0G6nQT2v7Pub3eo,control
XVtz3xI5xzO8XvAs,variant
KJCNM2QlRpVEoGoF,control
vX3fDO5q3Rbp2U6l,control
USlYVMqPOf2OzapT,variant
N6UpTpMCXWzDGQtK,control
2mhFrSO9k2LQUnNX,variant
G0Ow8gooiuKM6BRf,control
jo1xdUXI5oZKbUN7,variant
BewigdshEnCiKfP7,control
BSj1SclJkiflT0Oh,control
Om9QitNjOA0djWsj,control
XV7wJOibshz9YJkc,variant
78DrqYiDphOzeeTx,control
n8eJyqfgTofF7PNA,variant
Ne878pZkMy8bBgLY,variant
Xarl0WhtIPpXGNys,control
IppVyF2RBirwD8Fx,control
kZ8zktRrHJduznzm,control
zOoA4wvjedXJpFkM,variant
GIVdwcta7GjRc2FS,variant
6LEux6xZjfBa5UTR,variant
jOD0onxjza9tCHbb,control
bh1yrSqDhPTCYs3K,control
xrjp4XOP1R7eowED,variant
gtMccEga3AXaftMR,variant
c6b7UF6tJAts2uQt,control
e2tlV89j0vLBlMjV,variant
8IVRNKqZAZT3CziY,control
lQzGFk8C6hytudJQ,control
CszJywLBOkCRXtix,variant
UWOm5bqX5ALb9Gen,control
AX6JAnoA63561huH,control
WBxq54ZfLsaLzedy,control
SZW5SvVmwGyjr2A3,control
3WzWPZbj7tLcjBs6,control
qR0RwBAFLltfccwi,variant
GJl9zKXVjRksexIB,variant
Dsf3W2SMsY4E5Rk9,variant
qqXof9FNk5mqBWrB,control
V2pJWNtMANGbmb6K,control
efXFVxqi05NNbifs,control
G4sG03S8DM09mrbc,variant
fBmtF7E8ic1EodWq,variant
S6ECk8FNcXah9Oqh,control
QGzbU7WCo88DXRTl,control
b7uC5CpYE8G5bRdM,variant
7WebS7hXJfOjJdMn,control
lUqu0mG1mVSi2XVt,variant
RNamvYmI79aT30G8,variant
eDeQy7zsl4hjrOk9,control
DexSm3JWAFnO1bdk,variant
PKVLKmiPAbUAllcz,variant
oAYSIm13eQ1q5st6,variant
w6lFCeWYQbfuIorW,control
UbeKOfYP6Ysplxic,variant
qDAxPXMgip3kiaRI,control
tYhgKKtelutew4ga,control
ysblPy7F7VQr9E58,variant
Riu1MgmtmZBKyTVS,control
zRGNN21AocCE6N23,control
rx8M814RUhCVKKiS,variant
DoNlZ8OAUUEmo1eP,control
29ylWi8zKie2TgOE,variant
RKgeZ8qkK7JAa5an,control
07BOahSOU6QzJCNS,control
WdPb5DUtDrDTIa5c,control
w6SNvW28VVRY9Vo8,control
OpAFH4Plrr7dHMsQ,variant
9S8ZEWEPVtVtFtp6,variant
4sEm2tQlWUzIOjl1,variant
xi3eE15H7SkivN2U,control
B8pjH9orSEeYG56C,control
cwjUF4VA8Jx1tcec,control
N67fo6fw7DMNVuSK,variant
vZbnrXXoKb2QtjeF,control
bRW418eurVNdFJ3d,control
qZ8PGvrAo8y8jpdE,variant
68Fx6rF0Bkha1buW,control
7ZsPD0Ny0iPZBK86,control
FOk4Xu9xapZxjFBX,control
G7LvaI5Sl3TyB3qp,control
F6SdU7OW79ktzgE9,control
g25dhYn4vwyJ0Wzx,variant
ruUeoEzddRX8szXG,variant
d4U9LxEH9HbQhWul,control
J6a7PMpWf7GQmSiI,variant
BHF2aMyZjbdypNRe,control
3wtcaT9Y3ypOeJfl,variant
TwTLe8bcOgzlX7Sa,control
aG910M70iaoyRJj2,variant
XEYteBHMLpoOMPzD,control
bcs3xcNe6F8ZElQJ,control
JEG6g6zztHGsqQKf,variant
6vL2qtPPOzBXShQg,control
gCcpmXrRmEcDczbM,variant
HLmkKgQAghJPCuz8,control
tCowoYjbVZDKAqch,control
QKWdxChHVi5qjx3S,control
vqER8ioPYDqgTSz0,variant
bVCWfGLa22jZ2E8x,variant
hBBVRY9ThCsC6oEe,control
WB2To5hJFMMv9ejZ,control
EKwFxd0QLokyz1M3,variant
YKJGVRtXZHSlJdm6,variant
c04qg5SUnFVWzEV7,variant
Ep7aTHz16DOYexjL,variant
IbCsL03PXnBHd8Uy,variant
022fBLiZr2EvdGJ1,control
6Imo8GBVHLa1EWqv,variant
FCaVBObyuKzNaFiT,variant
WeNq0CRsNCYlhQQE,variant
oHz9ICGGJuDsFXaY,variant
GzP1SAYBthzEekuh,control
z57TlQmjZChP0Lai,variant
dG2PZu6g2F44MBz4,variant
KHifviUSoaFUrkIG,variant
dHVsVlN6JVOvUlW1,control
2BodhE7zcMgotq7F,control
jpVzvo577lMc70x2,control
bdw964whPRlikSEa,variant
I13Q9ogBVftxPJL9,variant
lcBl2pRo12E0urVf,control
qwIrkw4qfxXKpCC7,variant
ZPBpcPxrVqWjKyJU,control
VwXsjkOefcSLk8VQ,variant
PVxTVzWzxN2dWjHR,control
Czsus98NLsrnIrBs,control
yoVWcwXSlFY1BHaj,variant
XAlSJ0GdutXqZTHn,control
j4t9IoMA9oszlx0J,control
GeiNnTJygHQgEZ8F,variant
uW6oDdHi7lDxY22C,variant
1Y44vItKOYi0vXpb,variant
97RXwC6k128IZ6vc,variant
Ul9a15QzH82C0TGF,variant
yXXU55JbomPof8uP,variant
zISrfnrQto0SVAxl,variant
a2n1FcjzEjaXWFsa,control
zezLaDWlJJxP22yh,control
l8A67lF7IpJ3DK8F,control
ou3NC1DytjEajrWJ,variant
461mF99vfGaceXAl,control
GOAW8mT6k9kJO5X5,control
YdRrrBf6Q5eVkeiw,variant
k8oyqX0znM32ViAI,variant
A0p7vDzM7MZGN5al,control
9qyC5PBsOjkj97DW,control
ge7BtF6leDGjMAlb,variant
D7OeKnYzXhE84cBn,variant
kCN1lQi5JsgqVYwl,variant
gyn5EykkgQ9coc90,variant
OqW4Rgk8TtaFL41u,control
EqyOGlZBWzJ2hFYY,variant
zeQLmsf572Sfp1Cr,control
FCQZqPV8eFCCPcYd,control
Ry6vPkhART08vcAk,variant
Ag7AUk4yMYpuz4A4,control
YS0qEnwbzzvPBfVM,control
s3uPtEAoR4EiXqsF,variant
jNZem0AbahjBeX29,variant
b1OVZ0qV8GyeB6Yr,control
5wZIrkQQjjJiPmwa,variant
psle29e4gRnGfrfY,variant
DlXIk5dmaZL0CnuO,control
EO4g8oPiC73xouOx,control
gx4wyhHI1v2HBa6R,variant
KD6XyY7bBVBwLx4I,variant
hJrtdhz38MtrG6rH,control
sP0Gug7nGdQbNXEW,variant
TDXjZuXZwKhjyGqY,variant
xWPXDa9qBm47jatg,variant
7FuzS0gL1SNV5OSA,variant
Hll5otj4T9zqj83k,control
qkodyJ0UETCEiV3a,control
cdsOvYhy5dS0YneX,control
X6CuowqcG3X1ApfO,variant
1j1C6qMTnlLCnhWN,variant
NqQMwglpm8UscQ3h,variant
NlEItBbAcVuYZgYG,variant
STGJqfZuLHW85Vll,variant
r9VfmE5yVxPkGuMx,control
2WRZtUiEB1LeKOHj,control
FKq0JJmtYLsvpfkj,control
ErFOPUxTpCMyNyNS,control
sjaAvB9VIcLzR49e,control
VWjgDyPHU4uCqJNY,control
uH0pTRiRcwmLHDMz,variant
FtTL2iMY4pSLdlz0,control
jpalZ9Yv4CsDBurO,control
xzJQ3p5ZFbirWWTS,control
s52LlmIV0jvjXISp,control
J38kqyalcYissXtk,control
xva08RQjkhqf6g8E,variant
Kd9gpyJIn5J0ikai,control
yNo85xhZCgTrcUxt,control
Ez6L7UTQhFhepA9M,variant
aecSZqGsdmYXQ2zO,variant
E6Ip4x0D671qmL4g,variant
iuDKKvU9EdjDDOgo,variant
sjMAcIZ7rxmRq5qk,variant
qZWsgs7HCDPCLVhd,control
BZkruU5V8NFqHqot,variant
MksFxfrO4Vm2zhzW,variant
n1OfpIHNAJla3Cqr,control
W3pIi6RMLQfzqxjF,control
6csIAyubtw75GXh3,variant
YK3PDEO6rEzxY4e0,variant
kZxalLw3ZRylcxzo,variant
EQPu7u2u2VylVKrj,control
f4CCCTTi7FVmT0kH,variant
17ZZCYlWEOvzQlIW,variant
LdSWjZrTVs5o5wwu,variant
zSH8Om4y1RGBm1Ah,control
J1Q3fmt2e6SAWYsa,variant
dbRzGRSLgCZeimTN,control
VTCrDjsViuaO3znM,control
C23QZgxAPYbb2498,control
plNzj2oVydz8wKWP,control
daaMcV46Vo2Q1ru3,control
Z9hyF3fXNtWCeIsM,variant
lGIPLVThLEkdN5eP,variant
vR8qtQZ7l0RqZAw1,control
5e6W3BKDSCnhTAfg,variant
zPDqfcss1xBIIeLf,control
2CwS6Y9KFaWHRBXg,variant
KCsV2RsYt0oxO80h,variant
Y6gsBlzIdHg1AcGl,variant
5sZ5q3rcmFeyvYYh,control
ZpFeJ6ypxnmwZyAh,variant
35rKffytw4061qF8,control
2pKtcaKI37pV8dcR,variant
qRPHPHqxKb3njoK5,variant
T0r93SmIJKj4CHx0,control
AiijlocBiMD4wDp3,control
JDTKpB1tnS3CTKsq,variant
9aC99CxsQjJ2q1qF,variant
pYZ6TwpFbNfjH9DY,control
JfSGe3BgT6s9QXXz,control
03LLMqsAKgLq4CYR,control
MRqopGkGFSBtWCpD,variant
q4nxKmrg7Wk4qsfZ,variant
r0jaaU6LAyzMjJTh,variant
G9C0HAYPdWVeP1ka,control
mtHGn0lkaThreEcv,variant
fxAuK04HIJ82z7aV,control
szwNHAcTMmMpcze2,variant
c3BUZQDwrevS8aAn,control
O9id0yE56FbVKZXb,variant
noyjBVh55330ntPm,control
sHzKTx02u54xhGey,control
QNqyPTGeoPoa3Qrf,control
Hbq1etnldO6XjMDK,control
U9zST4dfoSSrq7GJ,control
QyYBmFVsEo7RwNA1,variant
avhex7Gldo7iP0mj,variant
7PnYY4aAvvzxDNqw,control
jGheHYA9Eybt23Qc,control
55ONLT7NoA5xIwh7,control
vpfM8SZ5CzisgVyx,variant
MU8KHCHteRJD69Xt,control
k8utfSzweyCdAjHA,control
5h9ZZIBiZH6Dq7G3,control
8CWKmCN9M2nhFkIe,variant
XKSebzDm7LWNAqYo,variant
9GDFXgM8pkK0nw56,control
EBPe9xYr5dwiYkIk,variant
gq2rzU9Wz4q3jDo2,variant
VUzOB0saHLxOxraj,variant
dnuzLZeoxjIqFiEO,variant
oXcNIY1mvVg5tKzs,variant
DHIBI8HVW6pVYFqx,control
elvlC5MMJfVhf2D8,variant
9sDyjVbTQx3BH4cz,variant
vFQJnKcBzNjRzNwg,variant
H5lvZkiefgTroaVo,control
1igR7iRkcmeFv109,variant
XQzc1O5hxNmkLS7Q,control
nTYeUmxpCsq79EVC,control
FTqgLex36GVwn6H8,variant
dabC5iBGwt2EVT26,variant
SzEFYU8XIooKS36y,variant
tVvto9DnOuXqeo3Q,control
A9816RM4t0OIq3iQ,control
T5679PdppCRFFLM2,control
NLM9Op19SordKNdq,control
qH3VsvMQa0rM7BmI,variant
iqHoiMskxurzW1db,control
q2Zamjq2uWQiEIjW,control
VVoSb5Lcz3GWx6GD,control
QdQS8vWtCuSqbHvX,control
fyb29QqitKZozyED,control
WjLS7uVxHBZKxCqM,control
xqKfPKTE4tTbOrX7,variant
vOKzXlfqnjzYcPTo,variant
pLnJm6AhwO0keeyr,control
V25YxiQknPie5AkB,variant
im8sh2dRyg3ANYwN,control
Y4C5J8jFUwNUVxuM,control
NCSSA8HzZofyrgb5,variant
Ha418TbPJdBwMtK6,variant
RlF4LErCHYCAEV2H,control
qtEE5MugF2lw8Q8W,variant
QNfFLoztlOSUUzDC,variant
DmO9QvQOqwy0f1Kz,variant
4uIfvqkd5RjqLr0s,variant
v84oRsyK8r5lFzzU,variant
PByDYOLnaG8kIuve,control
N1rKR2Cr0luNDOoI,variant
UBdBDV44YXApFlR2,variant
JosrzkDB3woVkQuS,control
MEoqyx6SJGRdaL3k,variant
uy5XBXZfTfvo18Gq,control
8l9EIHFwLeNb6ElM,variant
TPtnk7EYGzbE2IAe,control
kYMBpZNzxdlr2nq8,variant
ROp0Pt9ZQB7Oapd1,variant
FChbTxO3Tn09RQa1,control
Gkt4oBuwit01qPoR,variant
eTPZGDpJKOWLxyAe,control
XWuQIfiSAaDoFtd7,control
2HV38LtUY5BMykXh,control
HARv9hGMi1viEHdT,variant
n6h0OIv1YfG0rhgF,control
gjJ9XYEEjtYICDWE,variant
G3NWdHqHFGKEzEEB,control
9LR3jhTJsBex05gt,variant
b4QjrHn3jLF0c2Vh,control
ikpHxEeGD52DoMpz,variant
lsU6Itu0Ko1WppwR,control
dCKx8hReQCYj3XRi,variant
vjttYA0LjsODpNl1,variant
eQYcx1zEU961Zc1a,control
kSegGmPE7ZXmaWR2,control
LMGP7IMPPif3O2iA,variant
PCdyp4HkiIAMS6S7,variant
YBQ8epBbPjs5t577,control
L61VSYIOjVXJ0331,variant
pXzE8PawPWAsp4Lh,variant
9pliVgNZK8wOhwtV,control
kaWReng67xMdUA9g,control
1xiaHNEMwcMt5VzH,variant
FGNejJDiTF8uPX4z,variant
wie2hRZ32YTQk3Jr,variant
EOhJYsvbkcGj0Sc6,variant
M4KHXBnZ5BDD4AbK,control
mMPBtM2XrH4VSqLw,control
EiIyMDeB0gP13PP4,control
Ls7yr0UzStbDv7P2,variant
H8I9e4oMoBlcjJgQ,variant
qtUWT0Blr4SYKlh9,variant
NO7YsJf2BRaXsWcJ,variant
ATfDKAfSOqUDo8sD,control
Ni6HTzTK8IPbm7QQ,variant
iuORatWelQu8VMwh,variant
vzs4oKOuYmgyGcMF,variant
OJ0NZXwbFTfg3uGp,variant
czyovQKWVt0XCKsN,variant
E5nQ8oaZlkUiRG11,control
AHWajmCUek0A5M4J,variant
ZAQMTyMxPVEgyvky,control
sdyHBpbzhQzLuXqD,variant
YQL866RlERKLU6gg,variant
IAz3NQsv4a6HXF0C,variant
vYt5BSX7YBhUurPo,control
jArt49LGT6ZDca1j,variant
WaV2G6CIKYE1TT4X,variant
gt8QvPljLENMSuwE,control
RRDvSuOtBM8p2sx4,variant
QEeqaKDFFbHRC1eD,control
QSrnKkdvWT7c0xHh,variant
xpfuFMvUirlfARMU,control
aon4m3uTU0OXftdN,variant
sQNj8ebER0t4fQ8s,variant
rDgq00dcyDJnOw4X,variant
XpBlhD7O8XLTfMec,control
jDpkcoR1amV3MMLc,variant
DROzkflp1vvLlJXq,control
NFSKcysKXLOWQUsp,variant
zGo0KteVN9xfldVQ,variant
mZUuembRfCwIjtyJ,variant
jAgXuvTray230uWD,variant
FIUnM9PyC8NFkBeI,control
yZOYgGPARUu4Ayvk,variant
fcDBOqwYHueXR3oT,control
bx1jtI9OU91uD8C5,variant
IYLztJQNrvmopyce,control
AMGNLdQLXZ3Z0b9s,variant
Yr73kIkGb3aGmAaP,control
CSNvMtRNSbOZqX3V,variant
OeZVzm2H2DRObl3v,control
LmVZyNM7UKur0sm2,variant
ypS5C7TpvRlQzB2B,variant
wMDJL2n5ETlUkdyQ,control
yRthxrLixWeVSmui,variant
b0VahxHjSaIO22zd,variant
EewHocsQMMAvW56o,variant
NPoF5EZ3Mq2Z0mLK,variant
pBHF3x9K9eRwXuam,control
ZRhaojanSZPKOTua,control
UAYZEgrJx0LId4bI,control
rbA4Ng9OE3OHg4S9,control
C4hGcNFsdjrs0lkF,variant
fL2Bzh1jvHSYvvfE,control
Jkr3HcWOYXL3JqD2,control
D9Y0QXEF3VsiWpLs,variant
DJkZoxOu7QjPYyFG,control
WYXxuzqscmbOSFGF,control
P0y7cPYgW8yw9Blh,variant
XI9yDFJF0yzheQbs,control
clMFf2h6emEm1aTd,variant
1tCFGnsYcZki4939,control
YBbmIEQnoeMHLQ6b,control
SGAc9ZbYB1DOXwGZ,variant
n8nXmdXsxJflimxT,control
oTXDFFHIrsXovyxf,variant
JjletKVrUNGOlGei,variant
GDTqIpNs7U9bfP0S,variant
7UkiAnI9t65FVhkb,variant
e8DROkpyPyk9aGa3,control
ZUiALsNqlbhG7mQu,variant
sHDtru3JgeiSrUXa,control
JSnh0KtEg53OLR4Q,variant
oWIqAuN1RSzReG7W,variant
eBuhb2KnH0R478TK,control
uAX4rV8eHr15IzCO,control
Bfz5rDGFXzvH22Wl,control
9vux3yb6aj1Heqan,control
ufkM6ttu1xO2zcLO,variant
LB6jx9NZVgwwxEX7,control
XUvALerhIVWql2Mv,control
107fDbeb9IeEqAEY,variant
jl1rYm4hI2R9d9Tg,control
u7SRoHvafasAj2nH,control
OFcYTpMGe5IqwzTV,control
gO9go8DtcvV1XgEW,control
4Xc1Q2TqYvZK87cV,variant
DxGQjgpFbhoVctHU,variant
T0OdwhjWLejzWp46,variant
5w8qBrZ5OkHToaGi,variant
RqodKTffswD3a8i8,variant
va64JypzBeVvninp,control
DFfqarkkBlHp1j50,control
T9MhzPPPnYiWsHUL,variant
CCBVWxBPR5lsfb0X,variant
MEK31CNl42G4USyP,variant
rDrgoDeeGfVNdmYP,variant
zWtFFXKR5ayy0acM,control
uQyZuUcNCIvwmHwI,variant
so0oZzMc4qD8BHpQ,variant
OkxwyKmsSH18bhek,variant
bL19FxlLpYxXO1qF,control
tWIDUPvEYKxxmy7E,control
Jn0tMByLQkrMs3cO,variant
TW1A5wILQm9znIOf,control
QhZN0UohSUpCH9CI,variant
VjZaecMXnTATCarc,variant
zu1xSZUtCrcYUXGr,control
K3uRswt2xszGF31I,control
yGx45WiKKku6qpeR,control
T9jmU5fKpfC7ywkC,control
uzO0KkLxqihDgKWw,control
isRhVTnYBIgfDKpQ,variant
24aP8q032gI4eADR,control
PIpfp3ht8EtiD9mz,variant
b8O8STxmYprpbajy,variant
nqrguCAWdlvNHzBs,variant
EnwqwqhLjDgbUvec,control
ie3tCfdJ4uqoAMsQ,control
cBUvYWf2EemWHXj3,variant
NNXRBuKJ33Bm4JaQ,control
iWtQPqcYF27If5Zf,control
yBMaNptxoYjl9KI7,variant
AmDYcZIV9lXCDvq0,control
Av7WWgTkp14JYvNK,variant
cIWLP2OLx1HIkonS,variant
quBQLv87HawFdOQ3,variant
fpjIx7jlGAyj8yFP,control
3zdiAiRzk0LF6DMi,variant
kwqFk4vX5Fiq0y7p,variant
TGbQMPlQHyni6D8l,control
jxHlzFIms3m3vVwa,control
hSM00HmRWOjcBAuk,variant
xlg2PFj8BzCAZjdP,variant
vjdgXwcxUKDOZluV,control
QqcoJFiNXvJF6e5O,variant
VdV8egkMfCYqB4Ls,variant
WRlSLsGSeaIIUUE1,control
JNIN8l2rBmDNqiMv,control
394oC31ptyNxpYp5,variant
yT2VaX6XGWZgLSBM,variant
BFxhRFB7VcgfCSnS,control
6NsT6yKrd2aGBOsG,variant
oSwCMnDbmNBElmcC,control
YDlu9bZXpFBi1q43,control
XsgJNaPJWM4aVxjk,variant
Lv3EaOkfYSqnFt0d,variant
6MUvCPKmoIyYcYln,variant
NFXdCEFxkDWsJfbM,control
7sTVNrOJT3Z1301X,variant
tKawLtdY7WLefzaX,control
opwOv1eQefbj1JTI,control
Sw9UpKPIVNpekYCV,variant
TkTpyXccalgQSTFv,control
lfLML7Ou9BFAWWoG,variant
FTHZ1gm0MXfY7iP5,variant
d0DBulm9XmZ2ABrK,variant
p0u2jn2BCUkDNAWc,variant
aFMubjErgeCdT3cm,variant
chXYdPIlxLs2JIrN,control
3Hy7gkLsIStAEy3b,control
CKEUPfTuGij7vE0k,control
1sOlZLpmLmorpOXP,control
ReAbOX3A6anIwQvA,variant
XyH1WAIuMcyUd4oc,control
kBc8ZrT0ioNhN3nL,control
8mM6UjRDevIe5lIu,variant
zaWjLxZESUwub0E7,control
bDyWs99aKBt6V1e2,control
DwPA0PaiXgYz1p0f,variant
9PK84Slx9q94bEK1,variant
PCaRn2NWk5FtbEeF,control
XiOj00JWzRcJwDM6,variant
wwQJyt7LGGLaUGLx,control
iELWBwDr25zZG64p,control
CpGMTULwzWqLSxQs,control
P9AbZho8OmAv2UUa,control
eCo1D5TffwZevOtt,control
MDVq76wN7XZmTJPj,control
LMMdsZO5BAwspIex,variant
eCfOO1RVVKC3GAIL,control
NVfTj1JRggCpa7VI,control
U4CLmZNlwTp5npfJ,control
ZxYAyNJ7CEcmdkVo,control
7bofUmIYRRW3N4m6,variant
lp0QZOYtN8mHsSAC,variant
sQ3AbNManhAGEDyW,control
03JLaEI7uHqiChsU,variant
fx9fNcEElZhQz6zo,control
m3v59mT1ixcwlOR5,variant
ks6iKjiGmtRkOCU8,variant
7m7Rni1PLsPU09hr,control
HJipeYoxURVQMypP,control
vXpGe72grfWlRGHu,control
55rnPDTc409mYKs6,variant
9KmozfAlVyXUpTpc,variant
1HxPTwDWu09q1rc0,control
UlpLnArtIqtfzgLl,variant
qu0fUKy1okidcmFf,control
aPebvFYV89OXWguq,variant
0taFNFtj2fOGjyxE,variant
ClQKYPXiC9cd1ufb,variant
KtSGntQbUg2KlWpq,variant
E6gzabEtK6GmaYGc,variant
K7sR5NFeUQUKf7JK,control
m1lfDK9BjBfixZrd,variant
S15wAdmkksGnmgGF,control
S3KhTHsJHJf68212,control
XaSDoi28C6bDT92d,control
steit4ZW676p6Wtt,control
zMGlu533wtwWUfS2,control
lIh33ApU0FCgp0C3,variant
yQJVdAww7DQxVpgw,control
LE1PsZU5d4f75s7A,variant
ZC1lLm7BeTTqAz19,control
dhzGlmuZKyMcsgqm,variant
xYShhSbDcSzqLc4G,control
DohDwlM6VhihLGVG,variant
SkwQYYQyojtpI8Hu,control
4TU73Nay3T69n8sh,variant
OoRraUGa0HdqbM41,control
jPSKzAMyCTrvYz7z,control
ZuuPh0bTHlWrqocu,control
s625Fkr0CcXdBi4L,control
gaIUHizhszT3j3QD,control
NJ25EhPUmKD4o4Ic,control
CxSwi8boFr2CNcG5,variant
gDALCE9aOQAA1Cec,variant
COMZmG7tcfQq6UdG,variant
Gf1OnT6gfYcKvLhx,variant
mmaY0OJFeWgXSFBG,control
TnmCXNaUWWADHTaH,control
6gaPrIXsmwbcvJWh,variant
wh4yIUkOQfPPXSqJ,control
4rG8rgCepEejCCpd,control
ahBa5BcXby4KkTrP,variant
MN74tqg2VqdJ7Da2,control
IlqpBFT2IsCCYpdu,variant
9WYR9asYZRzlqKBJ,variant
CeLcocmeuOwUvHOz,variant
UEIgNS4F90vUfuSM,variant
WUKAjvRYrdSILLJ7,variant
dSjFjQSjkXMim4Pr,variant
U4KUkBfGnUCMoV3e,control
vZEsYr5fiDEIqPpG,variant
dE9G5XZJk73dYJeu,variant
mdPXIzzsKkbErkRp,control
5b61F35VVvJhJQyN,control
8REdMSQjAOLqSL3y,variant
qmuoV0xg0S7LNvP0,control
jGlhN8vMMURp6VHT,control
pnf238XjxAUXiVpb,control
EUs3kvC4EhjfEYIX,control
N5CuOeexo3BH3m2R,control
F7vCce8Xk9VO030z,control
iRkaLS3BwEb8rp6P,variant
qVqUIEI6xOKWDrAp,variant
tOUBuO8SGVixmDTQ,control
G2T05xtXawG4q1bE,control
6E11pKK3g0JaDrPM,variant
zka884LevmqXgLgl,variant
LwV21hoD2iSuR7nh,variant
U33JiztL6fH7w8MG,control
8uOze52i7S8GyZUq,control
NUskhffh4x72s8ZO,control
AtxLepMGjYeZs9YO,control
uc60BOsp90bhTLlx,control
arwM7A4RRfBwZHyk,control
VaLjizjrX7iSzPiJ,control
oxN6bdLEtMSz7edv,control
fK1Eeg9edAiK1bWs,variant
MqqVNYXxmB5TXSPn,variant
wwjLWqA9ks7SRRA8,control
J4p7wGZvnmvg4LaY,variant
GvwoRoEBcPyGGwB0,control
pKeQklurnGuzyNyI,control
X028tbO1YlFQGVEG,control
936tOKKN283nJlzH,control
fTm2vIsKwXFRkd8l,variant
3YMDjYxwaVd2BRS0,control
cVbO5fPqKRwNuREl,variant
CP7mzG7HtU9jaZC1,control
9vXaRh4iw7tHp2v8,control
T9wanZWwL5NXhFNb,variant
Vm6ATgcu8haqzChL,control
YQhhyPP172SAvc4W,variant
01ULWx9GINChkp6G,control
kCWSxbex0RUgEDfe,variant
oAI1i9w5q0wTMUC6,variant
MST918kXmlbP1kVW,variant
nvuSWKJyQW5cbAGr,variant
VkgKXJAvEN1f1001,variant
1Ggf1aMTLPXVRCkB,variant
3NoDwl2BED6MpDdG,variant
4G7Buoz8n4obpK6k,variant
kGbGctGzWHnZCbXh,variant
AhgkZMD1MWUuugt8,variant
WYnteE9l33lbzdDH,variant
KtbSIoYVn2JW011D,variant
R5AbuZnAuwI9Vh6l,control
BOGGi9ojWbcwjsOr,variant
IO167QiEDKZXlqAu,control
WV1A1n2O1mcxFK3h,control
IwpJiM5rW1ELPKUH,control
UOfJ2nOxGYPXsC0f,control
cruCZ0PZJEhFpvbY,variant
oNqm1IyjSkGnHvRd,control
RzajJbCyw18D7ymN,control
HI9oMPtQvy2nsTvw,variant
a8MDeDg98mEg1CYy,control
mV04oYDgenDwpxQ3,control
uQDl0SNDLvbwPwv9,control
DAHkCKfp7tjTLK6j,control
Ry6vFqzpjqbbCT6d,control
D85lHnxx6ryyOyBD,variant
2yx5NMmbHpVxXbCM,control
Mq6wlmeo07bfJwmb,control
3eNpMI4OSHsQ9zPQ,control
qWIlIKfZjQwsZQ0h,variant
icGbHIrAWRALM7qi,control
FwRnkdYLYVpJyeje,control
Or2wLnZw8VI4GLaf,variant
uAeA5RfNyYe9oTVL,control
8qqVGrJ1cyIStJQE,variant
uKHL4Ka42EwQLWkM,control
VtKgIb6GNxMjTi5Q,variant
GYunXwlvBAjrxcdD,control
uvBiROOp3KenZnUp,variant
MQdKnOwixkBsslUH,control
lcD5UTYIoQviBCMM,control
Mqd4dgb1KjrB6TII,variant
YDu5ymgftSeLRNyr,control
xohmMVZ7yweZvUvy,control
2UadZ0F0zJoILAnH,variant
7y1AuVIZfIz2oezG,control
y4qZRtP3b2hsCV5s,control
ihWoHdALUmFIZVTJ,control
j2wwdRedDOZGVNm1,variant
rFG599gnNVnjO6ZM,variant
KTrsNPQKUc32gg0Z,variant
1L163fjZ55RJK2VA,control
SaaVuK6BW2MJbbdb,control
aWNrOHA6J2MzkNcW,variant
BJpI6ZvpGmW8BRp7,control
bzPBcRuF4fexawph,variant
SyTk4lShjILuYrr5,variant
5ztyErp0S35QrVng,variant
7LWCwUP4WH2qSrsb,control
CbrMPJJ3uGbjo9lc,variant
9diTPjEKk8ATfQDQ,control
ISrXfmLlgniIUgM3,variant
us6A8bZ73nKGRlYu,variant
DvbCxFSl226g0bNs,control
YrH9bSLNsfYOUqwN,variant
i9KLu5uAkMDBtUSU,control
TLd8rX7CJA0aIe3Z,variant
f7JeRFMSENSRPjEh,variant
AC7nwdZHOL8AsEcC,control
mAQ7FTWXK4cMf6c6,variant
ZmkA0bNRl2U4NlwE,control
4j0IfyE1D7oTcr03,control
3q7nTpYAQKG81tyX,control
5nKe1KjjinGCxf64,variant
zMRUVcVNTFzcln8s,control
dlI16wVcc8MP4pms,variant
BL03i3TqghKZ2l1B,variant
bVBy9AIoWV7IU9GR,variant
PwAL7h9ZLYd1Vep8,control
r4SSrhCuM1AUbdVl,variant
pywq88ZPUYTau4Jb,variant
w7N6bQ6jQiCz3J7C,control
duGE2BJGddGnVix9,control
ygTBeTm2b52tl0Ag,variant
Hu7rjL53MRupYtX1,control
TUNxU4uR5E61Xjtn,control
sD4pv1tfSQGOsegH,variant
to8La1eH1u8nq89l,variant
AfMVyASbvF1q83Kb,variant
0Z2z3GaNQR9J3Mym,control
M9JluwrmsITV4HZ9,control
3a4TvBdKgklN0MIH,variant
rj7Y1o6zWYcmHUq8,variant
anax147kcm2vOUO6,variant
DygyMybH25v10a2r,control
p3jE2V7mHHP37lKN,control
qO31omThqkNTaFRZ,control
jRY6oc5ihj7hpkw3,variant
35vNrMcheAesq88T,variant
r87b2X9gWXp2grRz,control
CpTMDyhnvZnAINYl,control
QukciQ2sP8wpdFad,control
6zA6NpDLGpGtEVAF,control
vJAybTLwZlKTKX9V,control
uVPkuKdzt8gLUAU3,variant
qFjXk6rbIfcgIUmL,variant
bbY7hiHMECWUJvwm,control
IRc80YiVrz9CVlMw,control
sxRQRDEsuWUjd9r7,control
S9KtZJ9VF044ZAOx,variant
C0x9CMrjU83iXklb,variant
ziqITcfQwIohFHkT,control
cCjrrlA1YsOGyR6b,control
bev3GReB5nNQXjOo,variant
jdQ2W8rqE3Gyl2Uu,control
qtCcg7GztQKFIuZ0,variant
O973hbYVpAJjBq99,control
yorBbNPEEyarpPKO,variant
PKgfnvXESjTN1TJ2,variant
O2LHc9wQ8qCacnkD,control
upT97Yi2bzPcolsO,control
nowkQcQa6duytjrG,control
0IycYXmIy2rYDNTD,control
5xzaGhlhknrRNauj,variant
KCTNx5RJroFLQStH,control
iO2HI43APrurAEBG,control
4oSU2JsIFSM574l2,control
CHpvh2lHp2U7iA7U,control
IksEo04AGgwJva5A,variant
ZkYl7uhmKGXbimzS,control
2UZi8o4gQ442KinD,variant
YUVtU1wo53Edy9Ys,control
7KHaOENRIAuhrwOJ,control
CpX4jqvNbPDRMMSs,control
jtxf6S8rp1MNNpNo,control
NfGVmdFXC5gGe5Nd,control
gpKWk6XeC22ycFDt,variant
Dc8R3o7OnNXjqoC0,control
HIiYq4bzLQ8BDQ2i,control
7Bpxvt9Z9nZQFjbg,control
aKoktXO7GZLt5jFJ,variant
X6l5yiW8qnxO6YSc,control
XOprM8XnjjfcWvbM,control
l4aZKmFyYLeKrj0s,control
HDFkvDafn3c5MoE9,control
7s89vgAIQeTIJK7w,control
Jd8bKITd67V3dfYq,variant
dv4ulgVBTmQQGNmd,control
3yYtLIiYDMwkoU0v,variant
qUlYIHa4Fdxg8lvW,variant
IuCWqBPUOqd3OfoR,variant
x1h2OAEir07bvt3P,control
dLR9mWtZfoh89DJJ,control
cAD6CpNLtS9purO3,variant
Ebxf9TqzUZKbzRKa,variant
bGkDH8AQHgMMbDVc,variant
bDKCI5Lv6Kr9NS1H,variant
7SWLDbtRpdVmniRn,control
k5jDg4fqm6U573dz,variant
F3ck1t5ZCbQdFWWu,variant
qSmFYcPVZEE9aBwZ,variant
2eapkJKp68lDRd2W,variant
OL7hh4uNhConLjAN,control
0APN59IJkmI0uKRl,control
XyB2R3rj5Mce2lnS,variant
OFPGfDfEbzVF4eTV,control
OQpZlouKuyqh2DGb,control
GZBzOaIVQMtmELwl,variant
fxHGgYnJpTwrCgdy,control
GYxwXuMu5VAq0zsG,variant
56VZgEMobSbqHUTy,control
VkRigkY3d8Kz0HpO,variant
UD1TpfGXotl8xNFO,variant
GVTlo67hdAK50n6M,control
os0ngfHx8yOyXUoP,variant
cJbvBFMyaRweVIko,control
eLdRjiG7PfT5AQBT,control
QHCF247v6oAj6y7k,control
huhKxT9Vw70xm1M6,control
eoxk3qhPx2LAPYg6,variant
ZxAKScvVLvNVWCjq,control
PgQINcmfqbM7LGPw,control
ZGynIDiD9g9hgPAy,variant
UYxBHZj8Jo8LclG9,control
z3O2OfcAOnWWXkZY,variant
q27TV9Zp7QaV19fo,control
Ggh0P6DgN8Sn82cz,control
R5HDD4CKRyd96ah0,variant
Z44bq3O86ZQWwuCe,variant
Fu5igro5yVp8tSKH,control
YeGaVWgP7ddSm6IQ,variant
rZ8QXTkmQEMPfLXk,control
uzox7rhOIBCUZT93,control
bra97bSSnBR47utH,variant
HT1MdQBMaSh87pYV,variant
SEg2YebOV0djIaMc,control
QSzq5PhDhCY5Yrxi,variant
tZRmKseJx02ZHUhT,variant
dR4LhiOVO2EE7YNg,control
yme8ZrgL1Po3WS9G,control
ZE30is7f1JFB69XL,variant
jITxHYiAHoAAFSAz,control
RqpIzL3DPKnrBNpb,control
tDi2YaA1itAMIGmn,variant
0aXgUG1MZZHT0BgT,control
ZxoxAM9cjlOChjqi,control
2P5odugVhTtgTfin,control
VJZCcSExxVJI1y3M,variant
2uoHic4jXo89pmRR,control
aU52GhpVIY7nOARV,control
aMXQDIjElNIHMFlS,variant
BsxtvkBSNteYZ5Ng,variant
vKOClCJIQvr4vsHi,control
jsLiYBDyrZzs2AJd,variant
WzSc00JgjS5dgv9D,control
v0Ckp834R4fKmGUY,control
hkGGRVNATMr1SFSO,variant
xvX6ccnFipye9m6E,control
uN8YiuijORlktXMG,variant
ganSuSWhq9S1Wobm,control
ZCBhIxgBvzqLf53k,variant
LbFzEFIbcGguVypw,variant
qGrMwicVI9xfs3nc,control
fqJv0djFUWZWQ5dm,control
sT2Q1LVzDQEYLlsw,variant
XTOjoXqZmxpMLDS5,control
R2od3RZjNT6TFuCD,control
4gPCj1Xv7qrTe8Mq,control
HdOhzyJQMkcRNBM3,variant
yvmdBsc9A86kfVE3,variant
Chk3iEagjimArpdD,control
LtO5lBRaiPWG0aPi,control
v9ie1bnlCpViYF0x,control
05tt70YPQZetpslq,control
HAO7zXHuPOcOJCS7,variant
sulRwUB2lb6DlMMr,control
549xlrfh4WoRgC50,control
ym8FlVysP2pl7IJx,variant
GJdIX31Xh8hgNyVI,variant
orkDCwHspfOoiCPb,variant
UGLw3mtg4qYuBDw8,variant
uWaqFxgIJn39lMw8,variant
n91yvSWKChkD6vou,variant
Uy2mgWrl8UzeYhJ2,control
evwhYsHf69XWq4qo,control
MKEv5ys1gbovTL0g,control
OwbZGr4Rg6x3klrK,control
a840aA2iaBlWpWg5,control
I4OwIpVPhVpfJ3EU,variant
BIqUDZiwSalqTGvj,variant
znyUksQYBA72kvyD,variant
sMg4fi1rEf98T0vi,control
Ev0uICu0958IwNRw,control
r6waYR5t1piyLyLg,control
Tp1I6E8atW5AaKxW,variant
ek3IC1wjDExnY8ka,variant
Rz3tbGUS1SSqflo3,variant
cvLuIRQAfkqJEQm3,control
VCLtLWIMaRXmActB,variant
fTTi9SGdmZLaTyaF,control
PWsq9ZM9OltvSEHw,control
R73sWbbLMKlBkPWC,variant
uCC9NPlbNLGSTjOk,variant
phU0TdRBqr0eh90e,variant
IwvV06bJcBRwiswm,control
TieND37wGuVmPOVO,control
lv3diEXVbT2JkCJH,variant
U4Xilu9egRK81Yco,variant
sWctoLkndIhuIdJn,variant
Rc4th942Yna4tnYB,variant
MS5426iwpVANhB3r,variant
Hb2xjWN6hecGDZMg,variant
SuLmy2b9bboo6rez,variant
DneNuQhfzd5ZDI4A,variant
ARQeNk9QZ9IkLL1X,variant
18eKYKzGGw5gFipi,control
RQBwlPi5SlisJGmb,control
N44Rym6mGANKsvZq,control
YblGBzyBEREAYR6a,control
IGaiGR0KUooWCOuT,control
r6p2COA67oZ07UiB,variant
bukFvIPOpE6jNJuh,variant
UP5RUGNvDwZoU7Q1,control
zpjJBPzErqVZF7M3,control
YYeP52CJMXkG1dV2,variant
GauqHCcWxHbENgYC,control
80YkQ0yskSIGeIcE,variant
ldFXXxYJbelyOx4y,control
RS4S5rYtGCCvlHde,control
Z15jv4y9ajoNE0ql,control
eLVMYiYqCY2PqTnt,control
2UA97YMV8twi50YW,variant
sFZlbJuNQk8BleXo,control
FqOJnOi9qRg6FRRf,control
pbjdeKMzDbYrgTUw,variant
4toZ1BTcc42l4HJh,control
iI9xxIk3fyai83lm,variant
CTFEzNxoP2YfCEpj,control
3SNdChNkaQKwDoCx,control
iQko8RTLVzSKxvri,control
CFlOqy0nyAmKj1im,variant
gn7J1Nemt2BYZoM6,control
uqfTTyjnsZkFjUHY,control
R0CCvXn6blvaXlld,variant
q0Vs5aZqHQ5g9GfZ,variant
fFBKC6QDveCbjTt2,variant
9Z0rS8I0JYrl4XTy,variant
JPO4502t7Vk5tGj9,control
yjxOGH6oNxoWjevK,variant
1Ewkj1IvO1vKAaek,variant
GpNDBCpahdYJ98rs,control
JizbcBS7tssOKo6O,control
fP3am3WT4cS4hwBG,control
2HHy9O7aQg0LBqL6,control
VDaBJrbGgVS6XMrg,control
89d4qseM2LKmlKdy,control
ENoB42kC6e9QPbtv,variant
NAu4tF1J15VTc6hD,variant
dg5xiHIi2MZoWl35,variant
486dqiED099LruqI,control
qqy1mxou7lnUTByB,variant
EJp5N9187Ck9zAD0,variant
KcZjFeizIepmDk4D,control
WudqG27EfGZMQ1PX,variant
AyPsbanRoYv5q9XO,control
FGaOsL7YX6I5dkWc,variant
2b2JwkI25C89gsfy,variant
p69w0kGhJ6XyImfI,control
T8MXdSQPp4kxnNh2,control
DEfx2aL3TufoFrUF,variant
lkHbRvuffldglDig,control
VUvA7ILxnNJmKZXk,variant
FeqbFwe5NLhA99bN,variant
43gNXvg8UiT6SILx,control
J0rQzMo3vyQYyOyL,variant
ygN3RxsvTwttgHkQ,control
hLkQyEKzjGgJS5to,variant
pI98u1INVHM8aiOD,variant
urvRzlEKQJVRbKNp,control
X8w7If8Jv9kH5umS,variant
r3SRDOxaKBddnkwT,variant
lV5UPdaYN9jgbwH1,control
3YlY3lSphPfoWk9Y,variant
Djwr9iiXfplbqzie,control
BDq9UM6sfdRY9L31,variant
np1KFEeqdQxfD2Rk,variant
Aixtm2BUEFIKsU7g,control
cND5ESVN1iHvAZ2A,variant
GZSSQPZfV5AFLvZ0,control
mFARNDIm19aPAv48,control
UQVx0w0IiAgxpwgN,control
3vCtKfEAOKi9y3PL,control
GmKAspU4nTdMvU1K,variant
a9YuXDATHCdgG4lG,variant
TxLa2HqNX4vWVAoo,control
3wlAW3XNiUSCKu2a,variant
0laAxxWHM274IXTj,variant
xAgnIQoY28RF6Ki5,variant
MUGGLFueQkC7T9hA,variant
3TOQQZ0VlgIRfsJP,control
NPpkJ6BS7ZwI7I6q,control
MQdVgVr0R9w7BOPJ,control
LsX5R6XuIXbYqkm3,control
OBqS0xSHWKnWfO3R,control
vtwRFvMXw5tKQTM5,control
QHqou5aSLHCbtPX4,control
RYmhw6VkwZJBqhaC,variant
ZcmGwwHzehq8yw2B,variant
HhQ7smzMYfmWZ42w,variant
J5QqaQYmB2nVngKO,control
QrOiLtuLJyQbRDhy,variant
DDmEFJO8CVHszetn,variant
QCctyOe23CX8OObf,variant
J6aEASKT7TsaErgW,control
FIF6aGlSx1doFxwy,control
Wzufv5SMKkKDEGSl,control
A5n05a5SXWhhNCzz,variant
WtRQWZgFP2W5r6v6,control
CF1WtEQOhQJYh8in,control
TG5oDDNEesVPkKjV,variant
JG8xoCMAtJn8KWJK,variant
xWQJ55CoMeTGMSSa,control
UHN4hxT1wJ7mKTrj,control
6dgJvQQlxUKhtQry,control
XwLrY7Tk6MnV9vSL,variant
2oeWe4XPsH0puSF7,control
01sxIr4nvMDlWlDc,variant
2NFABr00yoYSVAoD,control
k6S0nSBh8knYUvyj,variant
JMxfGv7tkYIIaPzn,control
WbTeMouCYuLZJnGw,control
htLULUaPdnvlyZV4,control
Zgg3MfsU5w71jRhJ,control
g2chmEmzVVbcoWb8,control
6qLkefcwFdUCqEIV,control
u8wVE40a0kagOm1t,variant
fDWZfHItLDYG1xEp,control
NpAJvoTa1BGJoE4f,variant
d5tdjgA4f2EJAmk0,variant
ih8jbxIHXkZaeAgX,control
KZLaFqrdWmevzdwe,control
im9idzn1bEXYzbOT,variant
RZKbNB3wgMNZv733,control
JaHdOI0EG8eQQkFU,control
aQfBqXkOA8lmEIyD,variant
JuV2JBAljzCSfyhk,control
8qLUmOoss8jBKyoI,variant
pKAe6xbNW0I04876,control
G1PF7FpSLSRwz5e8,variant
gHXj3vusZ3PMSymQ,variant
s1gEbRSdaZU7XwUq,control
vIh372gayYxXGkFC,variant
aUhSCE4IgESX73FD,variant
88lIjzewiG9KDGbP,control
dzDIjEoufa4jb3iq,variant
pbpI64BYmfy6MzRT,variant
1obvPBqwoL3HDaOp,control
yVT5wGHipKXVeWP9,control
lewhQIptBDkXqjx2,control
EkUhEKKGiT6cWmZB,variant
Z8xjPKoPBKam6d3N,control
DZct1I9AVlSYOpFY,variant
GpCAEY6xEiSJfDzN,variant
gh6kcd8GteHnm8WS,variant
0xDNki3mmFgkWPaB,variant
hoevtd5SypNTAClZ,variant
gx2eUPGLNQfhvX1n,variant
imXFnIy8E2WQSZtP,variant
Kg0jfyXfS17qvwCg,variant
I3MZtzCCgHemfFJG,variant
Q6GsO8rnuMHEqgug,variant
avvwBN9T4DSjlSpu,variant
mUdKDznK6yMAnbbG,control
bH0y26SKAzZUvZ9U,control
5gmVYBS3BxI82GKi,variant
XcZb5v9uKxn1Gq55,control
umRYRNkbKB1coTxh,control
fFOYI39mBPd59EaD,control
hNT06nRBHMdxAPk1,variant
wPF6X0dsgGn8mf6s,control
2i9I9WYV4zdVBAY2,variant
RgZ4iH2h3jaXhSMT,variant
MqrHIYcl9dJiIcyZ,control
1zKVAB5sx6KNRLyH,control
op25dzUM4UzVBWKL,control
J98j1GhLPJu3SXt2,control
HLQBFliQomb8tnPo,variant
C5uj3005O5LuIRq1,control
5R946dnNFr6HFnJH,variant
fNIoYtBKYLuxjJ1i,variant
vPKpQxdR1wPv3bB0,variant
stBPxARb4g7akY7E,variant
Dmxr5m2qTVDslzrl,variant
RXPbtfazgF2Gj7SO,variant
oExCrgHntCKPEswg,variant
f2IC2mMyHsdxGQbb,variant
nXkH2LBMvPGLZE4n,variant
LixCeP7MAhC709lh,variant
POu3VUina2EpMAkb,control
7EX7x9McV5dDcd5m,control
0njnqv8TKuycsFoO,control
9xijVF5NgTXA9oRu,variant
jweW65fvB1sWnVgo,variant
FvTusmvjTT4Rx698,control
hhW2WMXsPr5GVKCF,variant
hFlvtSzqPHEr6crt,variant
Zu4I1P9QD8J2doVg,variant
FG4mq03NLf6XdohH,control
1YDwixRh4XfymHyr,variant
iGfnfrQMzJJk4roD,variant
OyplnU15m9MDJTpa,control
OC4Am9qBt2Y0exiG,variant
HTAKGVLCLItseyCz,control
TYb8oSf5aiQpnjsY,variant
hVlfIffIRk6LAzBh,variant
yspX5zRoMlxm64qm,control
qQaktERIMfIBY0ZO,control
RapWSlB0ohdE4TD2,control
IfLuD8phAGQlQSPZ,control
w1TMTYYagJyuK4lF,variant
WL3paR8z4n3fOYtc,control
0QlGWXSasb5wShH9,control
dhAzGQNSVNXcijCu,variant
209PXrq12uc9AFPC,variant
UCziA6lpU3bYMAiT,variant
bP9ghLf36so3SBDA,control
jSEaXF8pfb9Pbcsd,control
4OQrrUTS1TuuMDOq,variant
ee0ikLVNn3Lf5nhD,control
6aymAy3d6U6EWrqk,control
lco4feEhjclBlPDs,variant
uqnMYkCXgWaOgnpI,control
pumrCui58E8KSqE6,control
xUUfFEr61Vic9Kgz,control
mHQCGeJo4jdMKU8K,variant
SLFxtVOLNdOkkpOa,variant
GgcgaGgdr0KnZoyr,control
dbQztofKQPmpPLba,control
eDEQFccP9eIvF6wL,variant
PhdfASsPRR2CLRfc,control
FVp9Gb69Q5zIB8QW,variant
kTxpyw6MIy8O0MSG,variant
vja5TLvFwDwQ5Uls,control
gAzrBkbq8TCFXo7r,control
BAOYUGRXjx5HQAtO,control
y2WzQ0uX2mWG7jBG,variant
k52ntJOthoGsVlqG,variant
YtTELY33ss9RmLWa,control
kAK5MaorQyas3Hjl,variant
78MSbFYz4t72f2gb,control
qz1E2HrO7Qnewatb,control
Q8TKaj2XYeO5Smdx,control
VA35JQJbF3qlluhv,variant
jt94BYyWBdSzmsHS,variant
pSd8tOzRLDfLm13J,control
qAING0r5tYGEK4sG,variant
qGJeN5USAg5ndXrH,control
WpALtTsaRw9ViBtp,variant
mGcopDynaGKCK8ha,variant
x6XaTQ3jruj9vYSi,control
iNSMu5EbY0xGka2W,variant
YhiuUvCNcWyr7kDy,variant
kHxVFcSy5St3tYqt,control
r4nHpFhP5pMLdI7B,control
Q8PnebSXxcwkL3Ia,variant
ffNzImyvqncdI1U2,control
BQbSV9LUd7UWlHKR,variant
ODu3BPXeGHFAcNRP,control
YRdJ4JO63ZcX33aM,variant
NMARcJKDajcLcKZH,variant
ZtksAxfa4sZ5jRF9,control
2VKJbKnTm3X89qA9,control
1CmWyxVJwzVJfpjM,variant
4AbjVhimZhATPuOH,control
CDRpaSUCPDvotLwE,control
4q7IbU0EzEhpl03s,variant
9R5mam8dY89SVEhA,variant
h3YxvNCiqaRFtayO,variant
AwrZEBZPulKxYMWG,control
Yq6GpYAO0BJgH1T5,control
ad1zt2YmIjhrqeDE,variant
M8Zxq0HQIo18kHho,control
J52Kw9MzHk1lhThO,variant
eSjcQKv4yd5KhDio,control
aYRmdp4RUanA9zUF,control
N8bpBWzkwDZ7EbtC,control
jr96EdA7rREgsMbn,control
JQ2TBLcC3A4VZV48,control
cVDrhjvxc8nUxA95,variant
5HEVASC2CUTXVlnA,control
UbK69S4rmiC3jtKC,variant
fOz8v1QULzqaEiz9,variant
X04f4T9bPAaDrHua,control
UFQHU0ne2J91F1iS,control
IykT8O8m8DHFDrM3,variant
cgM2HhQV5FNne2gj,variant
t9uBCfLPOcKqGjKG,variant
6BwP3T5VXYTjhpQF,variant
9WSyKopPqAUzhOOk,variant
Ai1kgBD92JYiIYmV,control
dj5zcX0QqWAvRJhG,control
zE0kCCLK65o1Y94o,control
g5W05CGTY1p9HugR,control
CiWgnDxYHh27aHtE,control
ooYHe1v2lSE1CvVh,control
7KBukkwPmQAwYG0z,variant
QJG0L2pjQ7VORZqZ,control
QwaCyfjN1nws30EM,variant
MLsQaLm4XH5qFWHG,variant
RBR6C1KxVpmzgRnZ,variant
FOkFkt4ZHUX891vw,control
ClMECElIP24OAoDg,control
JTxrxFlBkcKcCF1L,control
E3aKuTOPt17k6j2c,control
7V1nSSEI71Wi1f9C,variant
ZT0Zv2WTcb6BK3ei,variant
9FqkLIUrJs6yT74N,variant
Ew5YnAIm2JxGWgiX,control
uFbR4yakpwoApTGM,control
hVaszK520Ucxv9aM,variant
iGwHW8WIWjFbgxc2,variant
lMPJAaTJFA7REGT5,control
Fd0yMC4in3XeZqFf,variant
eC58B8jwW08sdTFt,control
T9B187JwcxbrWFVT,variant
V9VDLA9L8LnaZaXN,control
hqanQRmDmc2vI39n,control
NSvGlxe4ib69ETCC,control
1J2Dv2uOWlgyhGpN,variant
SYSjlv4gSuN3Lvit,variant
mYxDOZX14ry0tkNH,control
wzwWPU3GyHzMeCDS,control
7AK0yQjRH4lCMssC,control
bzSKVYHDlt4Gi2bB,control
Husnq3euv6NtBFSs,control
BwGrITKPJR9szJQz,control
gwe0wJFoAqt4pVP6,variant
9B8E5pnUjbGOvbgZ,variant
O6SRDLMs9ULqKjoe,variant
XLQIdIaquT5ve7TJ,control
LitT4P2SntzdYMtP,control
Zkg2REXhwVoaUjOx,control
oWVuvxjwpeGJyN5z,variant
bHENRSsK4r3XcgwK,variant
aXg3vcsDiI1ImzSY,control
By3MckD0G9HOceEd,control
h6qvLxEWZWTyL2F8,variant
WzJAwtTA0qncNAS9,variant
7nBRy8Nk7Zl5Gt1H,variant
w8s3J4Raja9e4vQb,control
iRgVug6i3Ni6YWlR,control
JijWjRqLdpWVJAfN,control
i57FLDnSXCBvEqqW,control
81oUFBkMqlYYMZiy,control
zd9smC1UiP9Nggui,control
XSAVueehomGR6UFJ,control
W0wHrlw9bRAXEVve,control
qQgrbEBciGB7B3ro,control
kyeOTAlji0biU3Yp,control
auX4KMaWUNnNVRFx,control
MKGD3zQ2RnlRcgu5,variant
AjjJqPHrz7bi1Sez,control
ZOoyzBwuvsXjPJEE,variant
IZ5kqGvQzJVbFc3L,variant
XwXaeR954KarZerI,control
11FzGPxA1sroA4kx,control
9cMglGvInzsu81OS,control
EeIq7FYdjD2KYi8z,control
vuVw8lE5qN2Su1UO,variant
GoF6IoCkCOYvzryu,variant
xX63B0cmLfk3wiW3,variant
qi65sIFBBTosGwBd,variant
UUEIe7GVF9VVo6KH,variant
NUiOIUxrqa2kGf3C,control
5RtrnS6Qt4r0Arq7,control
yef1NJGoMpLMxuLm,control
CHecuicR9DcWU997,control
WMOXHq052nWk3aaZ,variant
oblS4Pbw9HqOnktR,control
ga3VoSLHiaiPbvyY,control
7nIpsOEbFJ3khVeH,control
FUfhHdJRyzGiUhqo,variant
P1mQV5UXRc70314l,variant
C6aFKth8KEEyXNSW,variant
hDD4AIXRmuixVGah,variant
9cnnW5GdLyU0m2O0,variant
MyLiLQLI0C2XnLHy,control
PBYD2MKUP7buHsNL,control
EzlDzV8EVojJNzi0,control
qf4vpv0M8ZddinPY,variant
zcFkYcmRm348xtjw,variant
ZPG2In0pDsGObXLW,control
htcu3au4XhbwO0kp,control
iWFUMJwUW22Dj7ER,control
zVMPDbC1FRY6LuAZ,control
xHwZnMe0iSUKhgDl,control
tC32ltvTwVSzSUQB,control
2NiebPBmo0nQTM8n,control
cj0LftIVQtW3Rcdk,variant
9O8E54CLt6xwvvOt,variant
T8LVXOgxXRKTynCc,control
MCpuvuviwWiXTFJU,variant
JezdxOQnAlrRibYL,variant
Fm4U2xb84VLTsUrR,variant
bz4ZxVA206Z1C5Uh,control
0EHndQWC41MGuOWa,control
AbY91Q1jjDaEIVCm,control
iNQOkxy25mnOc1fT,control
ma7Cnl6z5wc7nHw9,control
jdMWjxHx3yZolaP3,variant
i6nO1Ex30ZjPQrc6,control
lIR1wvkTWwlCyx60,variant
dKCcEyUKw2WvCJYm,variant
cTvW0Jj3i32shGtD,variant
I6EsX2Tnjc2HYBsM,variant
zdlzgcz4bl68FY7L,variant
kF7So1fzhhLhqMs8,variant
cOWi0T4GFFfWW906,control
C9KqX9sEswXUInaW,variant
GWJatvIclQK5mlb9,variant
ta57OIxZLzkZZQ9o,variant
fNiXfqw5EpY4vpS8,control
lifdLq53jNIUu0sA,variant
kf6OQBcOSxKmoiMI,variant
5S8rQ0cBpPOUQ5wF,variant
j53L4LmoBmIb8aOF,variant
Dvd0TxnqnNMO9ZAu,control
NIzE6GWk65pfH8OF,variant
uCk433eABEXk6mQf,control
AD0Vsn5i2SBBTyz6,variant
9dcHuqLHRlyurJft,variant
0tFEtY4DcthuVw1a,variant
bjK5DYRxF3XDL29n,control
2cyS9gqOALLwFbkH,variant
Z87U9HgjybWDqCrT,variant
7Iq3UvYytpyoKo4o,variant
3rKaGcWv1uTOAdYI,control
ad2xTCvwunh5pIx6,variant
zgy8LSzzDb7Q0iMR,variant
kolIX3NUpWFr0Sup,variant
geROGEucj8kvqXyO,variant
BXtDEmjY3GOtVn7h,variant
hLBj4Nn9YnfHqu8M,variant
BLoJJiRI6Sr1qrd4,variant
Vt5mkYQGBhQt6rg8,variant
RGY5k02DIStKjDr7,variant
yFMHR1MEBzRdQthb,variant
XXAH2JuhwQheNa9u,control
RQjbu8mRX14BDrPb,variant
5s5uzTysyO4t5frW,variant
rtMHjGY2sbUWcDMs,control
u61RnEuq90YxKNOH,control
Utp5WPlO57xmH8AL,variant
u0cWnQL1KOPR4DSj,control
aMB1SsDtZtwEFUZz,control
nfGh7dmICyH3kLCS,variant
v51HTkB2hxjoSMMu,control
JJXVt2mbUAgOzDsN,variant
u5zjJR8AhzawiEgi,control
gB8H0ZpjxjTCyODY,control
s0EDHBZskBfqKAQJ,variant
apdUwFc9RuxokcsQ,variant
hYHHRNLzcFQVQjj9,variant
Wk1nEiVfW1941IHQ,control
3rwDc8oKQcocCEgg,variant
2kVB7JQTNyq23XL7,variant
uZtjflqSGJVseSP5,variant
CKVDaloeLktCnzHj,variant
A4ROOyjM7FHwGFvv,control
0wswv9DsvaH7zdVS,variant
lBKcBCtb3KaTUJRP,variant
riK1yOs9yZWoT3Xz,control
TtcyuHZ0LxOyaCFU,variant
aI3pFUoejvQhotyl,control
zdz7jV8oeFFvvlkx,variant
QSOppaYwBFY90JKc,variant
YmBB5SxYmxeqXl2W,variant
rG5E2HDSFjEIoA6A,variant
2aldw9HZ4wYs6ttC,variant
mBx9vvNkhFxlWNuc,variant
MS9rP59fJSoWSo9L,control
YR8ZZxgikpgynatB,control
WLH5iV7tQZLEuvmR,variant
UyvL8Z2tFp0tOvPL,variant
SKoliKRoR31vlAsU,control
yjI4RlX8hkMswxot,control
y3njVX8CU1WW5lGw,variant
nwW0KvCJbteAcrmv,variant
mlF5JgfNKfyAe4si,control
XNaTiMjWQWnTNyXs,control
XqrTNXiafLLM8qi8,variant
k03rSTKgIRgMk8jH,control
xlivLTFhVupGPyYM,variant
f6dwiJk1IlIg4Cuc,variant
8881xDAC7DJ2wKzX,variant
JBKYdCRnRSKGYEny,variant
iyOTyDtwaouDkXzZ,control
DieUUHGH5aYoE63l,variant
gSGPFY2eLe3qgyyc,variant
ZJ3BwhEuSIOOP5X3,variant
C7cRybROHoMMNUlZ,variant
ZxffV5KzcFTr3BGq,control
FlKubzMqZJHs9FXv,variant
XSM15rYxaObNxNZb,control
8AbwGH9Fc2AlhtZ5,variant
qSG2kiHR4QgpAoxK,variant
WN5s0wMEDg6S6XXc,control
LVD7jHmMmyOHN9NN,control
HocZ6TvHeOv7ChHd,variant
1Zy7XwyHRfHuRD63,variant
coussWT9H2ndETkR,control
SkWd8p43Lfr0yxZM,control
UiKHHN3NK9BXVkn6,variant
z77hBt7yj81kzwsr,control
XsMNoptskgsxEZVh,variant
X8xhmjsXw4PGDDCK,variant
8IihVy4PYT2KLhzk,variant
NwFSaWV1iNBGFhKr,variant
grVldmkpRnpZ0vrN,control
8yIgtACjktGQK1mp,variant
keLc6b0LjfuEHWFC,control
51aGLqHWpgJmtdep,control
7iQlnoePrhhydYzk,control
fGvCeavI3E9ccgaP,control
5xZKDFFuVpd6qmIN,control
H3kJyNDmxJHh2rg9,variant
WTvg9mbRbCANr5b6,control
0d8WThJ6VirXvSkA,variant
FbbDvvxAkm5AoVVW,control
qMiwd4oQ7Efz6avD,control
5vG3eJTja0lWc8ja,variant
5srSZE2W2vdO2jjo,control
eXQSqr4VXeh3TAyZ,variant
zSwOwCG61rgFOg7h,variant
X5uPqYGDb7TJvFWy,control
WhGCqNSbWMVWEdPz,control
iEjYfRzko4tnR7Yu,control
RADgKop6Q6tWLtvf,variant
RZNte0kbDhN5hqMI,variant
DaepJo2WqmxQVdUR,variant
6Tm98izUpPKQfkbD,variant
6swU9lMfQJ97TPoJ,control
mhyxEN7mCFQK68rz,variant
rH15EoKtBdh5rF0w,variant
9oRgVEFNnsXNpiay,variant
hMFhmcbSBdwH2gD5,variant
isiwkmCEhTseVAM3,variant
nvve9ZpMz0p83lpW,control
NlFeJB172YRdMMCs,variant
yIx3swEsFmTr8gSx,variant
4TqoiHIhX2kxPDu8,variant
QI6lilBCTSNIC3Yf,control
pTBaCZNfAKvgamVY,variant
RnolWOdXRQub2Zu9,variant
4nRbkKnU8tIAW7fg,control
SamLqLJLaas1YDmg,variant
QtRimMtyeVZXylz3,variant
vahJWcvXNuuEaOAb,variant
4C5P6TaPhISIgwwQ,control
TMsohGINmXEgtL4h,variant
J2nDYimlbLuCtXio,variant
0G0gcwvMmiHlHSG6,variant
XIBMcUlQm3c9rUzj,control
ZdKl0YpqNEzbC7DV,variant
UkKH1gMCG4W3Apqk,variant
nmIzZyNR8Q6lU0dP,control
VOWA1Sh2hCcuEmEq,control
VFxbPczbGHzHLnEt,variant
jtG5SV7bT8Ylpiku,variant
ldzsPUq6R8aV5h5D,variant
4YOxQq1DOZQibz9F,variant
AOkaZKr1hAribqkT,control
felRPIYxDZqUJfFH,variant
RpgFqFnzimXylSpW,control
DZuxQ6eUGWEXiWIh,variant
kqptA3nv1WgkqmYq,variant
k3dpEuGmW8CojGo6,control
Q6m7I1uDVTQPSgWx,variant
pefb4c0jxVG9t0v8,variant
FDcdYdME4iD0C1yZ,control
MIy45KJkzPTyuWbj,control
MIGOEdceqWm6aSMR,variant
wO0XyZ0EmaHC8Ehb,variant
l3GDO4AyLXGLZp36,control
Fxbbt49AvMVsgcX7,variant
HOweQcxAHYQulFUW,control
vHw2adqzEMKNGBjJ,variant
TizWTYHnOzKEULVQ,control
B3ORN3q5lAaN7Gme,control
ZKNQB5xtNPKtwceo,variant
T0eH5M65M3TwUqid,control
DVnDE8a5AbSN834O,control
jxtP92pOL71RWPQO,control
rIDKeKkdK87YklWU,variant
B2zH3afGUxHhpppZ,control
YHtn569zbs8bXzyW,variant
s7TWVYqDl4uJNBGT,control
irxFw5lH5zfewXTo,control
F5mOBYGhp2MFpSmt,variant
5skApimsD262PMq9,variant
DC7PbXVctaeG9Mwr,variant
dOGzvDzafqEVYdj8,variant
V0MHvZvgMK2osjKK,variant
9XdTXO8yBWRrV3Is,control
P10tMG6aUa3OTSsV,variant
WincDOZ6aewftTPh,control
8Eoz5GVZMF1aevEP,variant
40ehfjT9NLOUp3B3,variant
8aTZr9MRPU1MKkcC,variant
dEkDoo5FCWQBuLMk,variant
FAxKaF0aS3HrCf4E,variant
nke9vYm9lOdL9dD1,control
a8WEWPXwnIq7F33J,variant
wHULOM8vPb9tnLKK,control
ZlB3hCuMVrVsjiwD,variant
v62CfX8IneTrIDgH,variant
LP0sS31kOqkSBcjx,control
G6636zexRzgl4MRJ,control
qpErFbWjV8MnZUj2,control
Bx91NH7WOiUCSOJi,variant
OUkumWxaII8uUeud,control
GJ5hC0gaem7zl6h0,variant
7W9HvXiiSrqgMYHp,variant
4Byv2HoppLvCFQxO,variant
Xw4LwyzJXHmGO5Td,control
0JtCo91om7n77vaa,variant
E2GUaLxMv8wbvidX,variant
yoxNghAASI8LDMC9,variant
eroz26bEy8yF5vZj,variant
8Jlu9okTgxDn5NT2,control
fXThJ3lemsvlFXL8,control
Lqz9plKTpehg4Azm,variant
ITq9giPj2S8P25L0,variant
nKmhOZjGKtdaYsx8,control
11Ukv3KcqV7N5tIR,control
NokmzwNmVXpSnN8Z,variant
HZNCBALmcMLe6pEv,variant
cecoHoAm9HrjFdbD,control
Z9E4TcReHn8259Kg,variant
os1sqVNm4uQarxD9,control
gAZAcZ0pdS4aGRSz,variant
McdGXe8CZkcrDqTD,variant
DGqMpGUbbxeJcNFn,control
5L2QeKTz3q7skgmY,variant
yXVlEBoGkMFpiZOl,variant
snlxiulSKei4YtfN,variant
X9mpte1Qq19jDg4k,control
hYKEVay5BwYCvjTq,control
mp6YlVWoMsu8Fe4U,variant
oFaoItEtUxNZjn44,control
I9Ci3Zj08bwra5kK,variant
38JGJ4xyw1vGUsHw,variant
TzvcdGktXF0Voy4q,variant
vHGynTXDvvsLdhSZ,control
MjXB15ua6K1HkpMn,control
7aERQWlAqXpa2D6K,variant
wAKpxBDzxEyYb8gV,variant
wCIDCEXPbYo8ph8B,control
Nq40nuXAuFpB7L2C,control
WYJ82xuMXhBrssLR,variant
zfTWzBRFHSKyvEfE,control
aNi7luPcPTeKmCBW,control
yjHoDmK6W22en5jU,variant
HE3Y8efm1N6mTVGK,variant
wuhH0EEtIbxkdzn9,control
TPtJyMjIedWt9wQe,control
CRCTFvSQ1RgGvO56,control
Bu2YJdQfsY50kXqT,control
rTmOYkYAWpXo1no9,control
rlzPN1rz1TrapKuh,variant
Zb2sCDch7Irzyhrx,control
ezjkdjKljleQAGFe,control
w3xTb9Djam7J9cRR,control
pnN1SVUTeyL1Cqir,variant
lSWMB901FtN2alvY,variant
hlL610xLMOBlELLB,control
ivgdC803SjPudxur,variant
z3hwUiyJFgG66E9q,control
Iv5C30YrUjo34gLn,control
zrrfSQy4OlY8Ds4u,variant
pIg1PsLzOrlezeLr,control
fak9pzMWrJKzGaAK,control
vsmKX3cAIitzTIuF,variant
vnC5Eqw6Jyr6pbzH,variant
5lVjC3bpJP6WJvfI,variant
7OKEOSbIBgu9RyrO,control
SQmh0UnqmkjqCR2b,control
aUAsrI4i9yvmQCYv,control
p6shl0benpYHPjhR,control
yYA8jJMgoXmGIbNk,control
unywRafJ59WrWPKe,variant
ZaDaVnBE9wPE4gtt,control
Eikf5Q6TrCa1RGcL,control
SKOpLIzJuJsiAEoF,variant
CiRKqW7nMYN1fLFf,control
Y1Y0FWHHlieqBX8v,variant
fXFsZ5VSq7j6oXML,variant
VuNcDoAEpBSNKQii,variant
lBg77IJULaHvD4tY,variant
hSgb5DlJPLAHLk4t,control
DQFzwOxb9OF304Vo,control
fpkSTi4cgZZD2vde,control
vd8NdQSo7pPt5jGE,control
LRayKry3odIdP8tl,control
DOvJHAyMl6luX8Gg,control
sxSteDYgtUq0Hgkr,variant
DtbgAosHbBbkf3wT,variant
jGskx73BSl4B2esh,variant
RKBRQehVx3tIfej0,control
Bl0ocw0ZJgahAWvZ,variant
EQMkQ1u0oBL6wAsS,variant
plYwYgX3T4T1D8pX,variant
7FO7u9dgAQftRRl6,control
nPHZRqNtb8ul97ma,control
rnExlZy5JnrxzD8d,variant
NCrd66G3LS9bYlv9,variant
znijgOU5to38QXH7,control
ZYxbtmy4JcUl7GBk,control
qNnE44eUb7MmtknP,variant
dZU5ckZXywq90EnU,variant
rcSI8MswE76xX8q7,control
1AiFnvNnK3ZnBR1N,variant
GVvNKISBKcvTL0Mw,control
fnvJtYPwmRTSYiVO,control
fTBgsEICURGQvcWm,control
8NmNN3mlem2lYj8o,control
bLpGH2y2UzV8Nn3P,control
oILEHigYL5awny04,variant
hNfoYtqF6fMBjiKH,variant
m2kkDBw86oT0km9B,control
XgEWQvLnfTE8Ycqt,variant
gq5PXzX0AmNeaqKp,control
rBcrO0DFnqs8Uhdx,variant
CUW354klngcFkbqP,control
58wGvSnWPtU0qShg,control
WKJWdDZ1ZuQPAcEp,control
mgkY0HPk5F3SZGCX,variant
EAM9Mb9hQWUltNe3,variant
N4mTTaG7iMOHhGJ3,variant
lJsMuGQddRWk6ze7,control
DbxOprlzlzd6XA0w,control
uVKHSkcfnfmCGq54,variant
k6bHEpRO7KvTIgX0,variant
odxmCXpaHHpFNGoq,control
5qI03C3l5KmuMaWm,variant
QWxxmJe2npfbS2Xd,variant
pJ6VuqcxfsH6vTcM,control
wkFUDXJcVNNJpFJ9,variant
LvLXlNngbNkWjMfi,variant
syee1cdlzf0jANwW,control
LDK7PyR7ncZdJyhy,variant
JDYo7SKUXerFPXgP,variant
d1OSEp8S5cUWccCs,variant
d6I0p3YzLWdWHYuO,variant
6ycS39ryFtob90Dl,control
MQ14Ugvhww3lf5nB,variant
ed349yA7dCOUXAgF,variant
tVQJD7CBNcAuKI6t,control
iI54jW60uQOQxMaT,variant
QETwr9AORT8lIOpu,variant
AJ06mXh33hpwSHx1,control
u8mXYdC97duHiyOu,control
dpyNg9SeNuHVvAX7,control
8jOo2cUmz3aUiMzr,control
hoTvLTdupTyw7qFV,variant
baUiSzWI7f1OitWz,control
OHUjPDdMHiePiyNc,variant
yY4rT6kw6H0HUx8X,control
V4bmtgiYH1a0hY0O,control
ayWCZq3gIpubzeei,variant
U06VrsfAW1Eunpbr,variant
rIn5rsyIgcL4l1pt,variant
e8ExQSRx8pUMB76e,variant
moOWdnAjw8KBRmJ6,variant
FSKad9a7rmyuoOOj,control
0IdeR6LLxxNstZBQ,control
k6wouJmFj6TK6FWt,variant
MUYpM7eqJVzYdLTz,variant
tmTgxccX11pEGn4X,variant
ZVy2Y5b6Omr9tbg9,variant
1mhcnwhG3AkGkLQr,control
BOzDSjPcFJjuY2Xg,control
0y9Hyih0IRBjnCa5,control
sn1tLVJOh95LP7xg,control
QenitZzyZt3fgJ9W,variant
9JtTrhAeETOuZc5z,control
q6DwyXd3Ok9OLrGJ,control
Lr1W8pvuXREEAZOX,control
KcEHzxj4CLmKMYfn,variant
DMWdSBMj1zHC9hMr,control
ivrKUGVSVb4zqdiZ,control
jWeLWNWvOsKGWXfw,variant
nE0GqalcSJxOVnKB,control
AtoPyRfYTnM4PDUU,variant
XBEi7Vb07USabV2B,variant
JwtGDLyVpL9U6Mg9,control
RGHqWNdmzmFQl3nu,control
GOcgogQVzzl6Z3NS,control
bNoRE6KHlf6NFJjp,control
8yDNCVwM37RgWU7n,control
KbKeLTvfSgXJezBU,variant
wbNXu48bbrMATein,control
daNvoyYFEPwq9HeU,control
PDX3S0DnycLt8wwu,variant
R5eZiMvsedure8M5,control
m9zp7kcdWiDY7S75,control
l1WmuQPuAeq2uapN,variant
vwtWhTWOL0Db934F,control
smPxjUeA785Z5yg7,control
98SAZ6uQBuHuUAoY,control
eqh44VUxrXUPe1pu,variant
lqRGkN7KNkBQDTnY,variant
QuFA8HhQGK25uUYC,control
pdRyesQMfDBmUc5I,variant
8djYfaagpxdpgXyo,variant
ikg0MwcgclcgwLow,control
5PeOW09Cs9xwBqi8,variant
0qaNYiNfoUf0Ur1x,control
L2XXDs5BwxZA5mk9,control
oDfy2EkdoVxnxweU,variant
zD7PLVV5YcZrvYBD,variant
biaJ4u91BJF5f8wf,variant
7vEshhtxm97O0Yg8,variant
ZhAQcqeL7UiYfhRz,control
Vtz51cV5yokFFfbw,control
Cg9DpamJavKC9pYR,variant
iyLvObajIxXxRUTj,control
LtZl7wwi9dCAC4db,variant
9g4QVPUHlA1voQjI,variant
N0tFteCAzkC7RtQf,control
hSUb92ALtDCboGkN,variant
xOoeidAPdKY0mukl,variant
nS5Jm6euiGR2qAaY,variant
elyylkDVAqDckWGU,control
irafHeczKNfkkQNL,variant
pttz5INSPyDNyjS4,variant
IA7d79pCIuOEsRLF,control
dnaNsVF8hehWfI0Z,control
789kmyYC2tIzYtMQ,control
OURRfq3XAOQsPFQw,variant
LOEp6cpXYpde1BwP,control
9sys9chzEs2qa0m6,control
4QlFxHxPiVdVyJxw,variant
M9oy83QjjfZe7Cta,variant
v4UwznJ9loWpohRX,variant
nb2lxbrdByONgS3l,variant
8R2SsdbxSkx6Mi6g,variant
CIxcaGZTHQjok9NG,control
8FLtFhY02qTJbVZH,variant
knrjwxRk2O3BAVh1,control
KUUW9bS5Qa9OdVVc,variant
zXgvjjMaW5ZKkH6j,control
nL78bMjFCXaR49dG,control
TxOvjR7znltH3ISv,variant
LqBwpwKXJwEomnvi,variant
hn0gcJwqO2ywkF0a,control
ARBMz6iDcQE0jYFa,control
ThMjxRs90gi1FsMC,variant
pMRcefqqJPF22NnF,variant
QLmUw7lvD05vjlJB,control
wxBhtcgw6IGYTIvH,control
JKLzOjKXgPkqhgTQ,variant
8hGfTepSVnH35XHy,control
vcOr3tm9PHuCYiNv,control
ESEfOTb7glQYsUtm,variant
UuKzG5Vv6koSUrEU,variant
HCOqrFjiZZAz4uCt,control
idoZwPPpasz6d9BN,variant
4W97IIRNuKAUNm1f,variant
EwPGie3R5SLVR1dF,variant
cHP6lJUTFEmWvA2e,variant
PPzWs1w4RBbcUmJu,variant
TSMnLBeSL98qNMTI,variant
r4uyEoU4sYmFEnys,control
wsq6RpFEY0Sjh25W,control
9Sby5ARxXYxVtFHC,control
ZLnxI0shhfPkWQY2,control
mAxBcfbGp49AOuar,variant
6WpLrnWzfkby5c58,control
NDiDPuvSlP70DTfA,variant
Ho7421Do6J54QCgo,control
ZYCnjxLbg30IBNXz,control
FoQvwjy07AWzr3ab,control
FKEPlmV6C6c8dpjn,control
0YKsQWDMdU93JV9F,variant
AwsHkswTRYPN3W2h,control
i3nUV51NIHaFhwFL,variant
7QITvKAu8ZCm0KKP,control
S9PNHH1YjoApPPzZ,variant
AYd8HOkcMyyLal5r,control
OK5mroUfMml5j6zA,variant
vGQpaXQOTQak9OvC,control
HPcE4m5kXTKhjLoh,variant
1DJD38EOesWHmW59,variant
8ynkDg5bIQcGYT97,control
9FqYYBuY5sG4kGwg,variant
hDgU5VvANPJSJs8A,control
3fpx9xDMSI0XWItJ,variant
kXsNSyXvat4WIwxM,control
wLUgMRiCOQPjoV5h,control
SOTvt4r3HwBOjZQ3,variant
wjYa3CTOeRCZXWth,control
yaJRpeXXY8mahatM,variant
YyCc0C8r0rx40fB9,variant
Znzg5kueESSAGHXJ,variant
TezVZItnelmVAApY,variant
1dmrSlsqPguTM0an,control
cFikwDU2eDYzdZAC,variant
SL16gphyxOO8Y2Yu,control
Q5pOUk8hITfKkBPZ,control
kfND3nmI8fWGkaAD,variant
4TzBOFjl072JXQvp,control
rgZJbiRDB9Cs15BO,control
3yCw4jOe920GV927,control
OedK9dyFnAz7hDmF,control
0Q00CwB7njgYW396,variant
zJZA4BTD2RQ26xaO,control
Aaj9QeicCbr7n92C,variant
e3TebMwE7XpvACeZ,control
lm59hTxBKAJio6Te,control
BoJrvevqvuTwBBqs,control
mSSHU1GUpQ8DcA6t,variant
1FuT0eW35bvgPjZN,variant
apOBV8tz9oODlbjA,control
3u2pKSvMOvWqqzKL,control
LO8PWcZia3snNX7L,variant
bgLQ249Bjy8vkN5S,control
LjrUekA0A7J4mUBb,control
gFfsowxTVZBx103v,variant
P3fUdHYMAQvU1pF4,control
e6OGSIewTKFZn0GQ,control
e4IP1OUL5vf21NH3,variant
dbiDK9s7Yiepzgbn,variant
EvGNW6EsfTNQTjWl,variant
zdY6We8DxTMIeeh1,control
I2abgonmRCXb5gjt,variant
y2zPfdhmKh7NCAin,variant
87kywjgmvONW3Tri,variant
v0268UVZiPnlNqqY,variant
3xXmWJ9r0D72P67P,variant
Kanj7evOCWYF6EKG,variant
DMGj5I6W4B2PiOkS,variant
AFO5ulgvF1cl5mvP,variant
L0BZ5eD2F7St4tO5,control
iggzGXERnUIDIsi6,control
raqvl2rbxMdw8duA,control
k9xA6JA2B9UHbOzS,variant
o8xsgqVdJNDZQO95,variant
2nP6VT03t9CP610z,variant
shLt9ap5aIhhbBER,control
pkWnK7GhOHmQpJ1M,variant
uqM20HrOOQJJ2eBW,control
edcG4ZchwfAvH4aZ,variant
JAiRYynrW2rWAil3,control
YUrWnjtv6HVLeDaz,variant
ggSetXBwhUpOVfkm,variant
bWbmsGK2yVLTNr8C,variant
KkSOUSwwIcU9r4Zi,control
VtxqSlGfDfVwTgzc,variant
4yco7MdLS1u1DgmX,control
QgwRgjne9sKG90nc,control
gD7AJL1kQJpqsIL5,variant
3VSb1MA6Yab0WZo1,control
6afDR3AqNx6XYvo3,control
SuAp4UndZxmeNG5S,control
Kh3MsjPM8sE1nyhd,variant
UeJRf7DNLKO25sPQ,control
ruK7Q1qEu2k8piYw,variant
MwZcWftoTDF3fEpC,control
vNBouhaD5bxWeleH,control
nlAbWJSLc5JhbOP1,control
CSyW6d2j4Rqac9LD,control
eRk0iUnsmuMQbDwA,control
agbwEYCn7QekTOGC,control
fgSj4tiqJTf2akQq,control
47Mip0AOeLhi5mcA,control
XK183tGmZ5xXPxtA,control
rBJG5FgonIZYNEY2,variant
XEzyTfYAFl7UDxxv,variant
dsyedCi2YLN0HhkH,control
TFFWeFeFafMyATnV,control
iBXxiJMKWP3HcuMK,control
PJbqY1OCyusCcMl2,control
RYzMEhIe797AzA8m,variant
3waXB1omNeMzUgIW,control
v0i7ao0DcfEed3yk,control
9QnyW4ZACZOaTe93,variant
uNKH7b3SY7roT9GZ,variant
kYCChaDQ0jfSaiXZ,variant
2Q4pcPb7hD4r86cf,control
SYT1movsXRhnwyGa,variant
aq0rZyoY9A73DiyH,variant
NNUkoYCDkaqkCTlD,control
6RAJoiEy7oH9pwG9,control
CFFpouBn5ux4ILQg,variant
EvyTPdG6Jz1CUfsX,control
3y5jJVYQjpoWHTN1,variant
1oa39fZ6sQfYdj3Q,control
2821NiaY3qOBWlTO,variant
MpnfU74DSzteo5Er,control
mQk9RYl203ssanqb,variant
M4LutZwDafoqJz19,variant
6bV0SkQVjdsz1MrR,variant
v9PCoRGPk6tA1Yo4,variant
cpBZ0VPoNzHJAnXc,variant
cweb7LJ8bYobJBnl,variant
DIhF9tPYonzy4s7t,control
2Yz4FwnvDB97LN4D,control
Yc3Id2MHSkmbJ0Dp,control
1FowUISqrFpanbfz,control
2Rhx5MXQE4utbQN5,control
tWvm6tR2EwzQ0D7S,control
iMP0FRNl7lATzQnn,control
kH1hModaI0fYbUsE,control
0s3wism97h49BA30,control
LPio98THyakozULG,variant
WITAZltl558Kftwo,control
BHhtf7zWrntPS4Wa,variant
w95NpSMsh8x0R3pm,variant
X4DmusALRLYwpTxR,control
XpWpkzpOo5rNr5Ie,variant
bDEyQEs2HrMVGScr,variant
JZzBFWKgBFOJviqj,control
AqF3RPkSyqA52oeQ,control
3m6fPtcBcGb4K7Cn,control
gRdXuyi7ll3eCAMW,control
tC2sJGhD87HE5aIs,variant
2Tr2TqPEt3CMQu2i,control
DGrW0YjaBGM6rQS8,variant
iB7wzWQGtpsF1kTR,variant
N9Uz2aLl4iXh6Ets,variant
F2eEvt4lsKbdDw5u,variant
16eglOkTn7McwcJ1,control
MxOGFDJcfFf3Qddm,control
W6QcIRUpxNx4TxLe,variant
Zs9gDyabhd3UFTLW,variant
fRWNGKj1xJcUKAxp,control
UF30pipXpdWkxUEX,variant
x3x61xJFov6HMlqO,control
PbM1XfYEWy24BSzd,control
Co2H8GpNMe5ZH8vK,variant
j4E5nH0sKuKxFDKL,control
qTJEXXQqnfDsX9AN,variant
KEpmoz6CaGH77YHV,variant
Hu8gaarFE88rpa8R,variant
k9DO9Bzwjk2SRfCv,control
nfRX5288tkbRyo2L,variant
eozkUYGK8JOL2kI2,control
4ikOGSGArk9UD8p3,variant
xakflzsa0H19tlxF,variant
G7MjvV7UOndCfU2N,control
PM211WySh4kafLBF,variant
iHWbvMw8YZcQSpOD,control
sRzpvfKeQnxniN3k,variant
jEY1y0t8E4pKfQ6k,variant
V2Nsa5AuOn4tIKEb,control
r1uymJqTlPvxogct,variant
8QzSB0IS7NigNnrj,control
I8VoSdV5Xs3V5BRw,control
vvHNkRLVEAePCerC,control
bnw60CMhdKFWLCC7,control
acPSsnFwQzrQoyJQ,variant
Lvrl5AVtpX5TWojM,control
eQ0IqYO9DdU0vECO,control
80p2yqrKK7COAEwP,variant
y62v1mqSMZ75ca2P,variant
US4qCrPZizxGlQQo,variant
ZniEHb1VLSL5a47S,control
HwaGkVigTK5YxWh8,control
Jb2ZSZfXK4lsZCsE,variant
UM8CY2uIGu4jdV4l,variant
6jche1VJVvIwdpKv,variant
u97X77AZNhgPHDZy,control
LoTB6NieKOvMN73o,control
8I0AqsrjbbWUApFL,control
ZzFHU0XhJ7DeFhvW,control
LUakL2ftt9rrgFzx,variant
V112YlzDrdHwC8iM,variant
lKlpslaasZ9RK8OR,variant
bmdsNSGq4qdhDZKV,variant
FbyzOmsxiI9FaEr9,variant
oxaowXYtDYZme81K,control
49kP4fLy2SL4MNPQ,variant
CKN5GgrRYNIjw1ns,control
YDieMS8X5SFMNBJW,control
j8dK6BKXxHQAaugR,variant
NRonDZa0cGkwOydN,control
W7FTtptHx9h2UdD0,control
U0aAEmvgpAJcR3rn,control
aMscvUYOXagCUgi0,control
VYF5RXF3peHVFLNs,control
GCu3KYgPpmM7Krj3,variant
ww3NJGSPlt6Hf3jj,variant
cLBoRidLX6DL9Gl2,variant
I8lIPL90qGHs8tz9,variant
LPEjX2hZgP4G1UPv,variant
I2iSLsFHR9QmvIWO,control
2ooJFnD6TnB6XILN,variant
YHexikVtHMe4GB0J,control
ODUAXP7kq5XRFwSr,control
vBWPotFw3h0QrJY8,variant
wvHtIpaWRY4PZmET,variant
VzxBG8xX9c8TWxT0,control
4hRnbfl8JzCdD7VZ,control
p3hFINxESMHenKJq,variant
tapQwkWdVRwE8EeA,variant
CmSI8iXr88oxE0Ug,variant
i6pHFw2tS2JTinQt,control
m8qveJ6FCSlIdqur,variant
UMin11P7PYxmIpQd,control
cH9oEa9aGz0PapKZ,variant
XIhUIYbR0rjjSlM5,control
xVvOevdOrDTG6v7f,variant
LTVLZkTOgxhljktL,variant
RwvSvMO3c7Iprmv2,control
ifUirZSGLY5vG31R,control
C24pdJjFFntrcfrF,variant
izSYPVsfbBVtnGd0,control
BKPDr8igJ07oAW5e,control
QLevwmfUSSPHbivz,variant
tju87k0Nurb0JCXv,control
pxbEzgJKrADjOEps,control
5WJG8fpSd7Ziywd4,variant
ezAduykE7qgOAWYm,variant
2Edi5QSDxVPd8c02,control
1MCulrewq8KZ7El2,variant
VVvMZSe3Yt6pjlf9,control
w59y8us0H8NtOcgc,variant
QRSdHfuRP5ZdWlYu,variant
UHgY96NXTNuy4fAI,control
RaqeR5FrS5OIJPjb,control
rIQv2eUxFWHKWkjw,control
YLjQgV0mwkIhwJgj,variant
lEkKzeYUgJgMP9JX,control
1fuab2cMHn64yKKp,control
oVxOh51b8PzrrsKG,control
FyAuw9kuQE5IIpZU,variant
EmPsjVLeUWdNlS7O,variant
zUQoFC1DC7AoJBpj,control
Hlyh031WFxeskqBx,variant
LlEgVclzNcU0LCNR,variant
SuWWC61CTzpkLzDP,variant
Mw7iBvPBlsRsUtLU,control
tVbwruEehQo5KnBj,control
fTtdTcEXtQyylVtO,control
0QBE4i4iMiGJLvQW,control
anqxWijri48mQHdQ,control
EEAOyxluqbBnZide,control
WmunrizPRAOu3DRj,control
FfzxOZTnSzJgKJXb,variant
CtP3N2Z2iE3uICrZ,control
Dmkyztyj0mFI1yxC,variant
IZZW7ulSVYggu0qU,control
dSWGh4rpEVOqCOqz,control
joENWhWSN8b0o2xB,control
fNcp22bj8c3kUybi,variant
8sW6DawNakpC2MUg,control
LdJj173xDYjR1ZOg,variant
3Gtfv9ppHwcvBsL5,control
8PNuGcGhMkPBBCtQ,variant
EZqnJGuKHPrirel4,control
V3bbupJItHHtlSYw,control
4GgYSdVXoke3nQXN,variant
iRFuy3rkKE984EON,variant
rvqSwL3BgHbRbv53,control
aHK4k8AnhqmNUgoO,control
ToQJnD951UJndiG5,variant
27hoLCaLZAnhgxpa,variant
PlOjPIHiWvK7l6JP,variant
FqbEt1Lehp7Fci5J,variant
GfFrdRTBIYH3HWKG,variant
pLK7RqwkYH5yVshd,control
fxtcO5w4sacwaUeB,variant
VesRmDhqyl6TCQ2a,control
bVH6Gajrv00EbwcT,variant
R4xyOmj9feXMpQuP,control
6NeGc8ojajpERBKA,control
12kuKL4Hvj2dRewp,variant
3soYylGPh0cRMZL8,variant
eTMUV7F7wsAuHb00,variant
iE3F3jJyaveYG0qv,control
s8IIRsAkPBjIrefv,control
DrSad9PVVxqQ2uhT,variant
rGDiZkdbArKH1k2b,variant
ER3yPsFJgn6SaZGH,control
pE4b9lsoppBkfAqM,variant
kmVmhyO7KnuQRttP,control
AGEpg3pTdcDsAC21,variant
WRqauG2ykIJMXBtM,variant
Qy8ThFtVXROt4i0m,control
Lv7DKPwkn2pMB18X,control
NATjTtAvSFF2WLUN,control
e9N12igrTNaW5fnx,control
5qqRuVI55WHmnd9x,variant
ftFwOnvqNY0bWgIJ,control
XntBm44WRgce0ZGT,variant
6i0AoHrdH9SurZJI,variant
5gHTKbOpB17DEhLI,variant
grVJ5udFprHvAlOF,control
gNLR8NjJjgYclFYD,variant
juLtouEsQhPvTZTU,control
lqPl8EY8h96VrZAP,variant
0QfB9CrSQTTw44Jj,variant
ZArO0mwYNQwNX3WC,variant
j1Dv5EPwdNbnN2zv,variant
TNrhPJkT27pPoNUs,control
7hq4rbKVxqoYxwAv,variant
U9mWZlIBjj2SxBMK,control
iJIQ3W5b570OLwlY,control
uCJQKZAft1VQ3Ovw,control
HdFpdBBOvhzMDX0i,control
zP61k4yHAYjoXelh,variant
fxaySUk9wJNgASue,variant
G4pk1FXxi9JgB7wM,control
mYgu77MmJlhVQJ08,variant
U5RwH2wLCXxvlpaY,control
DJPPxMLF51F8lj4l,control
mo79D0mYVQarMlXR,control
iWd38ABx8d79BZtC,variant
GDcsuNut2GLiXEFO,control
wwZPpulfnvENUPBe,control
zZACp3zhkcbaatPE,control
XpYVcMfQKOJljI2M,variant
b4ENSoGbAXxAYEg9,control
z8vbpyp4wJWnNiNE,variant
Xg5SauChi5s3UI3A,control
uwQnl71eH42geIyD,variant
PkhLBlSHE2upxv5m,control
iSUhwWjO3qCWYYbk,variant
huWGXgOyiPVQLAR0,variant
7jVz9A3v3TWtzKJC,variant
1mgkQ3303RcRIaPa,control
GzQVcx4I88N6SpUP,variant
WInG5is5Dj0kzznp,variant
MDimMa2MbwHaOPPe,variant
MFjvx5IERZVXVu6j,control
AGpexRVA1nj4pCov,control
Q4f6YUACSBsG9j3k,control
RDnpg0dp7YIiWJiF,control
T4z4Rs0QdEmTjVtZ,control
fRVhI9oCXhiCwZ2l,control
BURoXIC5rNrjgbrP,control
YILjt4jm0xPYT8k4,variant
tpImTiEJ1nQlwWFV,variant
apX5kCbppAJGzkgL,control
LyZ3Xh5BfNCcJfWa,variant
oCol3f6ZKgNPMM2T,variant
d08jmgIe2rgLhMZ8,control
0QPzfr5LjiNlCuuA,variant
PlC9zXzYBnSyM6h9,control
oAOIedZu0tfC2NcJ,control
qWKWyRI54ub42kLq,variant
8EsCmuKeYBoAdLc3,control
CkYJA1MI4epuyDYX,variant
cKgMc5Ohur5jtNNW,variant
CWDJFf8sEGdkflKT,variant
EqdoLSljfv9OEphM,variant
T95JcCcYjTFufRFR,variant
BdDP8Rq2BMjaYE5F,variant
1tCK45yLa18oHwCX,control
mbN63ev62o4m2Dyu,variant
qJMHOHW0XLX61L9z,control
bHLO99JPZ9HSdkPm,variant
MJ1eMkAc6S9BIKnC,variant
ZK9qnEVZL23erroY,variant
dL00Oi67syWtn6hi,variant
uH3N416OmzP3S6KD,variant
U8tg1RtpbjOZIQBj,variant
mvHph4tj2CWXZ0PD,control
77xbHPuHFDnsD5OA,variant
py1yx78cxkFwl4Mu,control
KZHuzJWX6HirRPMD,variant
cX37b84coOc4LQHq,variant
cgEjYIB22taPmhxv,variant
AUG7zRc7D7Ljfq6g,variant
6nH3TfGrfrDdyTcT,control
eTYN5ejSL1tPm6ZP,control
a1DJSLhiO9TGK72W,variant
fq1wKbrLBnvaQPUO,variant
MRhAjH1TOGV6KhDt,control
a2Wg5kM9g08JtGU6,control
H7w3x8iwTVq3MHfc,control
0LL9hNioDWdC5GfC,variant
sKAkPipYr3mgqiFz,variant
PZvSB23pJyBCPaED,variant
NyZ0rKQ8YioCKe2R,control
iKjy82LjLtPi4cQk,control
dWBOLkYFrN19Tspc,variant
m3WY8K0VDn31YZJf,variant
FONFlQMyy14hPIfQ,control
dRIzEux2jgzBb7Rn,variant
gqovFzwzX3xv2AuK,variant
Qhn9bZgAhd6jT1Uj,control
pcwbakV5RK85t7u9,variant
DyUqNYwsRugfbcO7,variant
k7vX6V0PVitbXpzZ,variant
wn9uwldqEBZ01ZM7,control
JUnZ1EGivJDZii1l,variant
BpKW4fiQHE3gFWQ1,control
xDPzGzsaZtLVl6Qv,control
X2gvAn4mthTr5dww,control
dObTRvYX6Raj3HEn,control
ZVsTC3T2JDkD6v0b,variant
MyShFRg6vC6bLQWo,control
12tzkwOWZPddVawx,variant
8AgH8dbwVJ2vjPIO,variant
AxgYu6hXJeprLw3R,control
ZKYuSvm9Jkf9it89,variant
MxlPIMyAPalamMXN,variant
fCUXdwRhKbXdYwu0,variant
zNDGvlftgDQO4hqQ,control
BFViRdcRXJVgjGnr,control
G1zM3XqQBbNKFAE1,variant
dIFk40wU7wM3IqZW,variant
tQXF3LTeo9FHzYoi,variant
eHGucDe9xZpfNIzR,control
3a5t1TktMdLTPDJS,control
vNreRD2eMYnkZu7k,variant
FCcmf5VBEwLL0fvS,variant
5NWH8LLgaFvNcdqI,control
9wC4bT7f2Xxbl5eP,variant
omjvCWSgvdbv4xzv,control
ej29sOvAbuyviESa,control
oDmnQHy4GQu1FpeA,control
z9sv4jZoHDInwWgT,control
zCj7VDTTwjUz1rac,variant
OjCeeozzJd26zXCM,control
Zv9aBTMsO0l1Pf2I,variant
kaagQ7PCHgE73aKz,control
XCIKjeDXTdg1Y8tB,control
gkW8nhxY1E6bhAQ8,control
xYfkWpZCODSgpJEk,variant
sn5ohlQx8L2mrIC9,control
t1Hc9NIPE3gi180X,variant
6VqZgYexob4ouKnY,variant
byAZ0YL0sPVDWjEm,variant
mATssKOoBRJBXGR2,control
4viJfbQQzew7f8aI,variant
0OGzymqpRDbdmLqw,variant
CV44iobCHqnozHcr,control
KJ8MgwK7zZoxtKxn,variant
89FIwGb7mD8HkKlr,control
tWmfj8GXddOKPlZe,control
2yyGZotMlnvxltVB,control
3kvXG5nmyNpDaBEJ,variant
VSXb2PKQbGWJDZHr,variant
Jx1aTxuCmjmkL25f,variant
YjXmVXIUvqc7DHAS,variant
dGQEskZKot8KWhbL,variant
XAXnxIB3HqGwhG7s,variant
ldER32ulgrMkGvhM,control
E0AYBwOAjwGzmEAm,control
V258UHUgRleLfzso,variant
imIUHHCMATSlMbUJ,control
0r3fDu3v4kMNPggE,variant
3fzJi3Jc84RE0DEQ,control
QNDifyDzcvPSiXIg,variant
KViAB8SRG3618X9f,control
qwysZCEfKHx5j56k,variant
x9bX59CpwI4QvIf3,control
w8wDKPtk7x4rA0gV,variant
u3ohBuhBHUoRQK0A,control
OzlHEcz41f5tYNqO,variant
amrZuZlRlzPNBRyu,variant
VXWki0IJWCNqKVWh,control
0RUew1jUOUopA6F3,control
NYSTIKxEYIpN9Jl7,variant
pWeUetVLJ2FNkkQW,control
BlTENDtAyXHIQ1Ze,variant
NMhsQr1psoCo7Cqo,variant
NkcmLi2t81Vz4lWE,control
bGpe0q6W3NFo8lqj,variant
zRBBwtqZRh6XoOw0,variant
nNTAQmMQyzRkLiQG,control
YpWtgGmUIdEDcOAF,variant
UL5f49h1xoyARmte,control
Lg5eBKCPK6gTzU5s,variant
j3PtTEJTfoxDiaXU,control
o5fo6gTAjFuRK1LJ,variant
nPM7OVnbxjPfc9Hz,control
9jL1uZybJaRP7JRx,control
jYI7vTUHFpDJ68ED,variant
exTJAnKmtBYfivw8,variant
hag3888lMqXpdKii,variant
AlHwINiQmZXT54Qb,variant
UbCS4vQu6UfU4Bpa,control
whZ8hPakhUYETJhx,variant
ACRriJLnmNZx8Mnh,variant
lZEHJudk3PKOg29l,control
ecFNZIJlD9GNOczL,variant
ZOHcnSTnqolMORD9,variant
W6YgVIYYZEZNKnY5,variant
7B0lOfdG3ei9MrFE,control
7HNAKK71MRmdihTf,control
GfVqKmvXsB205QyR,control
hS5FU4kLrVALKTPJ,variant
OHo8mAsJmg8SaOup,variant
WCxsAVUaAnkwU7t0,control
zrJD0ds89ebj5WQ2,variant
QkYvQh9cO0N5rXvk,variant
bvOYohsiehGWooOg,variant
uTzaYzz9BizYmeTr,variant
0wBKe8AtJKHnUfAb,variant
ik1ekczni3sqW5Tx,control
nj28gmI8ELPK0Cfh,variant
yejwamKzsz7VXYP4,variant
4bOslRIF0mJaG0d3,control
bhpvji61gN8qDkQ2,variant
og8cwADV8pnZvXtj,control
5CdEneLdk1ylZEkM,variant
Fkg3bayiTZJCjAss,variant
00tC0cv3vCwN2zU0,variant
vLiuJX8VJFF9H8wz,variant
1pLWcSbJi6BxWSBg,control
zTaOSOIr3vmpUYCu,variant
PiClhjHUtpPSk4Vn,variant
